,is_canceled
57193,1
63881,1
11077,1
66455,1
111350,0
81118,1
35609,0
3321,1
61343,1
8773,0
17683,0
16333,0
3648,0
12751,1
23404,0
19118,0
40428,1
46742,1
97832,0
115869,0
114406,0
76198,0
86776,0
26377,0
81972,1
58501,1
113460,0
35882,0
807,1
15527,0
27883,0
13142,1
74900,1
2657,1
99740,0
90277,0
28447,0
48879,1
67748,1
105197,0
74761,0
11967,1
37133,0
78921,0
82875,1
112923,0
70660,0
31799,0
60324,1
5739,1
76293,1
66641,1
15916,0
99219,0
21775,0
28863,0
53851,1
3697,0
34275,0
27554,0
72416,1
113667,0
61591,1
79532,1
30270,0
69760,1
64336,1
111884,0
109128,0
36816,0
45270,0
26702,1
16934,0
68258,1
532,0
64098,1
20578,0
73718,1
94425,0
18688,0
82229,1
16524,0
70332,1
51677,1
97341,0
27421,0
57561,1
99606,0
88167,0
117964,0
88867,0
33794,0
39325,0
37249,0
57752,1
16422,0
36918,0
77738,0
86856,0
48244,1
26743,0
89022,0
49851,1
50426,1
57959,1
100378,0
21513,0
63105,1
109854,0
117380,0
19516,0
18238,0
83725,0
51636,1
57880,1
79769,0
81304,0
58139,1
6842,0
45984,1
15030,0
53125,1
97565,0
12239,1
97969,0
82950,0
14527,0
61103,1
74494,1
12560,1
90672,0
68988,1
103572,0
41078,0
47369,1
65613,1
95528,0
63099,1
104755,0
60117,1
63801,1
28948,0
28793,0
5024,1
7186,1
24303,0
133,0
16095,0
101076,0
90600,0
37229,0
66725,1
83283,0
111306,0
106382,0
67238,1
88316,0
58500,1
92279,0
48031,0
26095,0
49269,1
90215,0
36462,0
67479,1
88947,0
95715,0
68196,1
85459,0
6564,1
29680,0
8205,1
17197,0
68700,1
117113,0
24325,0
55055,1
1066,1
10219,1
9114,1
42976,0
113931,0
65457,1
108688,0
23030,0
54554,1
71851,1
41373,0
77295,0
87157,0
45173,1
99731,0
1436,1
57304,1
22810,0
1907,0
66437,1
116377,0
65855,1
7628,1
26136,0
81978,1
23279,0
117473,0
36870,0
72623,1
97379,0
54092,1
39569,0
38502,0
98652,0
112369,0
85187,0
78221,0
82480,0
29470,0
41793,0
67581,1
91685,0
36068,0
71529,1
79666,0
73167,1
27104,0
1765,0
79464,1
102189,0
72727,1
30929,0
76139,1
17348,0
94804,0
64226,1
14161,0
99770,0
52723,1
50046,1
3054,1
96462,0
66915,1
4932,1
17087,0
79364,1
27799,0
92855,0
4937,1
105217,0
78242,1
43301,0
50102,1
51772,1
80995,1
41010,1
16963,0
25842,0
42809,0
78652,0
24583,0
67548,1
63962,1
105030,0
81705,1
73803,1
113277,0
7995,1
109834,0
25168,0
118922,0
94594,0
61505,1
10031,1
86553,0
96436,0
27793,0
61028,1
108764,0
73384,1
33085,0
87974,0
36980,0
80514,1
46705,1
107861,0
94558,0
22081,0
112639,0
25563,0
42707,0
12203,1
107797,0
13687,1
103150,0
11503,1
80054,0
39878,0
50451,1
904,0
70364,1
43238,0
50436,1
88395,0
13248,1
93793,0
52420,1
105892,0
44039,1
63778,1
100652,0
105785,0
98886,0
52676,1
44616,0
24100,0
77018,0
114292,0
102091,0
10400,1
114671,0
57759,1
33740,0
100015,0
5081,0
47856,1
7426,1
104687,0
44449,0
49147,0
45489,1
83783,0
34055,0
2434,0
119159,0
70505,1
44769,0
115811,0
103292,0
117587,0
48609,1
38155,0
108718,0
41915,1
52367,1
11360,1
83546,0
60588,1
66583,1
115992,0
47586,1
27803,0
53343,1
114200,0
51619,0
114359,0
82537,0
86846,0
48316,1
37350,0
50812,1
77763,1
31381,0
26123,0
92807,0
100720,0
24902,0
114691,0
7562,0
89910,0
49566,1
36593,0
13243,1
64315,1
14223,0
54518,1
57899,1
23186,0
116995,0
55887,1
59773,1
27059,0
96877,0
40134,1
27775,0
95408,0
73078,1
94304,0
117967,0
73458,1
3649,0
119097,0
33827,0
44024,0
117329,0
72695,1
73855,1
76929,1
65193,1
7615,1
116296,0
77647,0
47949,1
67102,1
80616,0
27943,0
54799,1
16943,0
54197,1
108522,0
74014,1
67864,1
105947,0
40632,1
6172,1
32083,0
12855,1
112207,0
98563,0
77262,1
5792,1
23283,0
60486,1
101752,0
7098,1
111588,0
71925,1
31502,0
25856,0
114015,0
113660,0
82644,0
60235,1
103794,0
79605,0
54171,1
97313,0
240,0
95532,0
64022,1
48631,1
50844,1
45277,0
106610,0
43113,1
55245,1
95660,0
59341,1
105352,0
98400,0
90272,0
106962,0
54264,1
117053,0
53579,1
77156,0
19355,1
30309,0
118847,0
26669,0
76769,1
93103,0
83535,0
96002,0
95611,0
64678,1
113942,0
28237,0
72547,1
63040,1
26038,0
46716,1
15590,0
56730,1
65016,1
106607,0
36712,0
72850,1
10923,1
113696,0
45070,0
4134,0
26949,0
116018,0
50757,1
47022,1
53236,1
40379,0
18824,1
21586,0
19432,0
17143,0
37407,0
23036,0
32111,0
36146,0
104258,0
92851,0
40356,0
83530,0
19953,0
97592,0
42527,0
93144,0
49661,1
81983,1
106571,0
91974,0
17622,0
74561,1
78637,1
77232,1
68630,1
56894,1
95016,0
90624,0
109565,0
1809,0
33323,0
45869,0
17854,0
83110,0
55066,1
4572,0
114356,0
6603,1
45280,0
71295,1
116184,0
111062,0
11166,1
83732,0
43589,0
66698,1
83880,0
44382,0
12869,1
38026,0
37318,0
89900,0
16203,0
106505,0
70231,1
57863,1
49934,1
27419,0
86220,0
101330,0
89973,0
61741,1
70679,1
104683,0
109962,0
92480,0
7680,1
60005,1
49315,1
76759,0
98436,0
21068,0
109314,0
61945,1
1719,0
81902,1
33716,0
116712,0
37444,0
73634,1
114060,0
49240,1
100448,0
112027,0
45131,0
107498,0
8762,0
8351,1
115779,0
25521,0
84969,0
14561,0
84832,0
16633,0
48111,1
34477,0
51306,1
98512,0
98531,0
79821,0
31517,0
629,0
6648,0
14286,0
66940,1
117649,0
2258,1
57695,1
48103,1
102872,0
118760,0
8003,1
15583,0
36121,0
10551,1
61598,1
21688,0
36139,0
34110,0
24832,0
26655,0
47082,1
3644,1
1243,0
117044,0
52150,1
55893,1
93792,0
13582,1
521,0
106553,0
86037,0
15484,0
112638,0
114657,0
83265,0
44199,0
16378,1
81438,0
41591,1
84715,0
38897,0
94775,0
23489,0
103884,0
20028,0
71574,1
5988,1
75939,1
16682,0
70375,1
71922,1
71694,1
97607,0
65399,1
61887,1
24364,0
50516,1
69205,1
14338,0
65924,1
38253,0
81612,1
13817,0
69382,1
22424,0
106470,0
101590,0
20653,0
51460,1
72326,1
42741,1
64890,1
84788,1
29849,0
114183,0
107468,0
69485,1
91206,0
56792,1
22441,0
5225,0
21807,0
72552,1
109992,0
61647,1
68776,1
109558,0
3183,0
109118,0
59959,1
13542,1
53618,1
59904,1
108518,0
48896,1
1522,0
44357,0
68504,1
27851,0
23808,0
88123,0
104731,0
110780,0
15660,1
85921,0
10827,1
109723,0
84780,0
46213,0
113800,0
55605,1
91771,0
42046,1
50195,1
9163,1
106794,0
5672,1
59042,1
79472,0
78391,0
56232,1
62989,1
94483,0
84444,0
96601,0
52748,1
28677,0
18763,0
95569,0
55203,0
78164,0
101221,0
84009,0
25677,0
110063,0
24630,0
60242,1
50988,1
82330,0
32173,0
77837,0
10777,1
31466,0
53059,1
78503,0
112632,0
81297,0
431,0
75634,1
86929,0
104403,0
16857,0
117761,0
1786,0
2315,1
89398,0
81996,1
69941,1
56710,1
49593,1
15302,0
108707,0
4145,1
107152,0
103118,0
39223,0
100798,0
63848,1
51753,1
115317,0
75873,1
62639,1
118348,0
86909,0
61051,1
28200,0
64805,1
80016,0
43705,0
69027,1
87759,0
86316,0
86342,0
65999,1
49842,1
118366,0
62074,1
27764,0
69363,1
51799,1
109929,0
40368,0
106951,0
72002,1
118345,0
14249,0
99433,0
115089,0
29633,0
116522,0
96847,0
110135,0
87301,0
113349,0
54459,0
41498,0
10949,1
111101,0
11173,1
85315,0
101375,0
57925,1
70800,1
13682,1
47889,1
118520,0
105786,0
26425,0
98094,0
53049,1
39608,0
99194,0
33640,0
12844,1
86383,0
44236,0
66499,1
4224,1
61178,1
27499,0
48665,1
64876,1
99874,0
18944,0
22560,0
107943,0
64249,1
5921,1
93272,0
35230,0
90152,0
57828,1
67537,1
95981,0
93345,0
113074,0
20095,0
13321,1
11050,1
108580,0
26778,0
108720,0
37908,0
64547,1
81581,1
75826,1
6985,1
93198,0
25910,0
54591,0
100489,0
74733,1
31814,0
6872,1
110540,0
59078,1
68801,1
10201,1
15553,0
114088,0
40415,0
11557,1
49531,1
61408,1
101685,0
83052,0
29159,0
80533,0
110312,0
75277,1
16904,0
819,1
108006,0
113653,0
28743,0
91356,0
99883,0
64710,1
63783,1
103013,0
1448,1
3607,1
84058,0
11494,1
42832,1
57002,1
96108,0
69514,1
19946,0
14765,1
45346,1
86121,0
63570,1
83347,0
83674,0
88649,0
4219,1
994,0
115786,0
24504,0
112980,0
35281,0
83629,0
29161,0
130,0
77137,0
42412,0
85943,0
44339,0
61015,1
74681,1
66950,1
111644,0
105686,0
32872,0
35406,0
115183,0
5710,1
35965,0
84121,0
53608,1
77228,0
28872,0
3590,1
53307,1
59556,1
25133,0
35547,0
54259,1
20833,0
108188,0
81874,1
1332,0
37610,0
42206,0
24036,0
5684,1
48384,1
12062,1
67558,1
5149,1
73237,1
46601,0
51876,0
114561,0
115640,0
101114,0
87117,0
79091,0
34974,0
92001,0
72689,1
36717,0
119315,0
46732,0
20932,0
20105,0
41472,0
86083,0
105139,0
48714,1
96604,0
77248,1
117480,0
30013,0
72451,1
78974,1
71187,1
266,0
37905,0
3962,0
16170,0
66544,1
67806,1
95613,0
113182,0
37357,0
3020,1
82967,0
39454,0
36732,0
104961,0
3805,1
27452,0
59777,1
94814,0
69409,1
91824,0
71904,1
22488,0
64846,1
42326,0
78802,0
5228,1
58881,1
69173,1
54023,1
18481,0
12990,1
44715,0
6224,0
85108,0
32110,0
84305,0
99625,0
5883,0
46767,0
79550,0
83929,0
116764,0
23059,0
36788,0
23016,0
35829,0
7461,1
46612,0
89221,0
76989,0
112774,0
107465,0
57704,1
21119,0
81727,1
94874,0
105074,0
116038,0
104997,0
71289,1
102592,0
5873,1
1899,0
33579,0
97083,0
100477,0
104194,0
38461,0
84185,0
107749,0
91277,0
103812,0
69320,1
5402,1
42898,0
4016,1
18814,0
109005,0
90644,0
9470,1
101517,0
111482,0
101104,0
61566,1
105919,0
78207,0
7602,1
60705,1
11607,1
90,0
14246,0
76118,1
82957,0
21471,0
114941,0
25156,0
113117,0
46819,0
7483,1
90416,0
3452,0
80546,1
81992,1
22456,0
1916,0
9955,1
117212,0
116847,0
78553,0
38125,0
103296,0
2820,1
15728,0
106749,0
81835,1
62311,1
110407,0
13307,1
65665,1
42048,1
39861,0
56142,1
27184,0
66311,1
106451,0
44654,0
83079,0
83679,0
73827,1
98369,0
115536,0
58567,1
94309,0
73217,1
111501,0
84222,0
47142,1
75708,1
24465,0
66634,1
13311,1
55508,1
13602,1
24794,0
23490,0
13904,0
76906,1
89498,0
38683,0
78211,0
18544,0
49970,1
110252,0
47702,1
93997,0
50677,1
86011,0
72481,1
76783,1
1087,0
89137,0
22843,0
25146,1
107253,0
77563,0
42819,1
10367,1
90197,0
80095,1
2254,1
87200,0
79830,0
14493,0
119348,0
98773,0
94528,0
24424,0
20680,0
74322,1
10425,1
45563,0
39277,0
89091,0
10123,1
75236,1
84041,0
50413,1
35504,0
25502,0
36760,0
72994,1
43974,0
98744,0
101657,0
69251,1
42153,0
34747,0
118591,0
61723,1
5044,1
36069,0
116498,0
100609,0
61929,1
54740,1
905,0
79463,1
116126,0
99371,0
116729,0
5984,1
22931,0
45468,1
109825,0
99055,0
39077,0
86643,0
71578,1
13042,1
41091,0
2592,0
111747,0
397,1
15074,1
26430,0
17901,0
85289,0
82744,1
31641,0
54163,0
71214,1
76468,1
96300,0
58189,1
82620,0
2358,0
107573,0
108260,0
119382,0
90552,0
65161,1
80624,0
30478,0
11237,1
116953,0
901,0
10024,1
95587,0
60313,1
68067,1
113884,0
113562,0
104767,0
115825,0
50105,1
106321,0
65503,1
70356,1
92470,0
117624,0
52936,1
19978,0
6719,1
26503,0
43726,0
72353,1
115036,0
57235,1
48741,1
35746,0
51829,1
82855,1
61487,1
34199,0
52354,1
56716,1
93999,0
108650,0
105208,0
109750,0
29544,0
56701,1
88373,0
1127,0
103782,0
53828,1
31836,0
83992,0
29231,0
109467,0
21367,0
55085,1
88921,0
13745,1
80381,1
66296,1
60051,1
113441,0
80068,0
116672,0
67763,1
38958,0
4962,0
19699,0
112201,0
106010,0
88445,0
13673,1
80511,1
50241,1
62482,1
27123,0
75036,1
78144,0
84048,0
70110,1
98235,0
52474,1
7711,1
70579,1
114289,0
113950,0
63549,1
107912,0
53772,1
118938,0
70488,1
86919,0
65783,1
17701,0
42097,0
44377,0
91906,0
65735,1
5071,0
115952,0
90333,0
2039,0
52836,1
30848,0
33720,0
68735,1
110221,0
90852,0
81906,1
74379,1
79792,1
115916,0
83171,0
84813,0
117148,0
51828,0
99059,0
391,0
2066,0
106657,0
74277,1
35867,0
31573,0
23373,0
110845,0
56804,1
112333,0
55207,1
75541,1
34987,0
42262,0
15661,1
28206,0
69202,1
73741,1
13765,1
100765,0
3694,0
36920,0
84449,0
109932,0
44609,1
10666,1
81088,0
47839,1
54107,1
24231,0
62258,1
103724,0
101185,0
20418,0
31193,0
94202,0
50895,1
115849,0
14186,0
26779,0
59755,1
58616,1
76364,0
58625,1
15156,1
1857,0
82640,0
40004,0
113968,0
23355,0
77984,1
42907,1
35631,0
107001,0
78668,0
112335,0
25330,0
67959,1
55651,1
93968,0
56336,1
9958,1
41315,0
50039,1
77349,1
101352,0
36060,0
38112,0
87959,0
6066,0
51228,1
73877,1
52725,1
83541,0
51268,1
36981,0
90499,0
35032,0
41574,0
54593,0
64386,1
19944,0
87673,0
55205,1
5897,0
78175,0
89268,0
56809,1
9716,1
74926,1
23516,0
81813,1
66080,1
91270,0
37488,0
110747,0
60464,1
13279,1
115205,0
61110,1
80833,0
64831,1
28296,0
88084,0
14589,0
16657,0
82832,1
86581,0
90293,0
54281,1
33277,0
51819,1
51928,0
64458,1
85705,0
54465,1
74599,1
92574,0
54155,1
8569,0
29094,0
56240,1
75091,1
69807,1
73330,1
82797,1
102173,0
8601,1
52379,0
84196,0
79054,0
8538,1
111177,0
85667,0
76767,1
94207,0
41246,1
93798,0
107077,0
50955,1
2356,0
91162,0
110683,0
103106,0
110779,0
16798,0
64901,1
5636,1
108507,0
32674,0
600,0
28655,0
11472,1
42312,0
83069,0
71126,1
90371,0
29587,0
56218,1
42619,0
86631,0
9477,1
63746,1
26399,0
98112,0
50077,1
105258,0
75606,0
107619,0
106907,0
112305,0
117434,0
114760,0
48524,0
76538,1
71466,1
80312,1
74693,1
66206,1
7163,1
93897,0
24749,0
79752,0
86700,0
31643,0
58793,1
97489,0
49840,1
59257,1
58551,1
54248,1
109120,0
36808,0
106764,0
68004,1
49123,1
108381,0
17537,0
16073,0
74717,0
79129,0
78876,0
50266,1
35593,0
80722,1
88935,0
79438,1
25555,0
36067,0
47715,1
86074,0
16015,0
118650,0
115492,0
85934,0
58097,1
16668,0
10635,1
77548,1
97330,0
99077,0
96243,0
29711,0
1999,1
107156,0
4053,1
91990,0
5736,0
59083,1
110939,0
54162,1
99833,0
26237,0
26102,0
102268,0
41688,0
76781,1
475,0
27926,0
28515,0
104345,0
48731,1
66427,1
98843,0
29373,0
37825,0
54090,1
61742,1
88960,0
17169,0
17208,0
52973,1
62419,1
87931,0
73048,1
42349,1
54471,1
67148,1
75697,1
54976,1
95040,0
43473,1
12349,1
51962,1
92337,0
109888,0
71339,1
81825,1
4184,1
74397,1
92332,0
8274,0
25537,0
19998,0
67611,1
17580,0
45343,0
119057,0
29458,0
40300,1
88059,0
45728,0
78186,0
48927,0
78088,1
55783,1
9714,1
102099,0
100590,0
88928,0
97629,0
9652,1
9542,1
64049,1
76878,1
70062,1
38073,0
84791,0
80572,1
97995,0
32951,0
41361,0
74848,1
81984,1
112514,0
21264,0
11530,1
79029,0
117355,0
16677,0
24808,0
89198,0
43634,0
110308,0
79180,0
10346,1
117834,0
119215,0
114821,0
108581,0
6386,1
40628,0
24761,0
67515,1
39558,0
38139,0
58372,1
3171,1
4954,0
116656,0
54439,1
12450,1
99429,0
12699,1
58978,1
95341,0
17868,0
102380,0
42066,1
48680,1
69598,1
66929,1
57408,1
19305,0
2897,0
41777,0
29167,0
29082,0
75442,1
108060,0
31071,0
90263,0
83585,0
90559,0
27438,0
81111,1
32353,0
67067,1
20376,0
4398,1
85085,0
6352,0
84309,0
13998,0
37828,0
68778,1
61113,1
66151,1
45746,0
68422,1
84912,0
20800,0
70041,1
104269,0
25899,0
100670,0
104959,0
64694,1
38154,0
24011,0
13247,1
68250,1
32125,0
74995,1
24182,0
48240,1
13518,1
12305,1
55392,0
18959,0
83126,0
81749,1
111672,0
79156,0
2926,1
63410,1
34869,0
65380,1
48910,1
103281,0
437,1
74854,1
86366,0
97218,0
59665,1
4709,1
2651,1
66378,1
1608,0
24168,0
79466,1
31046,0
29579,0
98064,0
108126,0
86836,0
116958,0
34704,0
15899,0
446,1
52717,1
31694,0
51261,1
87459,0
40303,1
89442,0
20284,0
25936,0
77235,0
21282,0
28162,0
66307,1
11233,1
46434,0
93245,0
19951,0
88454,0
102709,0
31583,0
103059,0
33681,0
40257,1
38027,0
78941,0
29712,0
91136,0
118651,0
80169,0
112671,0
44727,0
66692,1
59660,1
91724,0
47061,1
56345,1
55549,1
44887,0
78123,1
42068,1
2366,1
65459,1
112349,0
87723,0
61471,1
28397,0
72650,1
114876,0
28031,0
30857,0
89390,0
36137,0
53833,1
64131,1
72585,1
74344,1
53082,1
88037,0
21799,0
41664,0
79219,0
79803,1
2601,0
12798,1
41541,0
56393,1
57618,1
17046,0
63313,1
4985,1
108310,0
70892,1
50449,1
15524,0
23179,0
86964,0
45110,0
14866,1
7855,1
115923,0
49256,0
117627,0
45085,1
55472,1
33900,0
92868,0
76019,1
32905,0
2448,0
89241,0
51269,1
105471,0
111380,0
79909,0
70173,1
29960,0
41747,0
42605,0
58002,1
119023,0
74937,1
14966,0
83865,0
285,0
105637,0
20866,0
103820,0
14475,0
76705,1
12926,1
83547,0
24698,0
7225,1
89731,0
44009,0
5808,1
5679,1
17903,0
72478,1
9225,1
84090,0
40266,0
51038,1
6572,1
93976,0
109740,0
97015,0
101513,0
64470,1
4372,1
2776,0
16920,0
2256,0
5373,1
24315,0
90830,0
98889,0
28107,0
109650,0
109226,0
54297,1
95963,0
119169,0
21301,0
17872,0
8528,1
28141,0
17865,0
37434,0
29996,0
29664,0
115529,0
4726,0
39265,0
88608,0
35214,0
747,0
107364,0
88133,0
78198,1
94316,0
7991,1
13125,1
37105,0
57322,0
72656,1
80607,0
106454,0
113608,0
29922,0
43573,0
27727,0
24379,0
37120,0
17770,0
17592,0
51176,1
33919,0
34748,0
95416,0
103454,0
14433,0
117647,0
33802,0
28606,0
28324,0
60945,1
51812,1
58337,1
37085,0
9725,1
1268,1
111150,0
88679,0
82608,0
42834,1
116481,0
42466,0
79946,0
86811,0
106976,0
67082,1
99604,0
108057,0
23564,0
78217,0
44569,0
56230,1
70107,1
23366,0
100222,0
73003,1
58037,1
91327,0
101105,0
85210,0
117981,0
53464,1
66405,1
30337,0
5089,0
4788,0
97276,0
74093,1
35820,0
47783,0
73788,1
112681,0
106806,0
43262,0
83340,0
17402,0
28673,0
49197,1
2261,0
118224,0
52601,1
86017,0
35075,0
61665,1
34105,0
114427,0
105520,0
96527,0
31188,0
76897,0
27159,0
102678,0
21079,0
39597,0
101907,0
48380,1
82900,1
32927,0
25809,0
15867,0
13918,1
41354,0
114228,0
56432,1
71288,1
37865,0
96316,0
104221,0
30199,0
37575,0
117571,0
20644,0
26754,0
89895,0
107341,0
4011,1
110426,0
27457,0
112268,0
66831,1
96863,0
38221,0
55454,1
81206,0
56313,1
60551,1
40978,0
10053,1
7913,1
33475,0
56807,1
29650,0
53331,1
52004,1
26631,0
54378,1
47464,1
25305,0
92054,0
21537,0
82363,1
29524,0
72071,1
66737,1
27898,0
46051,1
107900,0
13775,1
53175,1
41665,0
72467,1
70327,1
75288,1
62187,1
63148,1
63041,1
14487,0
46793,0
63636,1
95495,0
16543,1
17832,0
68925,1
15743,0
12532,1
102584,0
63466,1
14603,0
79468,1
104518,0
73563,1
58125,1
581,0
39419,0
88612,0
86982,0
71772,1
129,0
74158,1
105827,0
70586,1
90695,0
70014,1
84349,0
31515,0
84109,0
41383,1
3483,1
91604,0
107328,0
10798,1
89866,0
77377,1
18538,0
2865,0
53954,1
105850,0
49893,0
111436,0
42928,0
101266,0
7455,1
114640,0
17783,0
84483,0
44447,1
51991,1
38473,0
111153,0
37378,0
89080,0
71404,1
68964,1
35182,0
75433,1
33463,0
113115,0
91180,0
18366,1
46216,0
110077,0
77148,0
22057,0
18104,0
86496,0
101887,0
39638,0
19178,0
95780,0
96140,0
16978,0
105365,0
11475,1
48398,1
31539,0
54266,1
8979,1
103153,0
42186,0
44463,1
104624,0
12813,1
21823,0
24137,0
41322,1
14582,0
68905,1
99640,0
20970,0
117618,0
2397,0
115864,0
41833,0
94265,0
112585,0
110447,0
21206,0
6239,1
103249,0
55847,1
60727,1
6180,1
23342,0
92477,0
61565,1
60391,1
18524,0
103735,0
38031,0
106875,0
85379,0
55146,1
82013,1
117268,0
51784,1
40083,0
87572,0
46528,0
116445,0
83816,0
75927,1
2575,0
40234,1
72471,1
34887,0
1061,0
38150,0
114275,0
95378,0
74945,1
43665,0
103204,0
7605,1
25033,0
97398,0
91840,0
3486,1
83225,0
64656,1
3253,0
19100,0
104415,0
11362,1
48033,1
85714,0
75799,1
69497,1
950,1
91476,0
13453,1
10470,1
49529,1
43311,1
18027,0
28234,0
103680,0
43635,0
111582,0
52326,1
14119,0
106185,0
35263,0
74138,1
19428,0
10567,1
84114,0
63866,1
1462,1
104745,0
71327,1
80779,1
7449,1
107930,0
111161,0
81290,0
8438,0
80791,0
90380,0
4983,1
16147,0
82589,0
76992,0
65132,1
103766,0
12835,1
115003,0
112182,0
17943,0
50192,1
98576,0
19887,0
118951,0
45008,1
85742,0
11250,1
38271,0
93162,0
32814,0
27050,0
30527,0
78440,1
4670,1
14264,0
4297,1
95917,0
56937,1
10136,1
16764,0
59962,1
83752,0
7488,1
78614,0
79804,1
13726,1
111426,0
97480,0
98749,0
79114,0
100340,0
49098,1
116593,0
53996,1
96751,0
6581,0
102436,0
4071,1
76806,0
78147,1
89063,0
112237,0
92437,0
26192,0
105621,0
110333,0
12587,1
32361,0
113560,0
62674,1
111677,0
99752,0
17919,0
13355,1
100225,0
69313,1
31104,0
108451,0
15342,1
117560,0
42077,0
85731,0
82890,1
107945,0
11216,1
39501,0
45132,0
37476,0
69303,1
39391,0
19818,0
21924,0
53277,1
2190,1
92454,0
53512,1
98662,0
16641,0
114353,0
93089,0
23893,0
118802,0
118456,0
38172,0
48375,1
87359,0
28785,0
84712,0
119160,0
43915,1
94954,0
97695,0
62520,1
75190,1
84646,0
76623,0
106760,0
53820,1
35073,0
74796,1
5711,1
78240,1
79422,1
45800,1
907,0
64236,1
22912,0
44372,1
82112,0
64950,1
60183,1
18403,0
113426,0
77866,0
103830,0
49993,1
15110,1
42679,0
76966,1
43954,1
1424,1
38378,0
117130,0
5500,1
62434,1
106942,0
93558,0
25757,0
86384,0
25732,0
26472,0
53150,1
72382,1
44490,1
14192,1
97467,0
87814,0
35209,0
63974,1
43754,0
24719,0
58620,1
61239,1
49271,0
11023,1
51686,1
20985,0
61971,1
5338,1
29904,0
97100,0
56580,1
21539,0
52966,1
2242,0
84040,0
98120,0
26646,0
32235,0
102047,0
87944,0
89531,0
20181,0
67983,1
27376,0
43814,0
51167,1
78378,1
19494,0
42277,0
17754,0
44539,0
38468,0
55353,1
60575,1
86114,0
45709,0
27033,0
72941,1
76799,0
5620,1
29646,0
118507,0
8269,0
45300,0
26357,0
14200,0
68578,1
42602,0
63153,1
37907,0
17864,0
66195,1
46258,0
7826,1
17045,0
98048,0
47523,1
23606,0
80215,0
88320,0
101591,0
84540,0
58694,1
104708,0
29377,0
19790,0
39427,0
34822,0
27961,0
49985,1
99647,0
56813,1
42253,0
19795,0
107263,0
61374,1
94916,0
22883,0
63666,1
117759,0
102543,0
83950,0
53627,1
77824,0
52172,1
11123,1
42358,1
1269,0
10799,1
25683,0
76936,1
102105,0
15096,1
28590,0
53479,1
88296,0
54699,1
60163,1
73255,1
63326,1
117678,0
86116,0
79727,1
33263,0
5250,1
3949,1
111909,0
117817,0
46375,1
32082,0
85524,0
75790,1
54661,1
117010,0
19249,0
53912,0
111608,0
31959,0
59731,1
25281,0
91330,0
15862,0
101234,0
76651,0
72048,1
79399,0
106803,0
14507,0
18665,0
31534,0
11658,1
64635,1
21410,0
50300,1
21494,0
18786,0
14666,0
114853,0
56060,1
35632,0
95330,0
48585,0
56785,1
10943,1
15919,0
98491,0
7016,1
91803,0
59746,1
29068,0
63215,1
79465,1
67783,1
9366,1
92801,0
7182,1
100636,0
50552,1
100811,0
64579,1
101029,0
5945,1
55218,1
20640,0
43804,0
51704,1
110978,0
54540,1
33721,0
65587,1
32845,0
93657,0
87277,0
114922,0
84412,0
25577,0
103723,0
45589,1
44722,0
113114,0
90998,0
23269,0
51065,1
37110,0
115411,0
117187,0
55103,1
41914,1
75977,1
10458,1
43806,0
107138,0
99758,0
68872,1
106911,0
114476,0
67485,1
99385,0
32388,0
49752,1
85487,0
115785,0
32338,0
68651,1
90904,0
4636,1
895,0
60511,1
45405,0
102685,0
98640,0
36525,0
11789,1
102413,0
111438,0
23268,0
37710,0
57933,1
72548,1
54013,1
95115,0
115554,0
68500,1
73328,1
44285,1
75025,1
34671,0
97975,0
48548,1
51855,0
7140,1
25838,0
110139,0
31383,0
80495,1
86142,0
30960,0
15613,0
45504,0
3199,0
44586,1
118782,0
73054,1
63606,1
9269,1
18936,0
12414,1
113427,0
166,0
13650,1
69921,1
19977,0
74639,1
100922,0
14068,0
62612,1
104757,0
23783,0
23942,0
31982,0
102833,0
78839,0
85730,0
81351,0
69570,1
56394,1
20990,0
1926,0
111780,0
33094,0
92400,0
89688,0
100909,0
7306,1
62710,1
14712,1
105180,0
44239,0
36856,0
23851,0
77328,0
104733,0
105153,0
20710,0
28483,0
5777,0
69946,1
21631,0
18234,0
31529,0
45150,0
56350,1
47028,0
72449,1
79339,0
43492,0
49356,1
7802,1
1000,0
64818,1
62157,1
31316,0
31663,0
105020,0
9991,1
57440,0
2796,0
83870,0
95504,0
74731,1
87046,0
84336,0
65175,1
114312,0
100528,0
68977,1
10105,1
83831,0
40350,0
2668,0
44925,1
70383,1
80280,0
114257,0
90809,0
104283,0
80338,0
55492,1
78255,1
60205,1
11061,1
86520,0
72304,1
41872,0
107771,0
29457,0
26984,0
97974,0
99027,0
88002,0
99745,0
73957,1
99751,0
30180,0
92661,0
32395,0
79228,1
118896,0
61907,1
101280,0
51605,0
67215,1
23393,0
12692,1
27528,0
22548,0
22063,0
61455,1
45013,1
33973,0
99150,0
22545,0
27538,0
53858,1
15159,1
8288,0
52302,1
78373,0
16678,0
23067,0
3325,1
40895,0
13837,0
75788,1
80184,0
41928,0
11348,1
105905,0
110806,0
4999,1
53611,1
78947,0
41673,1
37296,0
33473,0
684,0
83467,0
111018,0
8376,1
59255,1
15384,0
42030,1
17419,0
74725,0
24750,0
56114,1
32720,0
30036,0
4901,1
113563,0
48155,0
17394,0
32919,0
25972,0
102706,0
47408,0
72217,1
107029,0
14673,0
33991,0
6979,1
36697,0
71070,1
115702,0
66228,1
108551,0
88808,0
9576,1
31399,0
106862,0
9532,1
51204,1
26383,0
113829,0
87609,0
108851,0
106288,0
6,0
23582,0
53601,1
88170,0
30781,0
95861,0
50912,0
8819,1
4934,1
9691,1
69610,1
3498,1
28592,0
80374,1
33700,0
90656,0
49649,1
95,1
55689,1
80449,1
70054,1
65054,1
31967,0
16367,0
11831,1
4817,0
89695,0
92828,0
23103,0
22784,0
40960,0
88583,0
89759,0
57362,1
21003,0
96901,0
84261,0
10539,1
117176,0
105702,0
28945,0
99630,0
42230,0
25904,0
11775,1
2057,1
56192,1
80472,1
8663,1
88187,0
1825,0
40810,1
78436,0
55179,1
8327,0
77626,0
19015,0
35537,0
56468,1
22421,0
16403,0
4077,1
61570,1
98181,0
77187,1
62865,1
59717,1
51696,1
111894,0
3281,0
40397,0
35096,0
83122,0
36055,0
74072,1
52589,1
101550,0
105946,0
78099,0
436,0
93635,0
19817,0
78149,0
107457,0
101153,0
77808,1
105355,0
9340,1
56100,1
114662,0
60133,1
24975,0
23250,0
25748,0
46598,0
82455,1
2683,1
46384,1
19119,0
110953,0
60053,1
31187,0
66242,1
88080,0
37626,0
90108,0
68171,1
196,0
40662,1
23546,0
111323,0
87125,0
108489,0
117719,0
17846,0
68591,1
24247,0
38591,0
31137,0
11164,1
59374,1
34888,0
38105,0
32990,0
71668,1
46545,0
65596,1
4061,1
23249,0
1358,0
79246,1
56257,1
33699,0
32775,0
10642,1
10342,1
96646,0
98499,0
97589,0
44780,0
63506,1
68432,1
48142,0
19371,0
80761,1
44557,0
93534,0
111424,0
2995,1
95883,0
45020,1
50125,1
113683,0
112168,0
22606,0
35997,0
49921,1
49718,1
67438,1
35025,0
112545,0
26859,0
76352,0
98069,0
64610,1
40853,1
53551,1
51127,1
76690,0
50233,1
42841,0
81790,1
109352,0
47120,0
88447,0
32532,0
51,0
15293,0
117084,0
73796,1
69395,1
63730,1
71300,1
73609,1
96880,0
1204,0
75888,1
97084,0
37961,0
110541,0
79900,0
48969,1
14852,1
105491,0
109618,0
78897,0
43580,0
33474,0
75257,1
63538,1
105551,0
23028,0
117038,0
118695,0
70343,1
68716,1
88659,0
41855,0
13227,1
95627,0
111319,0
40044,0
72047,1
84178,0
42769,1
19505,0
6891,1
83400,0
91012,0
28814,0
23419,0
11739,1
83256,0
6859,0
111733,0
55030,1
119271,0
14268,0
64054,1
38015,0
114582,0
2913,0
19214,1
72432,1
48538,1
110428,0
68377,1
31109,0
57252,1
108137,0
96643,0
25245,0
98724,0
42988,0
53906,1
98433,0
66530,1
76183,1
88577,0
35569,0
33704,0
112994,0
67243,1
8216,1
35891,0
43719,0
41392,1
71213,1
42317,0
114723,0
1315,1
75679,1
109266,0
32758,0
21915,0
6763,1
47548,0
35591,0
59149,1
52569,1
44226,0
37423,0
64232,1
26043,0
118363,0
38625,0
79307,0
85182,0
89456,0
109977,0
33023,0
30849,0
117902,0
19789,0
11220,1
73226,1
48532,1
39067,0
3261,1
63260,1
19134,1
22472,0
51233,1
56766,1
78675,0
36438,0
101062,0
106945,0
6349,1
114579,0
28577,0
4223,1
98122,0
110507,0
102529,0
46332,1
92236,0
70907,1
25891,0
101286,0
7478,1
10514,1
62981,1
30343,0
11579,1
50256,1
2085,1
78676,1
83317,0
4565,0
50430,1
44488,1
100906,0
14147,0
60006,1
107622,0
85561,0
62058,1
25766,0
72257,1
3504,1
62533,1
61603,1
27428,0
78327,0
63406,1
13641,1
36721,0
83183,0
9064,1
75604,0
86112,0
3420,1
62336,1
73994,1
72006,1
77570,1
11748,1
63799,1
61920,1
72902,1
96456,0
24737,0
18069,0
17100,0
15915,0
105309,0
29497,0
46681,0
67162,1
25458,0
84943,0
42337,1
37189,0
10984,1
105508,0
31742,0
78490,0
104203,0
9907,1
110822,0
44027,1
42784,0
109639,0
78457,0
68137,1
10624,1
18291,1
24945,0
91755,0
63101,1
51801,1
46680,0
20734,0
16747,0
111316,0
90448,0
36906,0
7208,1
25453,0
110084,0
20439,0
56167,1
110996,0
115005,0
102684,0
26829,0
47765,1
77058,1
17975,0
93480,0
11870,1
89055,0
51715,1
43826,0
103674,0
98839,0
38983,0
69816,1
52841,1
82029,1
34238,0
58810,1
98044,0
107987,0
22723,0
78777,1
87549,0
96651,0
111241,0
62460,1
5926,1
69673,1
115829,0
43824,0
114843,0
83053,0
5323,1
106698,0
50932,1
69149,1
67645,1
113684,0
94584,0
2551,0
14323,0
77757,0
72792,1
55582,1
1048,0
48852,0
93789,0
20825,0
57046,1
70966,1
60247,1
44935,1
886,1
71373,1
56968,1
98300,0
79043,0
63385,1
71958,1
105976,0
72556,1
53591,1
33558,0
59056,1
52050,1
14660,0
56152,1
53760,1
54483,1
84786,0
83458,0
69929,1
17608,0
66496,1
116816,0
54911,1
36435,0
49758,1
69695,1
100757,0
16060,0
99214,0
17443,0
64426,1
62464,1
7836,1
87300,0
19753,0
2216,1
28781,0
8553,1
90738,0
50409,1
104313,0
28689,0
83639,0
88038,0
25130,0
47826,1
30041,0
26007,0
8137,1
60870,1
88348,0
100149,0
72318,1
105743,0
108665,0
40321,1
82924,1
31476,0
35712,0
38833,0
95760,0
17909,0
102428,0
94661,0
101427,0
86866,0
107918,0
115596,0
28002,0
56010,0
58142,1
74194,1
19208,1
45401,0
45686,0
63613,1
37166,0
69706,1
106838,0
102151,0
94019,0
43352,0
92276,0
63332,1
94647,0
113540,0
27891,0
81614,1
10417,1
22274,0
69499,1
40713,0
110504,0
99106,0
18470,0
92143,0
29353,0
15310,1
8614,1
7640,1
107570,0
17729,0
10323,1
24092,0
41494,0
17504,0
53559,1
91831,0
114309,0
72773,1
79353,0
78212,0
80239,0
2050,0
98684,0
63353,1
106745,0
97576,0
36919,0
75402,1
24795,0
85101,0
19136,1
115170,0
41682,1
43694,0
15701,1
2225,0
97619,0
82470,0
90995,0
87369,0
102571,0
87123,0
113087,0
40875,0
30624,0
23093,0
100156,0
673,1
97849,0
76513,1
4891,1
9395,1
36437,0
94054,0
79657,0
6480,1
2111,0
15860,0
38947,0
101307,0
11538,1
83168,0
94115,0
7620,1
1612,0
17513,0
50817,1
87422,0
5829,0
118093,0
109288,0
34624,0
51366,1
52163,1
104752,0
17607,0
81428,0
27744,0
54058,1
11210,1
55761,1
38524,0
66678,1
29775,0
106717,0
75673,1
63019,1
95195,0
62429,1
5929,1
46463,1
12150,1
44346,0
57200,1
9107,1
23905,0
21546,0
10845,1
40097,1
12608,1
33174,0
96831,0
8115,1
63777,1
39751,0
23569,0
80732,1
23637,0
77891,0
96960,0
46193,0
102378,0
18741,0
98547,0
29402,0
70118,1
113806,0
63204,1
753,0
28873,0
91758,0
10939,1
114209,0
19047,0
57028,1
94080,0
61187,1
25627,0
95015,0
16993,0
47970,0
70672,1
15639,0
100946,0
48432,1
12669,1
75592,0
67384,1
69536,1
19869,0
99763,0
20666,0
67176,1
104778,0
82577,1
30550,0
16116,0
93647,0
84485,0
16046,0
82410,0
25642,0
27705,0
24672,0
10919,1
48213,0
65817,1
24415,0
39212,0
103597,0
30451,0
88043,0
93977,0
58377,1
5043,1
41,0
47844,0
49522,1
34550,0
99330,0
109568,0
58268,1
58328,1
92545,0
17257,1
23220,0
102342,0
114443,0
58947,1
31017,0
97978,0
89043,0
21879,0
68027,1
26547,0
48332,0
27091,0
82377,1
10032,1
2859,0
72624,1
110171,0
117472,0
10041,1
55292,1
29376,0
45533,1
58757,1
2433,0
52952,1
81355,0
35351,0
102075,0
77819,0
85105,0
46359,1
77507,0
93087,0
65595,1
38816,0
97622,0
5819,0
66061,1
9192,1
116255,0
108326,0
103011,0
38516,0
108681,0
67782,1
46376,1
84779,0
44458,1
27794,0
82031,1
10127,1
22292,0
45642,0
85130,1
60982,1
14057,0
15712,1
17589,0
115602,0
66327,1
23861,0
97859,0
54513,1
21189,0
66417,1
99791,0
30290,0
11083,1
97628,0
42308,0
8823,1
98734,0
34591,0
55624,1
95540,0
63174,1
57490,1
24861,0
62856,1
38110,0
116996,0
94950,0
40186,1
315,1
17325,0
63384,1
114405,0
107936,0
76713,0
11333,1
41596,0
35949,0
7965,1
111191,0
107071,0
16808,0
85106,0
90436,0
14818,1
5841,1
104806,0
94136,0
42984,1
92491,0
48798,1
105738,0
29477,0
37985,0
1395,1
13159,1
76387,0
33998,0
20355,0
85896,0
60675,1
90496,0
62822,1
44898,1
79234,1
40277,0
22000,0
108325,0
57573,1
3196,0
60848,1
57201,1
60645,1
101606,0
15592,0
69446,1
100742,0
64500,1
103399,0
82828,1
17777,0
72507,1
18318,0
62528,1
43761,0
66797,1
7844,1
73581,1
24449,0
63708,1
92965,0
79725,1
71439,1
26489,0
88247,0
3820,1
72334,1
63370,1
1705,0
56775,1
110609,0
107470,0
20401,0
23853,0
56340,1
81454,0
107314,0
105037,0
95470,0
66184,1
116221,0
2265,0
103508,0
62218,1
97205,0
88592,0
29347,0
103320,0
35367,0
90916,0
66606,1
65496,1
107730,0
60733,1
21169,0
80078,1
2226,0
16775,1
91890,0
95353,0
52540,1
47897,1
7994,1
10042,1
14131,0
116465,0
89478,0
95969,0
27145,0
29445,0
25632,0
49731,1
55845,1
7503,1
95865,0
40947,0
71913,1
57587,1
40808,0
46157,1
117045,0
100601,0
81420,0
105043,0
110980,0
38499,0
66127,1
44771,0
98057,0
20588,0
33030,0
88209,0
86879,0
77556,1
27549,0
65199,1
48135,1
97838,0
48509,1
9178,1
1349,1
104254,0
91749,0
93583,0
79488,0
49914,0
39747,0
14928,0
8920,1
66903,1
112145,0
50319,1
58992,1
75049,1
59963,1
104092,0
36580,0
117520,0
60212,1
18958,0
85906,0
42099,0
40455,0
31854,0
5723,0
97842,0
1945,1
61985,1
59949,1
52254,1
47942,0
61420,1
56436,1
20569,0
116590,0
116767,0
59596,1
60112,1
21856,0
21175,0
118537,0
108257,0
59740,1
22352,0
81068,1
59874,1
10652,1
91636,0
74855,1
4739,0
116136,0
20179,0
52640,1
33008,0
73343,1
86692,0
33493,0
56237,1
13397,1
82553,0
21166,0
53666,1
22652,0
43296,0
39048,0
72558,1
37992,0
33902,0
112107,0
65952,1
115618,0
107444,0
19710,0
92723,0
46656,1
13139,1
86510,0
17693,0
93261,0
10456,1
5326,1
12824,1
62145,1
64172,1
19875,0
106665,0
347,0
73960,1
65061,1
106044,0
52414,1
100242,0
80052,0
10871,1
10618,1
109206,0
33207,0
23890,0
1936,0
114174,0
27328,0
107173,0
33622,0
76290,1
92971,0
55550,1
15245,1
45583,0
92334,0
41036,0
90505,0
84107,0
86651,0
36603,0
73916,1
98804,0
16830,0
56832,1
54634,1
76388,0
40156,0
44182,0
5932,1
115094,0
29685,0
7766,1
63278,1
31528,0
7134,1
104509,0
21959,0
65019,1
24274,0
80008,1
52713,0
64751,1
42156,0
76001,1
27415,0
48462,1
16616,0
58744,1
63080,1
107904,0
17200,0
87971,0
118376,0
98657,0
51519,0
15599,0
87887,0
51264,1
112726,0
116981,0
67534,1
106593,0
85870,0
51076,1
57862,1
27291,0
10810,1
62903,1
28877,0
24908,0
19043,1
73268,1
36030,0
41679,0
66944,1
12966,1
30986,0
75097,1
119126,0
23364,0
17712,0
39121,0
42320,0
17312,0
78413,0
87334,0
112038,0
9156,1
7034,1
65507,1
72274,1
66736,1
679,0
102469,0
27055,0
94312,0
30449,0
99898,0
93674,0
16009,0
34202,0
75223,1
70707,1
115466,0
43946,1
67902,1
84193,0
683,0
46769,0
12261,1
78286,0
61519,1
21699,0
48829,1
63462,1
113025,0
10006,1
118574,0
51560,1
62681,1
60809,1
68382,1
107439,0
53233,1
98810,1
64491,1
106279,0
107809,0
8363,1
26275,0
146,0
117435,0
26445,0
26244,0
35053,0
85827,0
118221,0
64542,1
50231,1
26983,0
76155,1
27536,0
1079,0
61258,1
32925,0
2994,1
36101,0
97791,0
75642,1
117504,0
25091,0
102531,0
12494,1
27292,0
97899,0
1532,0
66902,1
5390,1
50743,1
47848,0
1346,1
6338,0
90069,0
82068,0
98770,0
114622,0
42470,0
54463,1
84606,0
26003,0
104422,0
112605,0
57386,1
113739,0
49701,0
22375,0
25054,0
10200,1
28930,0
45643,0
82887,1
19272,0
12016,1
40402,0
52505,0
50923,1
37192,0
116518,0
46889,1
80812,0
73253,1
27966,0
49938,1
9935,1
110200,0
18785,0
12490,1
23131,0
103843,0
9120,1
33161,0
49359,1
29543,0
106693,0
79844,1
7398,1
77107,0
48946,1
1952,1
83777,0
95244,0
18879,1
58168,1
79117,0
20602,0
104144,0
118677,0
76902,0
74800,1
117408,0
23982,0
81239,0
57891,1
83356,0
27052,0
67089,1
17341,0
24032,0
43559,1
74913,1
64817,1
46535,0
83159,0
67834,1
63012,1
28435,0
93852,0
116305,0
33259,0
96915,0
114970,0
11717,1
109412,0
110438,0
9901,1
111606,0
57881,1
3993,0
116339,0
78959,0
29102,0
58851,1
4428,1
83441,0
27608,0
112941,0
60758,1
88473,0
16544,1
75272,1
114883,0
5824,0
66822,1
52380,1
77064,0
53690,1
96393,0
111966,0
87335,0
88912,0
66283,1
110529,0
16445,0
68541,1
85006,1
87858,0
106540,0
33820,0
38079,0
33566,0
69123,1
52791,1
1805,0
13666,1
34941,0
37118,0
48517,1
15976,0
6626,0
75224,1
53359,1
6139,0
29662,0
7921,1
69940,1
19400,0
119373,0
70431,1
77505,0
79009,0
68792,1
117197,0
61473,1
11340,1
43243,0
107807,0
77249,1
10143,1
13060,1
42558,0
39633,0
98627,0
106905,0
7848,0
111250,0
14,0
27519,0
63617,1
109052,0
8305,0
111401,0
116096,0
52201,1
99155,0
85141,0
55875,1
50428,1
116473,0
15846,1
61895,1
34312,0
92575,0
18335,0
30758,0
72288,1
104467,0
59647,1
33403,0
29034,0
56659,1
66657,1
101577,0
109287,0
110837,0
3874,0
46331,0
64833,1
68712,1
100829,1
25739,0
97316,0
45033,0
37083,0
50875,1
77254,1
68314,1
42221,0
44602,1
56380,1
13751,1
38878,0
136,0
62869,1
624,1
44933,1
32517,0
114165,0
31034,0
100005,0
67849,1
101343,0
79343,0
48374,1
80665,0
112247,0
89253,0
45493,0
36714,0
55395,1
92778,0
60037,1
47374,1
67831,1
82962,0
73965,1
46640,1
103862,0
109747,0
34842,0
15771,0
8568,0
107424,0
107906,0
61739,1
112013,0
76489,1
72545,1
100281,0
97504,0
112525,0
91399,0
109157,0
60287,1
81607,0
7472,1
28754,0
15839,0
40627,0
86641,0
6411,1
20626,0
35534,0
107588,0
82641,0
44274,0
82011,1
116939,0
23219,0
111645,0
28661,0
110665,0
1665,0
85471,0
35235,0
53750,1
32079,0
99673,0
100137,0
109015,0
68286,1
85809,0
90432,0
97429,0
59426,1
48992,1
112120,0
91932,0
12307,1
77559,0
95828,0
113808,0
119329,0
104998,0
20906,0
38167,0
9929,1
67291,1
105273,0
103731,0
110006,0
117358,0
58052,1
38612,0
54192,1
108130,0
118495,0
10830,1
39964,0
54024,1
64983,1
14125,1
99475,0
40366,0
63476,1
20616,0
100762,0
22498,0
91975,0
88711,0
66125,1
62339,1
87001,0
28953,0
113796,0
108828,0
85980,0
19300,0
96939,0
29770,0
33421,0
5285,1
18283,0
56228,1
23161,0
48019,1
69461,1
13240,1
41858,0
78667,0
58972,1
61851,1
12722,1
78547,0
82198,0
57844,1
80228,0
15479,0
119232,0
103902,0
477,0
10572,1
116935,0
40914,1
83353,0
73789,1
11906,1
16604,1
68962,1
115874,0
5885,1
84641,0
13086,1
43278,0
118928,0
9106,1
13655,1
56823,1
50165,1
83991,0
91617,0
64673,1
37560,0
35761,0
114417,0
2237,1
71689,1
2674,1
10748,1
99903,0
11810,1
1536,0
19745,0
66867,1
92662,0
65424,1
102726,0
19987,0
67766,1
17103,0
4741,1
60609,1
55410,1
8170,0
26420,0
13529,1
75557,0
80838,1
102035,0
112284,0
76579,1
22954,0
28959,0
115240,0
37579,0
100872,0
82764,1
48178,1
111781,0
91091,0
55504,1
97025,0
64557,1
17561,0
24655,0
14885,1
11244,1
8986,1
83294,0
41979,0
47552,1
100527,0
30438,0
30962,0
98077,0
70731,1
49587,1
72278,1
20786,0
25092,0
52040,1
80086,1
26254,0
7015,1
72059,1
32446,0
48301,1
119156,0
99326,0
26228,0
114740,0
88709,0
72062,1
6350,1
92324,0
93745,0
73881,1
112158,0
29199,0
36389,0
25841,0
104924,0
9471,1
68725,1
110146,0
53397,1
7243,1
71173,1
26161,0
73292,1
110981,0
82276,0
26013,0
97654,0
13136,1
94711,0
80421,1
24138,0
89932,0
25070,0
91158,0
89169,0
31196,0
84069,0
27725,0
36983,0
33660,0
24014,0
31124,0
26690,0
28328,0
59503,1
38614,0
29038,0
10230,1
51914,0
85347,0
27302,0
29220,0
47240,0
25658,0
32000,0
39617,0
57969,1
15009,1
69896,1
53695,1
84340,0
100714,0
9308,1
90239,0
28909,0
4854,0
93281,0
68471,1
75437,1
67457,1
66278,1
92213,0
5703,0
48523,1
100566,0
21715,0
59263,1
76365,0
71298,1
22125,0
118103,0
112824,0
28807,0
98858,0
68048,1
2748,0
63186,1
58590,1
74980,1
74802,1
115034,0
69912,1
56224,1
88415,0
116617,0
38224,0
43032,0
76047,1
84661,0
111991,0
100495,0
57825,1
59928,1
29190,0
44014,0
115453,0
10137,1
24728,0
53824,1
113282,0
76168,1
55769,1
13188,1
40224,0
78952,0
5888,0
8302,1
41552,1
76886,0
3958,0
24199,0
69561,1
12280,1
65293,1
69366,1
46260,0
53113,1
20868,0
113376,0
24935,0
37036,0
46027,1
36487,0
74298,1
45906,1
46239,0
106621,0
107690,0
4776,1
116525,0
82674,0
53498,1
87558,0
97436,0
12982,1
39114,0
68816,1
109053,0
41684,0
88832,0
112448,0
107680,0
83982,0
13555,1
71907,1
82645,0
66371,1
98211,0
92061,0
2107,0
117489,0
107592,0
86158,0
33370,0
34578,0
25524,0
18190,0
79508,0
15136,1
50566,1
48465,1
71051,1
104243,0
42191,0
104098,0
111353,0
57956,1
20360,0
100216,0
106924,0
63820,1
35118,0
6176,1
7106,1
65409,1
21447,0
2400,0
55489,1
107842,0
108461,0
74690,1
49670,1
45123,0
60544,1
97230,0
21440,0
14419,0
42180,0
36880,0
87868,0
113953,0
103046,0
107606,0
42454,0
113723,0
52847,1
34104,0
32499,0
49929,1
25772,0
52394,1
65734,1
17685,0
39075,0
53362,1
20293,0
15319,1
29086,0
93593,0
100850,0
33715,0
9298,1
50810,1
50582,0
73449,1
79070,1
59979,1
77198,0
39159,0
113541,0
39760,0
16742,0
22660,0
21500,0
22141,0
55791,1
57701,1
35506,0
68305,1
40025,0
27010,0
111441,0
100814,0
97643,0
23088,0
72993,1
87719,0
53020,1
26313,0
102490,0
2430,0
7094,1
104027,0
32873,0
107112,0
13523,1
65001,1
10155,1
102877,0
58997,1
60757,1
76030,1
9568,1
61811,1
68953,1
115796,0
37167,0
29364,0
39728,0
9969,1
7314,1
7304,1
43787,0
9937,1
6734,1
103424,0
53251,1
1090,0
79999,1
110835,0
83852,0
103626,0
71176,1
50652,1
82161,1
33838,0
107605,0
19550,0
21979,0
59605,1
50138,1
16950,0
107875,0
2346,1
92949,0
86428,0
58724,1
42790,1
72439,1
106666,0
64222,1
51443,1
104464,0
95616,0
93702,0
42709,0
81929,1
82250,1
91472,0
103425,0
70962,1
8211,1
51775,1
32638,0
81116,1
52007,1
44034,0
72212,1
17444,0
82017,1
18171,0
89067,0
40384,0
90172,0
75501,1
556,0
81294,0
71765,1
43214,0
21380,0
12695,1
83313,0
6106,0
42444,0
52904,1
11836,1
90372,0
57935,1
59151,1
64669,1
31931,0
260,0
112807,0
88210,0
34505,0
116624,0
74723,0
61541,1
89227,0
44405,0
118509,0
56364,1
43348,0
14471,0
2199,0
37081,0
88537,0
44892,1
62414,1
24743,0
30302,0
69916,1
90178,0
21272,0
50212,1
98717,0
65451,1
22707,0
77340,1
106320,0
81487,0
69601,1
55260,1
10767,1
2720,0
50592,1
77389,0
18246,0
39104,0
107189,0
73473,1
48511,1
52311,1
63683,1
103847,0
31513,0
15035,0
12294,1
51492,1
108808,0
73460,1
71480,1
96475,0
8831,1
86993,0
60355,1
47708,1
86635,0
51996,1
112928,0
19153,0
77210,1
20008,0
24130,0
44936,1
8208,1
88008,0
14485,0
12910,1
7003,1
110111,0
82145,1
107953,0
3169,1
47818,1
57435,1
16182,0
40101,1
16565,1
75332,1
37380,0
117011,0
66363,1
7203,1
50686,1
60167,1
106845,0
21052,0
99072,0
2603,0
35284,0
18557,0
46195,1
119151,0
54166,1
7828,1
74803,1
63571,1
3536,1
71278,1
13808,0
48952,1
9952,1
83608,0
58940,1
55990,1
3443,1
26121,0
27481,0
66428,1
68293,1
64373,1
10025,1
10704,1
46339,1
33349,0
23435,0
90579,0
74657,1
5028,1
46719,0
72974,1
15206,1
105558,0
51814,1
86266,1
82048,0
58624,1
27082,0
82570,0
46585,0
17026,0
17575,0
109702,0
12432,1
3313,1
99218,0
83379,0
63376,1
21912,0
50780,1
32264,0
1403,0
32216,0
26418,0
84067,0
29128,0
92822,0
107877,0
86714,0
48921,1
111618,0
4019,0
2313,1
79915,0
72514,1
89545,0
2544,0
94141,0
68143,1
56488,1
116410,0
66091,1
8734,0
81401,0
94206,0
23459,0
98361,0
91171,0
37494,0
64619,1
5725,0
27611,0
3233,0
95382,0
107502,0
26917,0
77804,1
39443,0
19074,0
66292,1
101229,0
42509,0
20777,0
21906,0
103094,0
71615,1
66164,1
66991,1
117274,0
23201,0
27120,0
80904,1
65416,1
23432,0
8245,0
50288,1
37662,0
110115,0
82386,1
11612,1
44904,1
2394,0
96307,0
99930,0
72477,1
77707,0
84302,0
61521,1
69439,1
67004,1
51106,1
91194,0
38790,0
31893,0
71086,1
1526,1
98282,0
25246,0
111734,0
85406,0
107758,0
116204,0
66865,1
27706,0
24866,0
11015,1
103259,0
107979,0
11135,1
66201,1
49449,1
66402,1
66239,1
102410,0
50186,1
331,0
91377,0
117357,0
117097,0
60149,1
74869,1
98170,0
93574,0
20779,0
43963,1
73604,1
95795,0
60397,1
5339,1
17605,0
94477,0
87406,0
11034,1
109026,0
103518,0
12074,1
89761,0
68217,1
59574,1
160,0
52463,1
108318,0
43312,0
42347,0
15792,0
72881,1
22515,0
62511,1
117347,0
36647,0
73706,1
52970,1
112267,0
14689,1
114497,0
102785,0
33179,0
59390,1
75569,0
107413,0
71412,1
107319,0
13427,1
36231,0
64511,1
88567,0
588,0
72582,1
37729,0
98286,0
59243,1
52314,1
86830,0
91273,0
2788,0
79904,0
86211,0
61297,1
13501,1
108823,0
117783,0
116527,0
88701,0
51415,1
91810,0
100772,0
23929,0
115936,0
103693,0
9580,1
101037,0
12638,1
79995,1
71084,1
4023,1
105852,0
8486,1
77069,0
66256,1
19598,0
51550,1
44599,1
27462,0
65017,1
41957,1
6248,1
102822,0
88264,0
731,0
1812,0
113210,0
102182,0
79147,0
75709,1
93898,0
64183,1
75234,1
117186,0
62998,1
89528,0
112905,0
37115,0
16063,0
88115,0
59965,1
98189,0
103837,0
65508,1
104428,0
73896,1
96160,0
103159,0
39254,0
1830,1
64925,1
45900,0
103310,0
40826,0
80830,0
46324,1
102274,0
43976,1
90281,0
71072,1
5918,1
86448,0
9923,1
82180,1
8811,1
10683,1
48099,1
84910,0
1827,0
112000,0
6020,1
50905,0
98043,0
83617,0
59308,1
96886,0
92395,0
50813,1
88568,0
110786,0
50785,1
56008,1
19927,0
58762,1
74253,1
78093,0
14018,0
70090,1
67970,1
36244,0
44959,0
98974,0
13601,1
63166,1
22971,0
88506,0
6030,1
56712,1
51029,1
100192,0
52910,1
92440,0
52189,1
108194,0
20281,0
76263,1
72468,1
86346,0
104572,0
39317,0
100661,0
68322,1
88323,0
62934,1
86566,0
49525,1
61479,1
105427,0
65529,1
5017,1
25141,0
30704,0
74320,1
60312,1
13909,0
10741,1
39698,0
98345,0
8283,1
57358,1
19291,0
21258,0
85569,0
95621,0
2071,0
87545,0
70663,1
44498,1
77902,0
118109,0
48173,1
108158,0
114837,0
41623,0
81915,1
54196,1
61166,1
75064,1
62737,1
50846,0
96446,0
71429,1
76430,1
8258,1
3987,1
107247,0
4206,1
3214,0
71673,1
108349,0
106130,0
97721,0
33445,0
106379,0
91241,0
74928,1
62197,1
85838,0
60960,1
22847,0
67094,1
105595,0
109479,0
109380,0
115828,0
63321,1
77855,0
12077,1
117945,0
9770,1
69791,1
95682,0
3240,0
8481,1
57326,0
34185,0
93222,0
105200,0
46429,0
75446,1
84189,0
41469,0
6070,0
84625,0
25340,0
74084,1
36501,0
96590,0
54188,1
73882,1
101383,0
66842,1
55351,1
56043,1
38336,0
33137,0
62410,1
79938,0
110902,0
64868,1
55016,1
79421,1
95512,0
111848,0
115456,0
45682,0
105928,0
62047,1
69111,1
5742,1
40650,0
101802,0
60088,1
103391,0
75886,1
29945,0
84406,0
115440,0
3197,0
41648,0
47215,1
16409,1
94338,0
37362,0
76102,1
77063,0
48551,1
17600,0
73664,1
101422,0
29064,0
110020,0
80147,0
23994,0
58019,1
100878,0
51508,1
108373,0
97455,0
99443,0
62772,1
58153,1
45973,1
112216,0
86838,0
53602,1
112571,0
23943,0
87219,0
114340,0
62278,1
65889,1
52231,1
66429,1
15729,0
118921,0
72651,1
67909,1
4703,0
88282,0
21778,0
45271,0
26025,0
37382,0
308,0
68640,1
71684,1
72621,1
81422,0
108154,0
63061,1
55533,1
92785,0
53250,1
5337,1
109886,0
24404,0
69913,1
99940,0
15786,0
4525,1
65275,1
21966,0
4559,1
56571,1
83368,0
30903,0
58126,1
74791,1
79382,0
118350,0
29757,0
72376,1
79003,1
40426,0
4604,1
37547,0
73358,1
109340,0
85004,0
110373,0
78950,0
31904,0
44852,0
86440,0
110853,0
38771,0
54790,1
102442,0
48723,0
54325,1
110120,0
37616,0
592,1
87263,0
74024,1
57243,1
79217,0
42263,0
35757,0
95634,0
51154,1
54609,1
96196,0
29612,0
22721,0
95596,0
62581,1
20084,0
75755,1
113190,0
44882,0
34348,0
61205,1
116237,0
80891,0
2132,0
2150,1
110326,0
41178,1
7459,1
14914,0
115604,0
109999,0
19408,0
44371,1
112712,0
4045,1
40028,0
102914,0
96110,0
6077,0
25857,0
90401,0
112260,0
24653,0
113765,0
74132,1
102737,0
99499,1
18526,0
35966,0
56795,1
86102,0
113539,0
39281,0
103473,0
45460,0
3680,0
79055,0
80855,0
44589,0
59416,1
105302,0
84448,0
109364,0
60325,1
118359,0
117270,0
16684,0
50998,1
110652,0
66956,1
17386,0
79976,0
13269,1
49936,1
4445,1
40652,1
66472,1
69064,1
4628,1
76368,0
89368,0
43728,0
97048,0
3618,1
60430,1
25807,0
114102,0
12556,1
4170,0
86422,0
2758,0
98815,0
117924,0
6202,0
39507,0
12479,1
10861,1
118926,0
115588,0
103642,0
56375,1
7399,1
10788,1
79624,0
116832,0
6390,1
37539,0
26573,0
97246,0
55715,1
95185,0
18445,0
24440,0
79455,1
58914,1
33810,0
10030,1
114530,0
86304,0
8784,0
83140,0
31861,0
114975,0
89780,0
32322,0
86294,0
71089,1
34752,0
24665,0
1796,1
62122,1
73631,1
41775,0
48046,1
68454,1
24273,0
72365,1
111956,0
21730,0
39844,0
102326,0
5734,1
37319,0
112869,0
47913,0
94877,0
31785,0
35095,0
31540,0
40894,0
16023,0
10601,1
17899,0
62519,1
115139,0
92640,0
34278,0
91168,0
19421,0
29100,0
20685,0
33041,0
10588,1
24713,0
52053,1
83216,0
95181,0
113594,0
110178,0
116495,0
105462,0
13055,1
89584,0
52001,1
4243,0
104634,0
43208,0
64126,1
7590,1
31219,0
96072,0
107566,0
117758,0
19623,0
57506,1
54254,1
116332,0
16311,0
118729,0
34735,0
64712,1
73113,1
2219,1
58832,1
100531,0
70428,1
67897,1
91134,0
51032,1
26118,0
5625,1
45788,0
92936,0
788,0
91425,0
30719,0
3721,1
81005,1
43209,0
108508,0
58084,1
90603,0
7392,1
8573,1
40021,0
39823,0
94245,0
81244,0
59142,1
103429,0
39993,0
112245,0
52762,1
81797,1
103484,0
74224,1
56744,1
55758,1
32463,0
98016,0
97173,0
103858,0
97181,0
3897,1
59723,1
63228,1
88302,0
55638,1
74925,1
35954,0
115284,0
118308,0
96539,0
111855,0
49810,1
14284,0
6481,1
100429,0
109700,0
73936,1
26929,0
33983,0
56397,1
3960,1
11939,1
103540,0
76514,1
1501,0
114225,0
53938,1
13479,1
98403,0
41104,0
91480,0
57088,1
102434,0
70379,1
117804,0
1088,0
99845,0
99769,0
7988,1
22994,0
106780,0
77179,0
64999,1
44504,0
547,0
118901,0
4946,0
67446,1
72746,1
117064,0
9285,1
118474,0
66509,1
91195,0
77705,0
61146,1
23807,0
19763,0
6133,0
9387,1
110621,0
7735,1
45734,0
116921,0
28654,0
29338,0
55437,1
18946,0
32088,0
20652,0
65689,1
71872,1
56898,1
1972,0
92446,0
81800,1
30801,0
53566,1
37705,0
38909,0
29652,0
35576,0
31960,0
87808,0
23742,0
88001,0
73011,1
16141,0
45549,0
66548,1
80309,1
47635,1
12190,1
88039,0
2180,0
18536,0
42952,0
102316,0
54043,1
39139,0
59509,1
87847,0
62044,1
6580,1
43755,0
31629,0
73989,1
115755,0
7513,1
14158,0
113091,0
15257,0
29298,0
114589,0
6072,0
75760,1
45102,0
43506,1
51823,1
78443,1
109473,0
13607,1
67531,1
105982,0
112310,0
64320,1
3375,0
56371,1
96494,0
969,1
45845,0
72032,1
89172,0
36534,0
105749,0
59148,1
57409,1
81701,1
61126,1
97669,0
8187,0
97648,0
105190,0
75768,1
27153,0
117556,0
110236,0
48628,1
26191,0
95942,0
113577,0
49800,1
21505,0
117494,0
90627,0
26798,0
93483,0
22228,0
100655,0
49188,1
75846,1
34295,0
36845,0
116748,0
13953,0
115967,0
55918,1
15125,0
86433,0
759,0
86957,0
38795,0
107927,0
26389,0
48042,1
42411,1
54336,1
53209,1
52558,1
76016,1
110415,0
78977,0
81085,0
95466,0
112934,0
83677,0
6048,1
88196,0
15742,0
96578,0
53467,1
39399,0
83445,0
26315,0
50750,0
105699,0
24083,0
112559,0
97481,0
4832,0
46690,0
63009,1
28325,0
23310,0
109749,0
116359,0
68949,1
20635,0
74421,1
49406,1
38863,0
77259,1
31012,0
1666,0
36970,0
89807,0
115774,0
43499,0
97706,0
62918,1
44410,0
41604,0
63091,1
84619,0
64965,1
63601,1
45485,1
114235,0
3664,0
78893,0
100964,0
50966,1
113366,0
14188,0
100398,0
100294,0
30407,0
14395,0
64525,1
106821,0
4561,1
7745,1
96650,0
75989,1
79713,1
97531,0
42978,0
42803,0
84833,0
25611,0
86961,0
89319,0
14941,0
15478,0
46050,1
43870,1
14777,1
71571,1
28828,0
20688,0
44694,1
105175,0
93388,0
68737,1
93316,0
68419,1
44391,0
88743,0
96868,0
38492,0
65998,1
53599,1
4162,0
61104,1
71504,1
54881,1
9496,1
255,0
20170,0
37512,0
9870,1
38842,0
118460,0
13754,1
78879,0
53,0
90141,0
21897,0
23326,0
43344,1
87489,0
66939,1
51807,1
1238,1
19308,0
85763,0
13590,1
28708,0
11553,1
78970,0
40899,0
39355,0
36511,0
112937,0
59253,1
44456,1
104653,0
68559,1
60459,1
38407,0
56958,1
96441,0
35189,0
104256,0
107244,0
113456,0
28537,0
27013,0
96410,0
107055,0
36263,0
67996,1
54488,1
70658,1
34573,0
70328,1
59084,1
113952,0
1020,1
89246,0
12025,1
62061,1
57942,1
35170,0
36379,0
39942,0
70696,1
54546,1
111687,0
84915,0
7925,1
59890,1
31434,0
71406,1
40931,1
107220,0
91680,0
17094,0
11572,1
108255,0
92557,0
15515,0
40583,1
47632,1
80455,1
116963,0
36368,0
72780,1
18752,0
5123,1
8129,1
79073,0
66533,1
67211,1
37463,0
19759,0
35725,0
8913,1
51420,1
25430,0
57397,1
69398,1
64355,1
54626,1
87935,0
52292,1
58461,1
22522,0
21428,0
103570,0
91557,0
22287,0
33526,0
90158,0
38282,0
6877,1
43584,0
57725,1
62946,1
33220,0
69208,1
94323,0
49737,0
2082,0
64301,1
101700,0
101614,0
50851,0
108189,0
84829,0
88476,0
50049,1
95123,0
117717,0
91558,0
43421,1
52528,1
71920,1
95629,0
40880,0
70630,1
47108,0
106051,0
94143,0
116249,0
7707,0
17585,0
1636,0
56695,1
109013,0
102639,0
44319,1
68272,1
1190,1
74994,1
95446,0
59041,1
112991,0
88075,0
52141,1
48544,1
113325,0
36604,0
74011,1
12164,1
38020,0
68536,1
47032,1
60612,1
11520,1
5120,0
36369,0
89364,0
23774,0
5482,1
41846,0
33920,0
92005,0
79401,0
7755,1
89033,0
109159,0
9153,1
26429,0
30645,0
34198,0
38513,0
43968,1
170,0
22468,0
54131,0
83330,0
8016,1
66350,1
1374,0
106390,0
101746,0
35241,0
22519,0
30808,0
25265,0
57853,1
35273,0
6823,0
69296,1
28496,0
9174,1
90736,0
114791,0
62181,1
76367,0
69662,1
33668,0
50079,1
12451,1
25099,0
36577,0
77022,0
51014,1
105024,0
18992,0
25937,0
6681,1
11521,1
116361,0
110979,0
28440,0
56529,1
7534,1
82155,1
76032,1
56366,1
111240,0
43892,1
70701,1
80881,0
96253,0
88771,1
53046,1
16719,0
5681,1
39315,0
9913,1
101891,0
62375,1
15929,0
4055,1
35998,0
90061,0
33684,0
3021,0
14638,0
3419,1
5259,0
13334,1
106754,0
34539,0
67794,1
80631,1
97354,0
58632,1
67308,1
6446,1
68896,1
35007,0
50705,1
21913,0
112651,0
55160,1
31350,0
32467,0
40448,1
108059,0
1906,1
100785,0
111419,0
13741,1
107804,0
74958,1
36086,0
23652,0
83890,0
79626,0
5114,0
49746,1
82493,0
56484,1
42238,0
66460,1
95615,0
113878,0
59268,1
39862,0
65609,1
103417,0
78741,0
92292,0
37213,0
72715,1
43483,0
15068,0
47378,0
26605,0
86119,0
9627,1
7883,1
117022,0
15533,0
20820,0
606,0
100327,0
4052,0
83825,0
11995,1
115002,0
114281,0
78602,0
109166,0
7807,1
40109,1
109425,0
34725,0
69613,1
45430,0
88739,0
13078,1
106136,0
67703,1
82454,0
59216,1
38410,0
76284,1
80164,0
75147,1
33145,0
34127,0
109459,0
34090,0
27412,0
42811,0
101065,0
10811,1
103426,0
89466,0
16654,0
5174,1
39579,0
102195,0
41262,1
67009,1
101122,0
105936,0
9437,1
43089,0
101382,0
90632,0
36663,0
20063,0
54625,0
107668,0
98359,0
67858,1
51416,1
1435,0
82857,1
105342,0
1777,0
105945,0
1513,1
92881,0
7168,1
17324,0
32102,0
74111,1
11782,1
87964,0
92644,0
19231,1
113294,0
11808,1
54654,1
21370,0
96006,0
83875,0
13729,1
96466,0
30873,0
36992,0
91152,0
116451,0
36465,0
104545,0
91080,0
97272,0
87515,0
115081,0
106306,0
93330,0
15186,1
31363,0
32275,0
26606,0
97013,0
15296,0
4696,1
25321,0
54755,1
98945,0
88459,0
48918,1
83998,0
102764,0
111841,0
63854,1
28222,0
24058,0
53140,1
41842,1
27251,0
5051,0
118292,0
63811,1
83528,0
37589,0
58027,1
89248,0
67588,1
43215,0
12933,1
36484,0
20583,0
30862,0
33184,0
41070,0
10436,1
35279,0
55139,1
97479,0
28105,0
38144,0
63343,1
95825,0
99778,0
114499,0
118846,0
112022,0
85890,0
81240,0
61655,1
102481,0
49419,1
104193,0
32241,0
48310,1
68115,1
75100,1
18378,0
7936,1
105793,0
65051,1
113643,0
70814,1
100712,0
24054,0
34310,0
119198,0
111035,0
107517,0
21018,0
17194,0
43672,1
52674,1
102433,0
10437,1
111034,0
79017,0
24942,0
11122,1
112843,0
34432,0
19473,0
11500,1
113906,0
97385,0
21814,0
55949,1
108896,0
213,1
27845,0
118449,0
114917,0
63428,1
102487,0
85293,0
3758,1
66451,1
75491,1
30465,0
110873,0
68405,1
112380,0
65057,1
102786,0
109680,0
37642,0
62166,1
106545,0
97848,0
24053,0
110321,0
28706,0
37569,0
3525,1
86476,0
72865,1
50679,1
13950,1
91976,0
13204,1
90834,0
102214,0
36979,0
14735,1
93466,0
73041,1
12098,1
49613,0
1960,0
115921,0
55484,1
35550,0
45421,0
56119,1
81543,1
99270,0
66595,1
90324,0
32746,0
39374,0
95647,0
15210,1
116683,0
42193,0
46582,0
113913,0
97777,0
58100,1
103595,0
81405,1
54235,1
66285,1
6225,1
231,0
29467,0
44304,1
59894,1
47001,1
89557,0
100925,0
35672,0
37950,0
61835,1
31705,0
45219,1
39785,0
85832,0
85528,0
61727,1
59848,1
20894,0
23824,0
39261,0
19534,0
65142,1
33851,0
100474,0
14358,0
105839,0
116072,0
65274,1
62318,1
74762,0
22892,0
54457,1
9759,1
58920,1
108809,0
102916,0
16674,0
73973,1
51854,0
106864,0
73026,1
52853,1
27969,0
21754,0
81704,1
46307,0
24693,0
55181,1
74019,1
16281,0
111831,0
21487,0
27016,0
36903,0
11498,1
90134,0
44362,0
104286,0
56353,1
84439,0
91954,0
43118,0
107641,0
36935,0
15383,1
26475,0
101024,0
80256,0
38443,0
18053,0
17613,0
118051,0
66898,1
73096,1
30580,0
22119,0
102207,0
80323,1
79241,1
86427,0
80027,1
19935,0
35434,0
28167,0
102277,0
77619,1
110894,0
67678,1
102869,0
115804,0
21918,0
64193,1
34164,0
24911,0
36118,0
77850,0
117554,0
115692,0
87674,0
3412,0
79553,0
102576,0
65133,1
31003,0
85232,0
111546,0
3379,1
11565,1
64244,1
12110,1
32380,0
1523,0
87573,0
110292,0
16665,0
57685,1
60010,1
46848,0
69918,1
62897,1
31255,0
46788,1
100889,0
11175,1
86931,0
106443,0
49111,1
22399,0
43604,0
64737,1
82440,0
90179,0
6975,1
88600,0
109669,0
76678,0
96548,0
45268,0
1928,0
45035,1
114802,0
99539,0
92190,0
88907,0
117207,0
51837,0
29918,0
40643,1
11766,1
39930,0
85926,0
118796,0
24287,0
33064,0
80440,1
87663,0
116448,0
10804,1
6543,1
24758,0
93137,0
6501,1
104437,0
69118,1
106937,0
71451,1
30492,0
114372,0
89941,0
37289,0
25860,0
36996,0
99588,0
49656,1
41935,0
26576,0
27868,0
51965,1
96431,0
99677,0
40496,1
77901,0
51621,1
105357,0
80233,0
53947,1
109148,0
65835,1
110887,0
27654,0
30003,0
24983,0
5588,0
118614,0
103616,0
69397,1
34033,0
62279,1
28508,0
83221,0
1991,0
69237,1
2751,0
104956,0
80353,0
71365,1
106703,0
95631,0
24759,0
75105,1
29079,0
117499,0
19912,0
112354,0
60124,1
98139,0
94215,0
5947,1
104130,0
111313,0
22447,0
98946,0
43743,0
119183,0
101303,0
114680,0
58005,1
85431,0
75322,1
103188,0
87668,0
22706,0
70136,1
1954,0
34484,0
99293,0
36777,0
28456,0
19511,0
55727,1
114666,0
101250,0
63701,1
84654,0
105768,0
58565,1
23230,0
87112,0
87848,0
46112,0
78910,0
85700,0
81954,1
99019,0
74999,1
38649,0
8963,1
26384,0
63939,1
32081,0
111901,0
60322,1
51391,1
15984,0
96750,0
95944,0
87224,0
101788,0
42088,0
30365,0
92730,0
116637,0
4821,1
62602,1
53986,1
62618,1
204,0
33377,0
100190,0
97754,0
114503,0
61185,1
39466,0
112353,0
21184,0
109055,0
32165,0
89786,0
26405,0
84857,0
25384,0
67163,1
103913,0
108669,0
65156,1
95150,0
76209,1
70284,1
38982,0
108961,0
101996,0
67925,1
72783,1
36429,0
89108,0
111064,0
50619,1
8410,1
33562,0
47341,1
65371,1
31397,0
98942,0
80634,1
90763,0
87426,0
332,0
94511,0
27859,0
63179,1
42582,0
81784,1
57014,1
30792,0
103415,0
814,0
32570,0
93510,0
113753,0
28017,0
86782,0
54167,1
50197,1
82037,1
79984,0
9572,1
5790,1
100707,0
91877,0
106719,0
52217,1
93488,0
62508,1
28815,0
11264,1
18668,0
117132,0
15585,0
75948,1
99803,0
47107,0
104791,0
9425,1
34776,0
91939,0
67363,1
90689,0
36985,0
51493,1
58994,1
59085,1
77800,1
110937,0
4083,1
33816,0
98130,0
99372,0
95371,0
12237,1
17309,0
41116,0
27779,0
95919,0
56901,1
112685,0
5169,1
115580,0
116755,0
72085,1
57460,1
110046,0
61892,1
117702,0
30702,0
6967,1
87621,0
90920,0
36006,0
63171,1
103330,0
111348,0
57629,1
56647,1
93949,0
103998,0
81494,0
32314,0
89051,0
40854,1
83005,0
23251,0
108213,0
18568,0
5036,1
66468,1
22234,0
89691,0
85183,0
10637,1
72378,1
71461,1
73933,1
112399,0
92115,0
100989,0
54454,1
41033,1
106272,0
13873,0
107751,0
7008,1
20793,0
48120,1
81877,1
115861,0
63486,1
94819,0
115444,0
85871,0
28424,0
11955,1
62300,1
39522,0
11806,1
116172,0
106091,0
113937,0
91025,0
85909,0
34529,0
110714,0
5561,0
12972,1
87066,0
109845,0
97905,0
74530,1
101446,0
92716,0
71346,1
72632,1
24915,0
70919,1
11772,1
102449,0
111390,0
105225,0
18071,1
13738,1
4496,1
91912,0
4028,1
39874,0
54998,1
108211,0
114196,0
17721,0
77867,0
88399,0
56736,1
36503,0
71981,1
100521,0
90535,0
115756,0
114780,0
30833,0
116669,0
5973,1
60035,1
27736,0
32736,0
98027,0
68392,1
27889,0
21672,0
2807,0
72271,1
35849,0
119102,0
3487,1
25572,0
88030,0
39403,0
46591,0
32508,0
20301,0
105445,0
71750,1
81465,0
65217,1
57150,1
102807,0
100724,0
80045,0
51307,0
90404,0
89635,0
103082,0
29475,0
45121,0
61065,1
74012,1
5478,1
60284,1
23184,0
23358,0
13271,1
92997,0
110497,0
80928,0
49646,0
18173,1
30866,0
80279,0
95235,0
6494,1
34928,0
115478,0
55257,1
53396,1
79557,0
84615,0
96611,0
12960,1
118176,0
46124,1
71870,1
68186,1
24293,0
113551,0
119331,0
31077,0
112673,0
86621,0
28924,0
119254,0
49261,0
40387,1
58184,1
47676,1
31746,0
99267,0
7162,1
91333,0
12428,1
66826,1
1224,1
56592,1
14976,1
86822,0
92792,0
36851,0
11554,1
17997,0
31045,0
18301,0
8342,1
5481,1
34672,0
51924,0
36556,0
90043,0
49168,1
82652,1
45242,1
114487,0
28316,0
16121,0
114168,0
37647,0
73740,1
30304,0
49294,0
53940,1
45837,0
29285,0
61986,1
113002,0
18750,0
84471,0
55206,1
94033,0
23527,0
50752,1
36658,0
10197,1
64980,1
1841,0
26286,0
101249,0
40092,1
27361,0
23999,0
93544,0
119294,0
69855,1
13457,1
17673,0
98339,0
83281,0
58388,1
110893,0
100734,0
47228,0
46506,1
96747,0
110808,0
101993,0
23350,0
6389,1
104882,0
25455,0
117109,0
44659,0
4040,1
22206,0
65029,1
6058,1
8628,1
82993,0
84704,0
83372,0
28997,0
8111,1
93449,0
55797,1
36706,0
90810,0
118890,0
82051,0
54231,0
118934,0
93172,0
101877,0
76520,1
116379,0
90103,0
90965,0
66045,1
62088,1
55653,1
110437,0
59155,0
112649,0
68063,1
34978,0
44835,0
45752,1
75037,1
55295,1
26270,0
54662,1
45828,1
34291,0
92002,0
53067,1
8540,1
23526,0
23106,0
58734,1
72966,1
58909,1
72709,1
116003,0
59206,1
46644,1
4950,0
25952,0
90758,0
90891,0
52675,1
51675,1
40686,0
45243,1
18159,0
1041,1
5574,1
46699,0
34436,0
22749,0
26630,0
57746,0
55368,1
28582,0
84228,0
18860,0
117858,0
86741,0
107196,0
76449,1
98568,0
42365,1
10737,1
30317,0
62289,1
99340,0
54408,1
46575,0
13562,1
31340,0
118092,0
70021,1
46559,0
20829,0
92768,0
104374,0
14736,1
85902,0
49282,1
74860,1
24469,0
9695,1
18836,0
90539,0
9407,1
102381,0
71627,1
84503,0
24340,0
106256,0
109316,0
112895,0
11491,1
6601,1
44046,1
108319,0
7507,1
65987,1
9331,1
98449,0
82199,0
29341,0
104586,0
42102,0
45393,0
78850,0
116824,0
89848,0
49787,1
118218,0
93217,0
69346,1
65938,1
63084,1
58214,1
45730,1
28876,0
18662,0
37292,0
16563,1
54395,1
12850,1
113719,0
27455,0
60594,1
101795,0
36173,0
51853,0
101872,0
22105,0
114091,0
103732,0
8694,0
86394,0
19290,0
25255,0
75678,1
107136,0
112239,0
88189,0
31562,0
15788,0
10629,1
93073,0
71646,1
61921,1
87839,0
28771,0
38417,0
26616,0
1337,1
74122,1
85587,0
89746,0
104488,0
56917,1
30800,0
33006,0
46437,0
59010,1
74013,1
108959,0
85468,0
31503,0
52998,1
50564,1
106190,0
83422,0
101533,0
41387,1
95706,0
2013,0
65002,1
50123,1
85694,0
59906,1
98104,0
32614,0
23382,0
44206,1
59768,1
99827,0
53060,1
114085,0
116579,0
70010,1
63908,1
95869,0
31676,0
60650,1
64464,1
78642,1
36750,0
73326,1
67362,1
99719,0
18409,0
114038,0
46533,0
108336,0
92668,0
72279,1
26689,0
99041,0
58334,1
85874,0
95287,0
69903,1
40103,1
17126,0
44130,1
52798,1
4771,0
31882,0
5444,1
61044,1
33339,0
20411,0
101587,0
25402,0
95151,0
60062,1
10403,1
67222,1
52098,1
37525,0
65605,1
63525,1
80768,1
64738,1
20830,0
9908,1
4232,1
39912,0
3475,1
116092,0
69995,1
110919,0
299,0
12379,1
62212,1
90697,0
50699,0
88961,0
42851,1
13472,1
36416,0
112874,0
22052,0
31748,0
40179,1
87042,0
68820,1
64283,1
56910,1
101743,0
54913,1
50882,1
54586,0
112892,0
60610,1
80096,1
103694,0
100245,0
1800,1
10512,1
35167,0
42861,0
14495,0
50766,1
44633,0
115682,0
114749,0
42200,0
55742,1
104179,0
57951,1
37832,0
71947,1
98123,0
50390,0
96929,0
7384,1
109683,0
109344,0
47785,1
96836,0
61861,1
78935,1
37341,0
93163,0
68351,1
70369,1
70510,1
109417,0
80379,1
36609,0
108491,0
25812,0
60496,1
74526,1
38470,0
12403,1
10697,1
108254,0
59508,1
14023,0
87266,0
37325,0
101356,0
85426,0
48778,1
93921,0
91515,0
101864,0
27121,0
91707,0
4861,0
13214,1
46517,0
93473,0
110421,0
60808,1
70225,1
113406,0
25191,0
50544,0
11235,1
96167,0
110270,0
24017,0
1467,0
35881,0
42719,1
24586,0
115550,0
111109,0
52548,1
85794,0
74715,0
32289,0
1778,0
38234,0
26149,1
3193,0
46344,1
31298,0
59000,1
906,0
109579,0
50098,1
1578,0
13490,1
8315,1
66760,1
57858,1
18044,1
59638,1
85096,0
77725,0
26052,0
88179,0
85521,0
51977,0
41652,0
60201,1
52694,1
70632,1
49389,1
353,0
105915,0
111041,0
3439,1
45901,0
92077,0
45885,0
75695,1
54618,1
27877,0
82081,0
4167,1
73263,1
12219,1
82409,0
77469,0
38162,0
106478,0
28864,0
5009,1
23257,0
93382,0
70686,1
117739,0
25784,0
17342,0
49146,1
102750,0
117498,0
52809,1
104585,0
61785,1
104487,0
106233,0
52607,1
48615,0
70695,1
78053,0
55221,1
113007,0
107681,0
89306,0
32892,0
73720,1
64845,1
63844,1
56323,1
85028,0
85209,0
36343,0
80210,0
47806,1
27343,0
61208,1
36692,0
30796,0
96413,0
6940,1
68424,1
86524,0
31579,0
58435,1
81724,1
35711,0
45056,1
109778,0
6841,0
113464,0
83526,0
19294,0
26238,0
99608,0
93451,0
84235,0
81486,0
10062,1
105271,0
17530,0
27813,0
112983,0
24376,0
45380,0
29586,0
24903,0
69967,1
118455,0
92573,0
27429,0
110434,0
47300,0
64312,1
13474,0
63790,1
87045,1
110889,0
45980,1
117370,0
74728,0
4425,0
50877,1
90498,0
119162,0
89460,0
85259,0
38208,0
19821,0
66085,1
87002,0
72182,1
61190,1
11888,1
93384,0
63431,1
91984,0
15351,0
117320,0
113946,0
91256,0
83272,0
82803,1
111685,0
54042,1
26437,0
63917,1
61754,1
89374,0
91799,0
62617,1
86234,0
72822,1
42921,0
76075,1
109620,0
58789,1
56373,1
7113,1
34535,0
111379,0
39714,0
91280,0
40391,1
47673,1
107450,0
103876,0
30503,0
52838,1
2209,1
87949,0
72417,1
49819,1
83842,0
116865,0
56426,1
34903,0
118930,0
15012,1
102,0
84266,0
101400,0
46539,0
74082,1
97167,0
9314,1
104425,0
109557,0
80316,1
73199,1
54061,1
114956,0
51088,1
28046,0
73085,1
98905,0
57277,1
109017,0
4698,1
51112,1
25006,0
115167,0
69643,1
7804,1
99444,0
69590,1
6314,1
27207,0
32879,0
95088,0
92673,0
84584,0
14719,1
56,0
26982,0
95950,0
3636,0
78400,0
20225,0
27225,0
62048,1
94466,0
59435,1
1013,1
117929,0
3410,0
18831,1
14389,0
333,0
35158,0
64956,1
108870,0
118215,0
75094,1
26055,0
50768,1
15327,1
32513,0
68452,1
46857,0
54313,1
106267,0
72243,1
95774,0
108127,0
2147,0
23872,0
117185,0
117831,0
91132,0
78618,0
86385,0
42172,0
78485,0
57710,1
116913,0
18749,0
77930,0
63555,1
60915,1
83700,0
76560,1
116116,0
42831,0
87986,0
108018,0
40962,0
10035,1
70018,1
60846,1
91414,0
6346,1
46600,0
3426,1
7277,1
31074,0
21007,0
51093,1
53560,1
39832,0
56217,1
22563,0
8046,0
87119,0
53836,1
9187,1
61869,1
72891,1
100089,0
10043,1
43001,0
68605,1
14191,0
73780,1
77907,0
13409,1
46473,1
24175,0
1852,0
77133,0
95653,0
88729,0
4015,1
97484,0
55904,1
103665,0
114477,0
26918,0
108886,0
47092,0
79261,0
56713,1
13001,1
68369,1
108206,0
45695,0
118487,0
29235,0
46350,0
32084,0
74114,1
22062,0
42354,0
40530,0
11476,1
79664,0
118654,0
83490,0
101580,0
78698,0
62084,1
54011,1
83582,0
94233,0
18281,0
90846,0
1503,0
11387,1
5130,0
57971,1
68130,1
77513,0
112345,0
49834,0
106370,0
113552,0
86032,0
102950,0
110824,0
55371,1
41488,0
60173,1
74008,1
41229,1
8397,0
8646,1
104086,0
89600,0
57157,1
26539,0
64953,1
30602,0
12081,1
40376,0
107329,0
21602,0
96622,0
19747,0
42645,1
70740,1
45053,0
81538,1
49666,1
61506,1
74648,1
86300,0
78493,0
69769,1
63245,1
13806,0
105391,0
83061,0
99795,0
111744,0
41835,1
32281,0
85687,0
40444,0
97104,0
7736,1
88569,0
10708,1
97573,0
73736,1
48328,1
90835,0
113561,0
82144,1
112538,0
29621,0
59498,1
5041,1
63358,1
9644,1
59044,1
61036,1
114890,0
111938,0
67962,1
22922,0
98404,0
117593,0
50287,1
80035,0
66314,1
38578,0
116756,0
43004,0
45308,0
8453,1
29326,0
101184,0
76865,1
62040,1
47674,1
8579,0
24594,0
117482,0
83399,0
110523,0
82621,0
114048,0
71495,1
66687,1
3599,1
99364,0
101129,0
37409,0
87372,0
47531,0
25037,0
113265,0
39846,0
30117,0
111997,0
114721,0
20462,0
82538,0
72067,1
83557,0
31185,0
37438,0
15774,0
107949,0
4463,1
59743,1
70584,1
100030,0
107459,0
84568,0
97488,0
71107,1
3302,0
48715,1
29722,0
68517,1
43115,0
108761,0
12670,1
55682,1
92642,0
113465,0
2818,1
14398,0
40573,1
87271,0
39318,0
13081,1
82969,0
40608,0
31456,0
2399,1
56046,1
83666,0
109324,0
20011,0
77644,0
67266,1
89031,0
93165,0
19311,0
51133,1
81627,1
96226,0
113301,0
93970,0
97351,0
90370,0
29508,0
112773,0
88384,0
53587,1
46284,0
90709,0
23825,0
43159,0
75774,1
40635,0
53494,1
68817,1
118819,0
112294,0
90139,0
88764,0
31664,0
114330,0
76320,0
17840,0
42284,1
74595,1
12223,1
101421,0
91185,0
83522,0
2012,0
116114,0
42498,0
37448,0
37462,0
83285,0
12895,1
4661,1
76454,1
111146,0
39595,0
31972,0
74623,1
28977,0
116833,0
82307,0
38236,0
102721,0
24458,0
100938,0
1280,0
28594,0
85626,0
107164,0
15593,0
36966,0
64585,1
60055,1
40094,1
54639,1
93236,0
27073,0
67843,1
71638,1
74288,1
66357,1
66474,1
15343,1
11943,1
89569,0
38730,0
31608,0
81804,1
47898,1
5608,0
91485,0
112171,0
115050,0
46780,1
46623,1
93673,0
53686,1
44386,0
57390,1
94132,0
99805,0
104506,0
71367,1
85086,0
2638,1
84512,0
8643,1
95912,0
54898,1
14229,0
7088,1
119270,0
39219,0
56718,1
80803,0
74576,1
85173,0
15489,0
12434,1
6438,0
1210,0
85120,0
117008,0
49516,1
89804,0
42747,0
55589,1
7437,1
112498,0
88910,0
3614,0
20896,0
62883,1
42219,0
19456,0
40852,1
88781,0
113939,0
42117,0
80581,1
2239,0
310,1
116213,0
69825,1
6100,0
104504,0
45523,0
84227,0
51178,1
31857,0
47796,0
37452,0
62673,1
2302,1
26988,0
100846,0
49103,1
54434,1
77364,1
4963,1
31635,0
45392,0
43245,0
16114,0
73109,1
63761,1
115852,0
13536,1
64042,1
24443,0
81018,1
16991,0
27809,0
18518,0
116127,0
114238,0
66976,1
19011,0
90878,0
95536,0
4973,1
68584,1
88974,0
56248,1
12503,1
69418,1
1692,0
8266,1
40464,0
5163,1
97249,0
15184,1
72696,1
69607,1
116175,0
26435,0
96,1
96492,0
4454,1
52080,1
79329,0
94942,0
67447,1
101937,0
64609,1
72486,1
46829,0
61252,1
27722,0
94763,0
90964,0
9493,1
76399,0
79561,1
109880,0
105212,0
56289,1
48535,1
81791,1
78831,0
62019,1
105665,0
21765,0
49137,1
107911,0
105937,0
52472,1
77300,0
72575,1
65830,1
99246,0
35568,0
45517,1
24573,0
8261,1
67108,1
62739,1
118845,0
8442,1
726,1
91669,0
41624,0
319,0
64247,1
15284,0
40036,0
46155,0
76059,1
67734,1
89632,0
107780,0
58007,1
81322,0
4203,1
67170,1
25175,0
105069,0
39641,0
86958,0
55175,0
17091,0
80834,0
117034,0
85648,0
50772,1
4380,1
61262,1
96897,0
41266,0
116182,0
52308,1
35187,0
79413,1
16269,0
42021,0
63766,1
13900,0
102711,0
6929,1
61646,1
59065,1
116143,0
101904,0
25930,0
6655,0
43687,0
35344,0
117751,0
21870,0
49279,1
39910,0
82328,0
18720,0
48378,1
44507,0
44696,1
66062,1
106575,0
84505,0
3954,0
39176,0
59642,1
68193,1
24805,0
76872,1
72976,1
2565,1
1293,0
46032,1
32012,0
39329,0
65505,1
23729,0
56129,1
21414,0
19594,0
110058,0
94930,0
83834,0
73774,1
18332,0
20891,0
90850,0
117537,0
116295,0
85314,0
81837,1
78638,1
51137,0
83032,0
19072,0
25796,0
96320,0
21831,0
29152,0
78682,0
109019,0
21108,0
77282,0
116321,0
44446,1
39500,0
108225,0
91876,0
110642,0
12350,1
30241,0
48644,0
92268,0
103459,0
83588,0
30136,0
73954,1
18629,0
9048,1
111864,0
88852,0
91686,0
39181,0
41259,1
117051,0
112888,0
20243,0
42740,0
75536,1
86081,0
16380,0
110938,0
66784,1
45314,0
27537,0
38218,0
65546,1
32027,0
25048,0
106802,0
20804,0
86722,0
7346,1
20753,0
82094,1
14767,1
1633,0
47414,0
87856,0
79157,0
102116,0
28418,0
118285,0
45140,1
46698,0
106705,0
49501,1
36053,0
65563,1
44514,0
99659,0
90845,0
36326,0
6293,1
7544,1
32934,0
44754,0
12364,1
11919,1
48645,1
38381,0
32559,0
22552,0
98107,0
41024,0
83851,0
83242,0
93334,0
53117,0
37742,0
55061,1
38884,0
23491,0
22028,0
117424,0
22384,0
87889,0
82262,0
36279,0
71729,1
89861,0
117459,0
40988,0
63856,1
20192,0
98056,0
9313,1
96029,0
31811,0
3185,0
71098,1
72003,1
41869,0
95352,0
113508,0
115341,0
54875,1
58758,1
40961,0
53246,1
57908,1
52537,1
22581,0
15115,1
15874,0
65652,1
98254,0
83797,0
36812,0
76708,0
73447,1
75698,1
118243,0
11293,1
8450,1
105961,0
87664,0
103621,0
58957,1
2991,0
74718,0
86379,0
45207,1
47814,0
116167,0
42711,0
50243,1
98332,0
115836,0
53248,1
78692,0
33519,0
67905,1
103516,0
31557,0
31305,0
109327,0
76839,0
67994,1
17797,0
86115,0
111471,0
79355,0
88718,0
89720,0
88248,0
109704,0
103028,0
110814,0
40483,1
65004,1
40920,0
43442,1
42654,0
29560,0
112439,0
7526,1
20270,0
66064,1
86695,0
112997,0
20213,0
17615,0
87872,0
86168,0
37243,0
107093,0
7998,1
106409,0
64375,1
41876,1
39401,0
68572,1
65494,1
38338,0
26835,0
48495,0
96351,0
84837,0
74216,1
30922,0
73908,1
18220,0
61641,1
98338,0
11915,1
64570,1
64046,1
23793,0
70565,1
42103,0
55233,1
80609,0
20669,0
16274,0
32657,0
57258,1
57693,1
108440,0
48134,1
92796,0
105698,0
52958,1
76298,0
16455,0
64489,1
6630,1
53103,1
94018,0
75021,1
112241,0
3963,0
107691,0
59283,1
40247,1
45288,0
50122,1
30816,0
64644,1
32751,0
31101,0
82437,0
80178,0
112287,0
13141,1
69374,1
69560,1
38414,0
50720,1
104678,0
66393,1
57264,1
73219,1
114266,0
4656,0
7038,1
105223,0
97310,0
70993,1
43936,1
108860,0
112767,0
104178,0
19485,0
42132,0
111796,0
1846,1
94627,0
87487,0
28530,0
11255,1
85723,0
117960,0
107291,0
9152,1
117425,0
31302,0
93051,0
56660,1
52226,1
3066,1
54010,1
113132,0
14727,1
97049,0
106573,0
53335,1
617,1
99174,0
76572,1
81952,1
59936,1
65083,1
72347,1
28154,0
46096,1
44596,0
68589,1
17851,0
26173,0
5214,0
112875,0
58693,1
113181,0
15251,1
791,0
2984,1
72528,1
3310,1
19694,0
79322,0
114813,0
19095,0
68612,1
48728,1
34029,0
46670,0
112909,0
97002,0
18275,0
111763,0
18483,0
49536,1
70837,1
83801,0
104448,0
9773,1
111085,0
22981,0
77101,0
116196,0
53862,1
79085,0
92620,0
42389,0
103452,0
37650,0
24336,0
99709,0
116985,0
59615,1
49209,1
90285,0
22699,0
118273,0
112593,0
86743,0
35754,0
85214,0
64691,1
16864,0
44567,0
67336,1
81366,1
39529,0
114838,0
73206,1
28308,0
13527,1
96136,0
39197,0
42369,1
80969,1
9751,1
66709,1
1294,0
4097,1
67949,1
36398,0
115668,0
97530,0
72744,1
99776,0
27787,0
24676,0
37227,0
3479,1
73864,1
96702,0
96340,0
49030,1
68745,1
10441,1
110807,0
88899,0
111046,0
110810,0
60435,1
118761,0
99277,0
40131,1
115503,0
2654,1
79415,1
89113,0
28501,0
43219,0
100411,0
90923,0
30722,0
39794,0
7007,1
91880,0
101226,0
84889,0
72654,1
87492,0
1101,1
112224,0
45525,1
8737,0
6095,1
29585,0
8835,1
89915,0
100424,0
40939,0
77720,0
7374,1
1307,0
111368,0
102506,0
39414,0
47575,1
106336,0
110343,0
115116,0
58484,1
87823,0
11117,1
31277,0
81460,1
98933,0
75278,1
8916,1
57690,1
62985,1
27717,0
115365,0
4947,0
74682,1
90060,0
19722,0
90777,0
85775,0
71023,1
29634,0
112520,0
38487,0
45338,0
104322,0
8654,0
31480,0
100350,0
43387,0
108140,0
10377,1
42702,0
9038,1
84976,0
400,1
84737,0
5827,1
54045,1
69577,1
11067,1
105916,0
97017,0
14755,1
18993,0
90748,0
38145,0
111115,0
110798,0
23646,0
112372,0
5741,1
99286,0
45951,1
22048,0
17164,0
58421,1
74180,1
28643,0
41436,1
27287,0
106918,0
99132,0
48886,1
17075,0
5095,0
38491,0
86123,0
63400,1
105805,0
25631,0
63106,1
41821,0
46135,0
18303,0
99627,0
102677,0
35355,0
51709,1
106511,0
42382,1
41369,1
56532,1
95812,0
70883,1
22831,0
40185,1
87333,0
53344,1
28396,0
75863,1
55328,1
28986,0
118799,0
99520,0
21626,0
74271,1
92984,0
49725,1
103075,0
30065,0
9127,1
74006,1
72818,1
99781,0
19640,0
62142,1
93495,0
92300,0
85400,0
25452,0
48367,1
39379,0
50294,1
69692,1
45821,0
117057,0
84496,0
85644,0
98174,0
6198,0
101919,0
32819,0
24690,0
108045,0
117860,0
32585,0
106395,0
66252,1
18670,0
92490,0
80946,0
75408,1
25977,0
14491,0
76169,1
115837,0
106689,0
112474,0
99434,0
28848,0
77567,0
76092,1
4163,1
12406,1
104736,0
83297,0
80240,0
40405,1
32019,0
31355,0
99491,0
29871,0
19520,0
118747,0
80714,0
60876,1
991,0
13868,0
2723,0
22936,0
11877,1
64416,1
50154,1
23681,0
35010,0
72677,1
114585,0
104470,0
74212,1
94051,0
16389,0
69580,1
91137,0
32146,0
77816,0
14623,0
69944,1
66683,1
94657,0
103041,0
1480,1
26804,0
60835,1
63277,1
65954,1
46516,0
97475,0
68032,1
100336,0
79992,1
39107,0
96589,0
10426,1
19361,0
111133,0
86096,0
16231,0
119253,0
68611,1
208,1
119168,0
24310,0
93260,0
96336,0
40071,0
110473,0
58024,1
99430,0
62898,1
42704,0
28126,0
52397,1
48859,1
4549,0
38312,0
38622,0
45944,1
6177,0
78810,0
82421,0
77236,0
74103,1
53517,1
7779,1
99126,0
104182,0
34625,0
39556,0
37629,0
64396,1
50367,1
16838,0
98878,0
99186,0
64237,1
71302,1
12868,1
11653,1
70455,1
67330,1
107035,0
82686,0
113109,0
15040,0
62498,1
29682,0
96794,0
2958,1
44914,1
84871,0
61144,1
16630,0
69857,1
112125,0
55326,1
71322,1
96916,0
23608,0
76898,0
84298,0
18148,0
98415,0
79949,0
102409,0
40858,1
5812,1
61531,1
96091,0
10671,1
51897,0
51325,1
75453,1
42095,0
38194,0
24104,0
113874,0
25902,0
42977,0
63906,1
39024,0
5470,1
8908,1
44023,0
23155,0
36517,0
6611,1
66910,1
41062,0
5521,1
111936,0
11181,1
71296,1
19538,0
27641,0
3344,1
54507,1
12175,1
48476,1
83569,0
101885,0
100094,0
27081,0
75214,1
40582,1
47644,1
61548,1
38782,0
18507,0
6096,1
22273,0
13318,1
109946,0
114384,0
100412,0
81594,1
45711,0
20053,0
46378,1
35872,0
94173,0
1566,0
110216,0
68588,1
83169,0
1939,1
98132,0
32839,0
25435,0
50435,0
51301,0
13071,1
41561,0
46634,1
98519,0
21273,0
85510,0
52324,0
4208,1
72899,1
86754,0
27063,0
3425,1
86443,0
24740,0
15427,0
102240,0
79811,1
15414,1
39226,0
57833,1
87520,0
115651,0
95387,0
108825,0
15432,0
12243,1
64825,1
29339,0
2178,0
65484,1
100407,0
73246,1
94963,0
37863,0
42009,0
59989,1
112550,0
92767,0
62930,1
19703,0
105131,0
50731,0
81137,1
12704,1
63452,1
15280,0
91189,0
100395,0
93915,0
101541,0
119029,0
6103,1
25965,0
105605,0
53744,1
107347,0
69562,1
104189,0
64328,1
10133,1
70212,1
12399,1
23046,0
107317,0
92522,0
47110,0
35519,0
117505,0
114083,0
65682,1
44152,0
9669,1
77223,0
3063,0
60440,1
45452,0
40506,1
108963,0
44257,0
19224,1
17694,0
23055,0
86224,0
28284,0
51126,1
21544,0
36976,0
49897,1
96756,0
16879,0
21425,0
66070,1
86157,0
44511,0
37368,0
116349,0
65542,1
18710,0
113899,0
28634,0
69456,1
60381,1
96725,0
29521,0
37206,0
81852,1
38157,0
18188,0
54119,1
72080,1
15032,0
26218,0
66362,1
59477,1
28705,0
39249,0
24090,0
79848,1
74659,1
43388,0
108492,0
113386,0
93117,0
87486,0
30756,0
186,0
114169,0
14128,0
60007,1
67896,1
59476,1
100235,0
49052,1
117794,0
14500,0
5087,0
99878,0
99875,0
30855,0
90037,0
78133,0
48037,1
83761,0
101722,0
114077,0
9900,1
21214,0
28965,0
49368,1
100338,0
12091,1
112169,0
9190,1
88228,0
110215,0
96641,0
54537,1
44582,0
88049,0
27555,0
60943,1
93324,0
15709,1
11800,1
109859,0
39460,0
6312,1
113606,0
104100,0
76625,0
51539,1
72943,1
46481,0
64941,1
30650,0
115178,0
33147,0
69883,1
50350,1
25367,0
56497,1
62136,1
65945,1
58686,1
5995,1
105814,0
90201,0
6530,0
4906,1
57378,1
5196,1
96967,0
115839,0
11282,1
90657,0
8543,1
106361,0
48360,1
59126,1
8174,0
81631,1
7531,1
60227,1
84766,0
18197,0
403,0
11046,1
41180,1
68181,1
70403,1
10337,1
65709,1
56462,1
114709,0
111216,0
110074,0
25635,0
94716,0
61766,1
2922,1
60298,1
68993,1
13065,1
29618,0
75769,1
105358,0
54451,1
103638,0
99402,0
37455,0
28319,0
3255,0
32238,0
75511,1
21986,0
49431,1
1392,1
35592,0
54963,1
67785,1
69749,1
47479,1
76899,0
37591,0
69947,1
105098,0
91994,0
90797,0
118875,0
107985,0
44228,0
38265,0
37659,0
63420,1
92280,0
116537,0
61081,1
22794,0
31197,0
89072,0
45742,1
19350,0
93963,0
53493,1
22942,0
12679,1
24616,0
21095,0
21789,0
101549,0
104550,0
112806,0
65726,1
64623,1
104223,0
95127,0
102545,0
110514,0
64984,1
64640,1
80033,0
84607,0
20383,0
8285,0
17900,0
46132,1
115710,0
72144,1
87189,0
8234,1
110570,0
111817,0
3778,1
24517,0
76873,1
77383,1
21671,0
26858,0
11449,1
971,0
108308,0
60011,1
101930,1
3395,1
60538,1
79665,0
91982,0
26789,0
111400,0
20740,0
2722,0
35107,0
102447,0
5110,1
107342,0
106,1
78345,0
62894,1
77276,0
82937,1
33027,0
109927,0
57333,1
79196,0
26757,0
42523,0
104803,0
49597,1
61412,1
25301,0
57379,1
90217,0
40206,1
48846,0
108696,0
80965,0
44349,0
43447,1
81032,1
104552,0
11550,1
40440,0
8839,1
3215,0
51735,1
49685,1
46115,0
41048,0
30787,0
6272,0
80522,0
713,0
36718,0
89559,0
82716,0
95550,0
4681,1
4710,0
73914,1
16595,0
32159,0
77027,0
8308,1
108760,0
83134,0
18339,1
97235,0
83774,0
62127,1
4330,1
73995,1
107271,0
27973,0
48201,1
29777,0
37480,0
98757,0
74307,1
61176,1
51532,1
28347,0
35811,0
47958,1
98599,0
32126,0
24299,0
30836,0
87473,0
73670,1
38689,0
6701,1
44031,0
104336,0
72889,1
87290,0
31278,0
66921,1
80245,0
113836,0
112908,0
85517,0
64021,1
52154,1
80675,0
111514,0
19414,0
108831,0
36828,0
32615,0
42888,0
43184,0
44513,0
68210,1
115783,0
83738,0
60516,1
77124,0
30593,0
112049,0
63945,1
113927,0
119030,0
57896,1
31482,0
91841,0
46455,1
111308,0
51746,1
73202,1
119060,0
67835,1
29541,0
20469,0
78330,0
96250,0
115489,0
13011,1
58315,1
72079,1
104369,0
106400,0
19625,0
4916,1
48596,0
43608,0
29336,0
82568,0
27566,0
92018,0
114779,0
22523,0
109074,0
110970,0
118905,0
102004,0
81531,0
68089,1
101501,0
28504,0
9844,1
89637,0
82607,0
106338,0
3534,0
12515,1
73220,1
68922,1
73269,1
25240,0
94933,0
58026,1
16598,0
7408,1
20992,0
92919,0
21280,0
108021,0
84045,0
74804,1
56602,1
39921,0
75419,1
35904,0
21277,0
25730,0
92182,0
48583,1
28091,0
30142,0
32445,0
9599,1
112931,0
51459,1
33583,0
92234,0
74211,1
14900,0
29884,0
6677,1
78842,0
105868,0
116444,0
108129,0
71279,1
85071,0
6696,1
82273,0
95678,0
77949,0
69180,1
98784,0
8388,1
90503,0
26783,0
86999,0
16888,0
90506,0
25353,0
117793,0
4250,0
3679,0
52863,1
41365,0
34508,0
26517,0
93136,0
115366,0
599,1
60873,1
9311,1
71984,1
73385,1
87512,0
21815,0
40150,0
53934,1
33607,0
74811,1
95620,0
41172,1
58047,1
53223,1
13190,1
90946,0
24887,0
95758,0
99855,0
90679,0
15029,0
53260,1
16716,0
54504,1
107854,0
76709,0
56552,0
28415,0
30869,0
44419,1
86922,0
106386,0
60258,1
46618,0
51650,1
98621,0
2505,0
44528,0
27134,0
11501,1
72698,1
75341,1
54179,1
59242,1
33254,0
93525,0
28809,0
53093,1
76210,1
109298,0
92472,0
70776,1
110329,0
54379,1
25197,0
33997,0
18373,0
78283,0
95673,0
79396,0
32512,0
99660,0
32365,0
59742,1
91538,0
85019,0
111166,0
28881,0
3098,1
55413,1
15823,0
73345,1
97399,0
35366,0
1776,0
16026,0
35524,0
19680,0
93054,0
5810,0
46436,0
76049,1
75903,1
52197,1
75660,1
95888,0
31623,0
57654,1
81335,0
98389,0
13740,1
8715,1
11640,1
108801,0
110028,0
2215,1
33687,0
57395,1
14754,1
66026,1
106151,0
56733,1
95001,0
50044,1
83967,0
103852,0
88654,0
42441,0
94488,0
24205,0
48915,1
39058,0
57033,1
117297,0
32186,0
76121,1
7721,1
89127,0
70358,1
5096,1
81489,0
99390,0
1970,0
35310,0
115272,0
76122,1
64037,1
84908,0
67928,1
26965,0
31380,0
114050,0
10881,1
111229,0
34836,0
79594,0
5720,0
40814,1
94776,0
31650,0
107399,0
80927,0
15262,0
90618,0
114315,0
30765,0
99067,0
40121,0
23839,0
115434,0
103982,0
36366,0
96309,0
31600,0
39873,0
3839,0
95853,0
76406,1
9016,1
109849,0
109275,0
32316,0
32132,0
50106,0
61857,1
88825,0
62751,1
5634,1
5315,1
52664,1
11711,1
53745,1
110210,0
42377,1
24259,0
56981,1
76318,0
4084,1
66992,1
83106,0
66644,1
55354,1
76398,0
11141,1
40006,0
79332,0
49845,0
34093,0
80670,0
82173,1
92506,0
118387,0
106039,0
8951,1
100792,0
79556,0
102666,0
37502,0
60495,1
103803,0
61359,1
74901,1
67555,1
29143,0
39311,0
38386,0
45998,1
79846,1
25438,0
94491,0
23702,0
60398,1
93637,0
26388,0
35599,0
113008,0
62831,1
72030,1
103162,0
16156,0
107268,0
59559,1
65862,1
11792,1
43462,0
82617,0
40323,0
50381,0
107305,0
52252,1
59043,1
34635,0
109869,0
19973,0
61204,1
99279,0
92560,0
50530,1
58438,1
4211,1
112400,0
30768,0
38979,0
69318,1
103805,0
70968,1
111587,0
73082,1
109261,0
88948,0
112200,0
32161,0
75449,1
3980,1
92183,0
66891,1
56034,1
22511,0
66691,1
6688,0
99730,0
1288,0
30974,0
40176,1
34327,0
55036,1
114007,0
43128,0
84413,0
79589,0
3455,0
3164,0
14618,0
102257,0
118548,0
112449,0
100472,0
73146,1
22308,0
64688,1
49740,1
82467,0
75898,1
58575,1
48739,1
31547,0
78683,0
112401,0
55397,1
66051,1
18716,0
109695,0
77373,1
45687,0
66659,1
107361,0
14058,0
86094,0
4753,0
1949,1
90084,0
68488,1
49589,1
95772,0
27494,0
85713,0
9424,1
729,0
46181,0
71047,1
29092,0
55469,1
40514,0
87857,0
90028,0
10317,1
81947,1
90651,0
14343,0
114945,0
38821,0
64529,1
81058,1
98418,0
49637,1
61786,1
71585,1
70933,1
109449,0
63972,1
103496,0
43133,0
90067,0
36754,0
18512,0
77341,1
84142,0
60580,1
65347,1
46726,1
60004,1
37340,0
107999,0
27844,0
54781,1
66073,1
47967,0
77584,0
57875,1
14235,0
69766,1
27111,0
34983,0
109199,0
50850,1
84696,0
41181,0
86218,0
5601,0
5831,0
32409,0
53220,1
81830,1
86825,0
68308,1
65094,1
67876,1
94575,0
38992,0
113768,0
12332,1
49430,1
47656,1
82498,0
67603,1
12268,1
20873,0
17649,0
82881,1
70447,1
38428,0
92582,0
49072,1
18415,0
41772,0
58726,1
23159,0
116060,0
75476,1
103663,0
27901,0
22191,0
56705,1
69003,1
117372,0
105114,0
30967,0
106025,0
39055,0
90385,0
95652,0
112304,0
110576,0
83307,0
115269,0
100973,0
41900,0
1218,1
63013,1
112687,0
67632,1
81603,0
62650,1
16225,0
33009,0
67427,1
2645,1
95784,0
113126,0
33641,0
87997,0
59026,1
115991,0
105455,0
25288,0
110284,0
62604,1
19774,0
5688,1
28327,0
62735,1
52527,1
81725,1
77226,0
45334,0
90112,0
75488,1
66664,1
111912,0
84370,0
876,0
88787,0
75998,1
7578,1
92970,0
115057,0
5683,1
111069,0
10720,1
34282,0
33037,0
33225,0
79796,1
102414,0
57608,1
46587,0
76710,0
103043,0
118552,0
17815,0
54550,1
101843,0
38034,0
103906,0
101759,0
14943,0
10564,1
54104,1
11274,1
51780,0
74521,1
95870,0
11225,1
27036,0
52482,1
106192,0
81840,1
48165,1
71867,1
100753,0
77806,1
25318,0
106030,0
54552,1
98179,0
9750,1
9758,1
96792,0
81026,1
58403,1
35143,0
99918,0
35807,0
68445,1
81523,0
40089,0
38961,0
44001,0
75918,1
20691,0
60307,1
47079,0
84440,0
117058,0
11635,1
16,0
64425,1
78196,0
88610,0
87593,0
16815,0
43569,0
74973,1
14559,0
49214,1
105994,0
116781,0
88691,0
55314,1
116616,0
84594,0
9879,1
103217,0
42730,0
94767,0
51652,1
77910,0
95554,0
113149,0
16261,0
86891,0
9685,1
83920,0
46314,1
106978,0
95477,0
62688,1
42475,0
37954,0
26856,0
77595,0
96081,0
13797,1
76296,0
66229,1
106061,0
19107,0
22484,0
63185,1
13329,1
115043,0
53324,1
25334,0
110396,0
90246,0
29084,0
105894,0
62331,1
3576,0
82647,1
11544,1
41990,0
109370,0
14035,0
83021,0
107884,0
64337,1
46990,1
96395,0
44108,1
42815,1
67450,1
94753,0
34734,0
33858,0
34723,0
110014,0
82961,0
63218,1
92529,0
58314,1
67868,1
98280,0
89745,0
112853,0
39217,0
49492,1
74088,1
96150,0
61481,1
71075,1
92968,0
2408,0
64221,1
81164,1
95557,0
98704,0
24146,0
79039,0
15386,0
23803,0
19259,0
95369,0
55940,1
39380,0
31838,0
104533,0
100426,0
100705,0
68994,1
79116,0
7300,1
107976,0
87653,0
54995,1
83703,0
8902,1
66840,1
44473,0
81576,1
9657,1
80362,0
106972,0
54530,1
47412,0
62175,1
14381,1
79826,0
87758,0
3115,0
22720,0
72842,1
24739,0
81218,0
84524,0
95309,0
115106,0
63916,1
77029,0
27150,0
57503,1
37113,0
9226,1
11081,1
63243,1
28024,0
75122,1
91555,0
113848,0
99235,0
47703,1
88260,0
76565,1
73685,1
7817,1
108293,0
6783,1
113489,0
105794,0
21462,0
27758,0
71681,1
4312,1
2083,0
77130,0
113976,0
83499,0
884,1
113167,0
9931,1
41094,0
76835,1
118075,0
55477,1
62592,1
32543,0
14677,0
81394,0
40977,0
85877,0
72801,1
64058,1
3543,0
81483,0
39521,0
73481,1
75630,1
15116,1
72852,1
40861,1
15932,0
95051,0
27435,0
49446,1
49062,1
98956,0
114790,0
60662,1
97275,0
39418,0
86875,0
38984,0
73194,1
30284,0
62987,1
68185,1
63210,1
14544,0
37187,0
46975,1
80577,0
116087,0
78639,1
84775,0
77956,0
28480,0
6410,1
63371,1
73555,1
91761,0
85115,0
24588,0
44143,0
44201,0
110648,0
115093,0
1708,0
39235,0
42917,1
84919,0
109228,0
71846,1
89549,0
67005,1
89615,0
113782,0
785,0
4251,0
28429,0
65400,1
32120,0
48771,1
9686,1
51051,1
26148,0
52294,1
48114,1
20266,0
41625,0
115749,0
4616,1
80729,1
47170,1
52070,1
104547,0
38974,0
98807,0
43763,0
82447,0
73535,1
4212,1
43040,0
111377,0
11791,1
118753,0
58187,1
68339,1
67838,1
105594,0
6461,1
47653,1
108944,0
14333,1
79021,0
2419,1
11609,1
39149,0
114016,0
23578,0
96986,0
45818,1
92255,0
92839,0
85126,0
35945,0
26403,0
56679,1
7607,1
84184,0
70577,1
90521,0
37514,0
59811,1
111328,0
96422,0
113172,0
105538,0
3216,0
68987,1
16955,0
66528,1
98725,0
109724,0
18118,0
118450,0
45747,1
117732,0
105056,0
102335,0
62041,1
17073,0
109031,0
62776,1
3271,0
102322,0
35500,0
13870,0
20409,0
11564,1
35984,0
10493,1
56136,1
89357,1
61976,1
11426,1
95655,0
5541,0
23022,0
82232,1
11031,1
52944,1
39205,0
115980,0
26029,0
99192,0
72963,1
61996,1
23615,0
20297,0
7974,1
63624,1
102891,0
4030,1
20981,0
81163,1
12712,1
115044,0
29642,0
25291,0
35643,0
104887,0
49401,1
98928,0
46222,0
45092,0
7135,1
35371,0
66731,1
76551,1
58692,1
98381,0
76529,1
25675,0
2890,1
109904,0
10807,1
10211,1
79183,0
36617,0
48293,1
37906,0
115499,0
119214,0
27321,0
50229,1
35955,0
84437,0
55364,1
16763,0
105104,0
54159,1
75861,1
22528,0
15119,0
27591,0
34890,0
83327,0
112582,0
1235,0
104451,0
116057,0
118275,0
79362,1
82301,0
90992,0
39092,0
55584,1
118715,0
7975,1
77550,1
41243,0
53104,1
76893,0
49119,1
34167,0
108329,0
2628,1
81117,1
97564,0
102528,0
3566,0
18979,0
70308,1
3304,0
29366,0
32144,0
89165,1
65235,1
110104,0
78061,0
52471,1
46771,0
1422,0
55464,1
12625,1
113462,0
78468,0
115483,0
105783,0
27352,0
20716,0
114745,0
2078,0
4599,0
81347,0
95441,0
24897,0
109546,0
34795,0
27293,0
15402,0
34568,0
64759,1
38416,0
72245,1
34008,0
113134,0
115990,0
28729,0
92812,0
79845,1
4161,0
95947,0
112443,0
17262,1
8250,1
12157,1
116784,0
49803,1
10892,1
33063,0
105304,0
101874,0
1202,1
8199,0
26039,0
71725,1
16373,0
52169,1
73261,1
66953,1
8440,1
48050,1
79369,1
84315,0
46969,1
29459,0
60894,1
81987,1
108622,0
77975,0
106301,0
4246,1
99454,0
54845,1
38163,0
16931,0
3884,1
15909,0
95440,0
16875,0
18420,0
63661,1
117405,0
49255,1
77568,0
28357,0
89803,0
10794,1
40055,0
110,0
106296,0
80349,0
51698,1
45370,0
11492,1
2002,0
116017,0
14572,0
8776,0
119181,0
42600,0
24275,0
115422,0
58970,1
65823,1
110581,0
100098,0
99017,0
90750,0
116268,0
96364,0
102113,0
31238,0
26834,0
96912,0
17072,0
94246,0
23351,0
80007,1
41390,0
56694,1
99359,0
116859,0
74726,0
27899,0
37154,0
107630,0
81675,1
14195,0
12592,1
30032,0
64888,1
35986,0
51163,1
86,0
69950,1
58557,1
86454,0
83420,0
90163,0
12847,1
6189,0
42554,0
117378,0
87605,0
71297,1
85791,0
98758,0
95911,0
36675,0
21403,0
54877,1
31098,0
105128,0
80967,1
32103,0
116381,0
110186,0
51094,0
90741,0
41746,0
31831,0
55529,1
103521,0
72644,1
49239,1
94247,0
7487,0
23612,0
71675,1
23687,0
33521,0
48854,1
42020,1
112493,0
42638,0
27085,0
44885,0
39245,0
102844,0
21813,0
48898,1
104400,0
53091,1
93156,0
65011,1
36452,0
49201,1
22591,0
43445,1
63700,1
5773,1
22478,0
95663,0
8099,1
76197,0
103285,0
31843,0
110502,0
52751,1
5802,0
55915,1
99395,0
94485,0
15881,0
68912,1
12764,1
74426,1
108166,0
85269,0
17101,0
87215,0
6725,1
57817,1
35402,0
7025,1
110243,0
51108,1
89675,0
17998,0
68278,1
70635,1
15250,1
11174,1
113985,0
60148,1
1453,0
56157,1
37669,0
81673,1
101143,0
33624,0
9363,1
45720,0
89397,0
109764,0
42673,0
86322,0
52862,1
6697,1
97297,0
77005,0
19993,0
42472,0
70359,1
34140,0
61248,1
72164,1
98115,0
18818,0
57316,0
71428,1
92552,0
52995,1
23695,0
60532,1
2277,0
30720,0
26652,0
89821,0
100289,0
53979,1
38196,0
111337,0
38129,0
116390,0
74590,1
67277,1
43240,0
105181,0
70083,1
65561,1
95733,0
57883,1
115300,0
70429,1
66706,1
77181,1
114078,0
45045,0
54851,1
86420,0
107391,0
34063,0
11914,1
86492,0
5744,1
2965,0
100208,0
105504,0
83334,0
89423,0
41823,0
91547,0
43239,0
103008,0
53765,1
8110,1
98195,0
18684,1
93083,0
102488,0
57982,1
113417,0
57556,1
44688,0
39509,0
80315,1
52542,1
95106,0
3167,0
106521,0
84561,0
24169,0
54588,1
8120,1
41410,1
55423,1
102845,0
101648,0
36025,0
98975,0
97799,0
101502,0
73104,1
65473,1
6743,1
8119,1
116511,0
99404,0
77337,1
11767,1
19087,0
32106,0
98273,0
45676,1
52571,1
89874,0
9333,1
107982,0
89168,0
58837,1
74560,1
103050,0
68212,1
96120,0
41135,0
92658,0
84822,0
28136,0
62842,1
11191,1
83302,0
112709,0
35690,0
68303,1
37230,0
62715,1
100241,0
107805,0
1491,1
56174,1
17372,0
25513,0
73743,1
59526,1
8154,0
67862,1
22665,0
55456,1
61352,1
57018,1
43082,0
32423,0
49262,1
80208,0
25145,0
106818,0
85341,0
43334,0
64988,1
57723,1
21822,0
21305,0
70942,1
36637,0
112759,0
51867,0
13183,1
75891,1
116416,0
135,0
91059,0
103771,0
116119,0
85633,0
37563,0
41072,0
33529,0
71035,1
6171,1
88990,0
59611,1
89663,0
106080,0
79124,0
102020,0
30969,0
92978,0
6132,0
84602,0
81002,1
63996,1
110460,0
74525,1
29574,0
12930,1
93778,0
18704,0
91490,0
94290,0
18649,0
97078,0
63030,1
36532,0
102732,0
47253,1
63407,1
5586,1
52008,1
41932,0
76496,1
93591,0
96653,0
73476,1
55480,1
36962,0
57735,1
37478,0
64254,1
98025,0
112127,0
88733,0
119153,0
49502,1
29525,0
82697,0
102281,0
57574,1
98058,0
18055,0
22668,0
41742,0
69018,1
44772,0
57502,0
74410,1
32931,0
87012,0
2326,0
11280,1
107785,0
10318,1
89784,0
107222,0
40432,0
59881,1
62121,1
83648,0
49862,0
22547,0
93492,0
15248,1
36464,0
94183,0
2486,0
71566,1
75041,1
76951,1
86734,0
114397,0
57256,1
67725,1
107175,0
32335,0
103647,0
15464,0
102264,0
27652,0
51561,1
14426,0
21472,0
101419,0
40744,0
82713,0
92793,0
102878,0
26495,0
103918,0
2204,0
41800,0
79874,0
14840,1
51043,1
69733,1
97919,0
98760,0
30839,0
37727,0
44888,0
9245,1
5260,1
98705,0
5798,1
11096,1
96585,0
34332,0
57902,1
86837,0
81133,1
9661,1
49702,1
820,0
10111,1
64302,1
60218,1
66006,1
76603,0
44703,0
88549,0
21357,0
17493,0
87661,0
41045,0
12371,1
93115,0
36329,0
37094,0
12784,1
66207,1
27388,0
73661,1
87984,0
65687,1
82380,1
76393,0
60820,1
90176,0
12172,1
66087,1
14142,0
59548,1
107231,0
22242,0
32503,0
19686,0
101119,0
69145,1
67490,1
46015,0
29758,0
78917,0
62769,1
91836,0
35705,0
21109,0
35016,0
34266,0
80666,0
14543,0
30469,0
85534,0
83025,0
103752,0
97180,0
109065,0
116596,0
115039,0
23336,0
73207,1
21320,0
22901,0
94631,0
30805,0
74330,1
20112,0
99547,0
1971,0
53908,1
104589,0
62697,1
63672,1
83227,0
43426,0
35943,0
3964,1
80192,0
95086,0
54957,1
8769,0
81122,1
89884,0
114086,0
9578,1
25530,0
7138,1
114496,0
17118,0
15089,0
12296,1
99024,0
103167,0
20901,0
69358,1
93365,0
71827,1
14785,1
81000,1
90421,0
2276,0
89025,0
55935,1
25083,0
6529,1
16212,0
11708,1
116649,0
109107,0
22277,0
3753,1
15487,0
11543,1
9942,1
30653,0
7202,1
118823,0
5752,1
29906,0
46923,1
97817,0
20044,0
33933,0
68751,1
119208,0
66661,1
7365,1
1782,0
7938,1
67054,1
65671,1
110686,0
58826,1
99425,0
114488,0
51833,0
40953,0
22871,0
8810,1
92306,0
103470,0
49644,0
1417,0
72009,1
104976,0
104453,0
103960,0
43195,0
48698,1
63404,1
80725,1
50224,1
9837,1
20271,0
24311,0
1637,1
21661,0
44862,0
84210,0
16965,0
40568,1
45465,1
65065,1
9528,1
14560,0
37840,0
72523,1
42953,0
113830,0
119161,0
56360,1
83682,0
97571,0
39207,0
71634,1
18257,0
31328,0
6830,0
37635,0
10613,1
105742,0
1112,0
1751,0
108032,0
96759,0
34102,0
79042,0
100002,0
66078,1
99510,0
63869,1
31393,0
60772,1
1901,0
14050,0
64204,1
60859,1
89134,0
90420,0
103677,0
49870,1
3384,1
87980,0
85671,0
64418,1
46322,1
8023,1
4185,1
49836,1
72890,1
55970,1
74141,1
62244,1
47466,1
39655,0
20142,0
60851,1
78104,0
84460,0
98478,0
102574,0
105142,0
65992,1
43746,0
86612,0
46700,0
19250,0
18499,0
108474,0
71484,1
48045,1
69042,1
103202,0
35290,0
112421,0
52997,1
72024,1
21785,0
82959,0
60596,1
101385,0
15578,0
79204,0
91496,0
63955,1
94920,0
9181,1
77842,0
106261,0
45764,0
105629,0
31514,0
41306,0
119341,0
32057,0
13606,1
29110,0
56839,1
75728,1
34345,0
98635,0
104402,0
23631,0
103020,0
45777,0
46018,1
89371,0
68956,1
56825,1
60296,1
83145,0
77279,1
748,1
30697,0
21581,0
98574,0
98879,0
70889,1
74748,1
115159,0
50269,1
80516,1
33406,0
86672,0
23158,0
111258,0
22226,0
100604,0
15446,0
74949,1
64552,1
70374,1
101605,0
56631,1
78251,0
102126,0
90793,0
45610,1
43470,0
60475,1
26807,0
54753,1
11807,1
86983,0
4406,1
89029,0
64105,1
80524,0
58604,1
58357,1
19878,0
96269,0
92247,0
46499,1
59954,1
113014,0
69997,1
59012,1
59458,1
113127,0
113433,0
11410,1
45522,1
31370,0
87537,0
77475,0
44592,0
22245,0
91654,0
40544,0
13048,1
75134,1
87950,0
78817,0
63361,1
100624,0
95305,0
82400,1
17539,0
53127,1
28915,0
23533,0
16485,0
59815,1
114074,0
87946,0
28334,0
35229,0
38642,0
115250,0
44794,0
82357,1
117833,0
109726,0
39889,0
114463,0
117606,0
76249,1
49963,1
16096,0
58613,1
52366,1
10229,1
73397,1
94013,0
60090,1
66290,1
66586,1
90769,0
2121,0
572,0
80519,0
69063,1
98089,0
98558,0
56303,1
91375,0
20450,0
57400,1
21943,0
118557,0
56185,1
20954,0
60262,1
61779,1
79735,0
2955,1
2309,0
33335,0
75327,1
28445,0
103049,0
34395,0
67471,1
69559,1
30803,0
72595,1
64617,1
89897,0
60079,1
8122,0
79352,0
44109,1
95124,0
50602,0
56900,1
96249,0
110869,0
46540,0
10174,1
116005,0
64895,1
107856,0
1589,0
108577,0
1081,0
119020,0
5318,1
22882,0
48675,1
106424,0
81403,0
10088,1
28207,0
7893,1
54109,1
82810,1
91363,0
51374,1
2445,0
119385,0
81242,0
103164,0
16596,0
21616,0
102163,0
91332,0
330,0
58609,1
77418,0
48261,1
74620,1
94449,0
117672,0
48153,0
23844,0
22445,0
30529,0
73436,1
12765,1
9787,1
22916,0
7626,1
8152,0
35834,0
60449,1
1979,0
63763,1
21255,0
103155,0
46426,0
114834,0
99184,0
67349,1
85016,0
81872,1
54136,1
16364,0
72169,1
55390,1
15180,1
111201,0
64447,1
13223,1
19196,1
1132,0
39872,0
60995,1
96126,0
84816,0
114668,0
29009,0
32558,0
20928,0
10723,1
22335,0
102682,0
118833,0
23010,0
2845,0
97804,0
30311,0
63498,1
106646,0
3742,1
8837,1
57467,0
36352,0
43067,0
57884,1
28086,0
116176,0
44834,0
40153,0
116889,0
108047,0
106547,0
2153,1
110627,0
58962,1
42858,1
23117,0
45449,0
114036,0
9796,1
41672,0
59307,1
113470,0
30472,0
16244,0
76441,1
46921,1
54627,1
92784,0
40068,1
7279,1
87503,0
35251,0
103039,0
101989,0
81138,0
107733,0
32671,0
19244,0
60525,1
37456,0
12267,1
16342,0
8731,1
103437,0
112689,0
102897,0
113138,0
84059,0
42447,0
91756,0
14963,0
91851,0
11497,1
13978,0
83515,0
65554,1
51024,0
65148,1
53531,1
7515,1
44518,0
83706,0
56506,1
82664,0
101641,0
156,0
53860,1
101348,0
69096,1
88390,0
5647,1
98586,0
707,1
103962,0
17240,0
4506,1
56801,1
116316,0
42616,0
94663,0
118716,0
25552,0
41363,0
86933,0
118142,0
82109,0
63815,1
57984,1
70991,1
86503,0
28994,0
27471,0
111881,0
90046,0
71538,1
16827,0
75597,0
119164,0
44086,1
73944,1
9511,1
58376,1
61774,1
68363,1
52398,1
84075,0
9392,1
29710,0
113737,0
29887,0
115876,0
71267,1
32274,0
113993,0
84011,0
25765,0
8867,1
36833,0
87366,0
60061,1
74801,1
97502,0
48013,0
70992,1
33035,0
32119,0
110126,0
49397,1
87067,0
35874,0
65517,1
55619,1
10701,1
28648,0
31214,0
93623,0
60392,1
71553,1
34092,0
33180,0
107811,0
61443,1
27049,0
76307,0
70122,1
106298,0
74430,1
64085,1
74475,1
69167,1
34690,0
91774,0
24250,0
11788,1
46012,1
107702,0
39757,0
18844,0
110765,0
14820,1
94168,0
105082,0
21576,0
115548,0
92166,0
61492,1
35245,0
16374,0
45585,1
52850,1
97939,0
87091,0
95887,0
67629,1
64538,1
59612,1
29820,0
15363,0
49546,1
15858,0
28148,0
101067,0
17307,0
34213,0
42471,0
97617,0
4666,1
82579,1
116589,0
33637,0
9350,1
25702,0
70232,1
83898,0
82601,0
4926,1
63020,1
69677,1
74750,1
43090,0
57592,1
48632,1
86495,0
63269,1
43350,0
71740,1
106043,0
93757,0
57271,1
76202,0
47135,1
61728,1
27992,0
92114,0
26253,0
89573,0
696,0
112289,0
77588,0
102422,0
40615,1
83158,0
87701,0
117847,0
83884,0
34792,0
111247,0
46247,0
22951,0
14010,0
101654,0
57790,1
43224,1
44961,1
54407,0
52153,1
10527,1
84455,0
21071,0
32247,0
62017,1
66962,1
64821,1
4465,1
24819,0
84451,0
74435,1
32738,0
45201,0
64380,1
54892,1
42461,0
3905,1
82091,0
25873,0
36716,0
116194,0
66071,1
81251,0
51505,1
38097,0
70086,1
21960,0
40141,0
99737,0
89289,0
88705,0
99175,0
81375,1
71860,1
116121,0
112992,0
80819,1
26117,0
76764,1
55898,1
44399,0
14382,0
21984,0
35916,0
115509,0
47777,1
22635,0
10742,1
2740,1
65366,1
8977,1
31438,0
117566,0
35927,0
82113,0
90701,0
75787,1
71381,1
66711,1
8123,1
68959,1
17816,0
81418,1
83587,0
114627,0
53585,1
58716,1
103089,0
76965,1
46895,1
83627,0
73115,1
45657,0
88229,0
12174,1
27756,0
100932,0
60700,1
42836,0
13732,1
86938,0
88932,0
17977,0
21208,0
101796,0
68321,1
110005,0
96727,0
9902,1
86985,0
62391,1
64608,1
64198,1
9943,1
61083,1
8669,1
73376,1
94192,0
61334,1
1685,0
84422,0
2928,0
13295,1
117809,0
12849,1
9112,1
82119,1
99610,0
104,0
115352,0
5942,1
14858,1
35868,0
23917,0
82458,1
96362,0
105013,0
12167,1
17794,0
8476,1
20283,0
58192,1
75738,1
98909,0
87748,0
10274,1
45473,1
75035,1
47752,1
20722,0
47426,1
3485,1
30325,0
68575,1
92394,0
113015,0
50092,1
34670,0
81348,0
117221,0
68393,1
79220,0
72564,1
98764,0
33043,0
66082,1
58578,1
81884,1
4366,0
71651,1
48106,0
21262,0
19535,0
25973,0
115155,0
96959,0
40127,0
48344,1
86608,0
77158,0
69262,1
8725,0
97439,0
461,0
27480,0
86031,0
3478,1
18333,0
96688,0
47394,1
93503,0
86959,0
22382,0
97431,0
42473,1
39168,0
14261,0
55226,1
117450,0
27937,0
67116,1
105598,0
41853,1
62265,1
44047,1
80987,0
60768,1
93724,0
67039,1
61177,1
106753,0
71560,1
54244,0
107315,0
24201,0
32769,0
35957,0
70971,1
68832,1
37758,0
11098,1
93692,0
85556,0
60076,1
24326,0
118492,0
118353,0
112451,0
40720,0
31706,0
83083,0
79954,0
98461,0
28947,0
88834,0
112250,0
113128,0
80499,1
26078,0
59156,1
30383,0
49824,0
46872,1
36307,0
88993,0
94956,0
55084,1
52630,1
61465,1
103897,0
48989,1
31816,0
45716,0
20102,0
79264,1
96321,0
10196,1
7389,1
2474,1
52655,1
63828,1
41085,0
107656,0
61530,1
31622,0
113498,0
74424,1
82074,0
117457,0
33581,0
118868,0
14197,0
13278,1
80062,1
22827,0
30958,0
90790,0
8296,1
45413,0
41713,0
26204,0
33015,0
111579,0
104630,0
81188,0
68790,1
66005,1
107250,0
8239,1
55598,1
62912,1
62257,1
68840,1
72424,1
5200,1
104412,0
64600,1
109448,0
81253,0
56965,1
52205,1
103406,0
111916,0
11266,1
97314,0
107885,0
103911,0
19078,0
45063,1
30285,0
62378,1
65796,1
108342,0
114240,0
39741,0
106605,0
102025,0
86041,0
82057,0
26627,0
66150,1
35031,0
7340,1
77360,1
99104,0
86413,0
56990,1
111413,0
7781,1
31206,0
102540,0
87399,0
16474,0
51884,0
72206,1
25639,0
100509,0
118829,0
7029,1
79763,0
13077,1
68068,1
96892,0
96465,0
10934,1
108534,0
83282,0
62746,1
17127,0
38363,0
67368,1
49348,1
9344,1
22132,0
22002,0
47815,1
50112,1
110128,0
58708,1
66728,1
36799,0
69172,1
109633,0
70939,1
45100,1
98144,0
63206,1
58852,1
44958,0
34386,0
103004,0
66118,1
19013,0
86367,0
17651,0
61842,1
47774,1
53790,1
102536,0
28081,0
100880,0
66240,1
34551,0
71820,1
73506,1
111186,0
89162,0
18510,0
83701,0
100363,0
64613,1
77703,1
99244,0
74817,1
3453,0
28943,0
33129,0
25569,0
99684,0
37323,0
116474,0
100451,0
51602,1
108624,0
64823,1
104033,0
56265,1
9673,1
93437,0
53876,0
29611,0
33285,0
18251,0
117700,0
106691,0
93354,0
54889,1
38923,0
98087,0
46315,1
112028,0
47354,1
18910,0
107618,0
38705,0
60302,1
111024,0
26259,0
66295,1
34963,0
74720,0
46253,0
39351,0
27019,0
71636,1
70500,1
103324,0
49276,1
118567,0
13770,1
52878,1
69104,1
54008,0
75445,1
61514,1
55551,1
107565,0
10141,1
53847,1
51376,1
98129,0
118613,0
106751,0
62455,1
113321,0
106377,0
67375,1
55338,1
22544,0
31890,0
82836,1
115931,0
21713,0
75791,1
86843,0
89388,0
21855,0
115724,0
107689,0
89763,0
21113,0
113547,0
45275,0
9043,1
64205,1
49042,1
110966,0
78620,0
71010,1
109647,0
116950,0
2545,1
92060,0
75420,1
99217,0
18309,0
14837,1
58913,1
2702,1
9463,1
7853,1
113621,0
20545,0
52780,1
57268,1
62683,1
39056,0
75364,1
115883,0
20370,0
34396,0
85801,0
71699,1
1886,0
20261,0
27694,0
95132,0
104596,0
43510,0
120,0
109501,0
27534,0
117106,0
33602,0
78109,0
23680,0
4113,0
89487,0
67790,1
44978,0
61765,1
113418,0
99584,0
53088,1
73404,1
82919,1
85990,0
25090,0
114396,0
90355,0
73338,1
54983,1
6965,1
41501,1
106310,0
43258,0
3610,0
110025,0
47500,1
84618,0
60000,1
107536,0
51927,0
2921,0
105397,0
55613,1
62365,1
22235,0
91200,0
62206,1
66729,1
52524,1
66905,1
102120,0
62090,1
99439,0
107951,0
78415,0
18870,0
56491,1
91128,0
58729,1
14355,0
21411,0
66128,1
84271,0
117384,0
8692,1
72089,1
78268,1
6584,1
43085,0
43266,0
39051,0
98526,0
42590,0
98602,0
9985,1
89295,0
95177,0
5852,1
97109,0
46446,1
61351,1
97337,0
98506,0
116431,0
7961,1
46393,0
80878,0
92554,0
17679,0
8759,1
1673,1
63562,1
91546,0
32591,0
23243,0
50902,0
8864,1
98854,0
12907,1
116763,0
73601,1
70305,1
85024,0
56847,1
88386,0
80831,0
30308,0
87356,0
57546,1
22207,0
46114,0
72256,1
33472,0
101433,0
31538,0
115084,0
108569,0
25344,0
3902,1
49843,1
98341,0
21039,0
68274,1
63216,1
60719,1
76627,0
54896,1
18375,0
21721,0
36886,0
90585,0
87681,0
13113,1
12892,1
37877,0
2266,0
105507,0
94911,0
101779,0
21306,0
55643,1
90253,0
57707,0
59224,1
66525,1
11391,1
38090,0
78065,1
26649,0
25454,0
76074,1
1950,1
81150,0
62624,1
38535,0
3750,1
81439,1
97562,0
61256,1
28571,0
32803,0
11778,1
43213,0
66690,1
107307,0
88438,0
98664,0
46557,0
116777,0
7561,0
92671,0
113312,0
49298,1
6381,0
103381,0
93502,0
31533,0
839,0
22271,0
78096,0
16969,0
67360,1
60323,1
69319,1
11309,1
38886,0
115718,0
54933,1
24284,0
52729,1
25356,0
35353,0
77196,0
80638,0
52239,1
102521,0
86132,0
77613,0
101711,0
90200,0
2317,1
88337,0
2272,0
112366,0
33471,0
22134,0
101868,0
63339,1
29451,0
101671,0
81971,1
61444,1
98487,0
118967,0
16393,0
5303,1
102707,0
57190,1
100845,0
43384,0
73738,1
111462,0
15504,0
109547,0
16022,0
84684,0
117893,0
111942,0
21550,0
19877,0
114682,0
46060,1
57957,1
37982,0
113272,0
5780,1
68365,1
23494,0
18063,0
108715,0
4301,1
34673,0
22338,0
10237,1
8416,1
27218,0
82349,1
85628,0
117328,0
19067,0
28190,0
86555,0
29898,0
19622,0
36737,0
49250,0
62887,1
54157,1
20689,0
10235,1
5979,1
49530,1
97760,0
22112,0
42927,0
75635,1
107707,0
82820,1
107910,0
82140,1
106728,0
113729,0
68665,1
4146,1
75507,1
27151,0
102649,0
17276,0
37472,0
90596,0
13265,1
41832,1
20912,0
72273,1
46785,0
116491,0
117475,0
102019,0
80945,0
59376,1
62885,1
18269,0
76461,1
61636,1
47727,1
71332,1
48458,1
27964,0
60091,1
51202,1
76123,1
106777,0
87921,0
55162,1
27160,0
22101,0
16388,0
23133,0
32051,0
40158,1
82739,1
119103,0
73161,1
13616,1
7477,1
104271,0
24806,0
8042,1
9752,1
827,1
44492,1
24554,0
115530,0
72587,1
1098,0
113421,0
11024,1
70120,1
22974,0
3081,0
105023,0
112235,0
104893,0
53975,1
35741,0
58919,1
100748,0
115244,0
115759,0
74920,1
71815,1
28721,0
95473,0
74116,1
26075,0
17122,1
18440,0
53070,1
116703,0
22846,0
84719,0
106785,0
14795,1
10285,1
116875,0
4341,1
93447,0
75245,1
54948,1
93536,0
16655,0
115126,0
99284,0
38866,0
24369,0
16940,0
40794,0
50483,1
36007,0
12870,1
49859,0
119236,0
43601,0
37013,0
49553,1
51382,1
45741,0
22664,0
110277,0
67727,1
51771,1
92379,0
20458,0
108237,0
69487,1
6173,1
111737,0
52034,1
105526,0
41984,1
90740,0
7130,1
28293,0
20617,0
19893,0
29747,0
52851,1
20290,0
99893,0
10745,1
19217,1
37839,0
35327,0
72863,1
107184,0
93220,0
23406,0
114250,0
2230,0
98351,0
58032,1
19451,0
75686,1
19734,0
69193,1
38835,0
39482,0
77315,0
37720,0
48267,1
46571,0
2320,1
28051,0
55002,1
22774,0
110931,0
79475,0
4855,0
27079,0
15648,0
106687,0
16847,0
109273,0
27000,0
59674,1
110715,0
74202,1
73639,1
77361,1
31390,0
33817,0
5591,1
113290,0
29207,0
108425,0
26948,0
54482,1
27214,0
108792,0
90615,0
99519,0
92911,0
35140,0
9450,1
58283,1
57104,1
103329,0
56586,1
83641,0
113743,0
118807,0
4147,1
50685,0
34680,0
65308,1
100830,0
78853,0
99149,0
64937,1
17179,0
26436,0
81961,1
3834,1
89796,0
101889,0
73310,1
100377,0
80649,0
40753,1
94642,0
52202,1
114442,0
112769,0
48579,1
45212,1
88877,0
19149,0
5479,1
81643,0
115392,0
39045,0
12842,1
108616,0
50761,1
18925,0
30844,0
15274,0
10761,1
83465,0
75851,1
37740,0
103684,0
21603,0
40655,0
86860,0
59584,1
116802,0
22039,0
44134,1
87274,0
62787,1
64562,1
54750,1
47893,1
37031,0
89955,0
117986,0
15439,0
6169,1
68061,1
97248,0
9261,1
40062,1
41531,0
13794,1
76816,0
78083,0
116760,0
27182,0
92558,0
5859,1
65470,1
96279,0
19076,0
54081,1
101619,0
33284,0
98274,0
116646,0
22336,0
114197,0
104491,0
96354,0
69300,1
80622,0
46871,1
4032,0
103708,0
114564,0
108066,0
119045,0
34976,0
3938,0
107276,0
106335,0
40222,0
75140,1
44501,0
91825,0
94125,0
41227,1
26210,0
104068,0
113642,0
65320,1
104799,0
12779,1
72127,1
99114,0
99079,0
22261,0
86303,0
9208,1
84963,0
82295,0
52811,1
58147,1
62210,1
116094,0
11781,1
77714,0
80823,1
97966,0
57741,1
22549,0
115112,0
93213,0
42542,0
115674,0
31149,0
116720,0
21939,0
79237,1
48862,0
98625,0
25751,0
35774,0
60377,1
94704,0
25835,0
95043,0
37823,0
73354,1
69124,1
74473,1
87493,0
118813,0
54619,1
20046,0
98344,0
21182,0
64139,1
109787,0
108626,0
59634,1
112723,0
99133,0
803,0
105521,0
92663,0
21353,0
22409,0
78708,0
31133,0
82069,0
67960,1
19822,0
117158,0
18009,0
26774,0
3223,0
43819,0
65961,1
75518,1
769,1
42613,0
116912,0
5106,0
70360,1
48362,1
66333,1
83681,0
27232,0
63481,1
87361,0
15764,1
94533,0
10171,1
88403,0
68961,1
43793,0
18990,0
99307,0
27227,0
89916,0
20770,0
109919,0
85075,0
100854,0
21090,0
116014,0
2369,1
46955,1
22568,0
52198,1
90216,0
78807,0
42111,0
53048,1
6067,0
35127,0
92891,0
28912,0
61247,1
76546,1
17481,0
113399,0
68442,1
74355,1
1001,1
5996,1
50071,1
71390,1
1075,0
40070,0
84949,0
59575,1
17515,0
4158,1
39109,0
58469,1
59940,1
67631,1
6724,1
111210,0
114221,0
58761,1
117635,0
76808,0
38243,0
80048,0
19543,0
78733,1
105688,0
3501,0
100086,0
4651,1
92607,0
46011,0
96267,0
62583,1
49314,1
62868,1
111198,0
95355,0
47911,1
9845,1
44119,0
85479,0
118741,0
84218,0
30723,0
79847,1
117013,0
82802,1
44136,0
116368,0
88443,0
13424,1
88611,0
113246,0
10402,1
60159,1
97093,0
114378,0
118660,0
57007,1
95012,0
36054,0
110462,0
104538,0
13241,1
100331,0
27442,0
14075,0
52911,1
108930,0
45574,1
56650,1
111628,0
63978,1
23668,0
4488,1
67670,1
116772,0
60444,1
56351,1
11986,1
106709,0
71919,1
59395,1
113329,0
75582,0
38068,0
111773,0
87582,0
11011,1
36089,0
73089,1
61027,1
22327,0
43178,0
5167,1
31917,0
14720,1
102957,0
64370,1
50649,1
52059,1
92710,0
49426,1
20892,0
33135,0
115525,0
87943,0
93773,0
56180,1
38007,0
66257,1
87015,0
45945,1
86747,0
89625,0
117715,0
75163,1
34895,0
5085,0
78188,0
103203,0
27972,0
18203,0
118499,0
89936,0
17791,1
1227,0
27812,0
20789,0
44160,0
84511,0
74673,1
113205,0
107296,0
35317,0
62975,1
89892,0
48694,1
88732,0
79924,0
78310,0
20348,0
105979,0
69105,1
43623,0
100157,0
76574,1
105440,0
9868,1
53323,0
115306,0
42586,0
84647,0
27113,0
11999,1
114098,0
109500,0
107012,0
71380,1
27071,0
49055,1
81798,1
55251,1
65367,1
106011,0
63052,1
8043,1
75289,1
33492,0
81621,1
117055,0
52431,1
49974,1
85127,0
74087,1
80952,0
45524,0
74610,1
72831,1
113938,0
18486,0
92660,0
22485,0
46099,1
62689,1
43475,1
68703,1
91224,0
80230,0
8339,1
57045,1
16663,0
83916,0
527,0
63394,1
51375,1
99661,0
41035,0
98590,0
68013,1
71262,1
26544,0
71677,1
44551,0
44983,1
92468,0
79994,1
114695,0
80656,0
8229,1
109707,0
18758,0
11783,1
74789,1
34415,0
21202,0
13369,1
117517,0
31280,0
14326,0
75250,1
59714,1
82717,0
80762,1
9885,1
97845,0
52902,1
11506,1
60335,1
52399,1
66884,1
4546,0
14444,0
33958,0
50210,1
17340,0
36852,0
48510,0
51566,1
93441,0
92983,0
16346,0
20043,0
43270,0
50918,0
13815,0
94820,0
56001,1
57357,1
70912,1
10168,1
7293,1
23635,0
17373,0
28399,0
109117,0
19871,0
97863,0
117219,0
91993,0
8802,1
103589,0
14946,1
92082,0
116734,0
42134,0
1498,1
111175,0
52761,1
60354,1
17125,0
85245,0
36725,0
86981,0
89920,0
17327,0
99054,0
79748,0
42210,0
54945,1
29939,0
109943,0
99207,0
111117,0
94295,0
50784,1
15370,0
95324,0
118998,0
94660,0
10818,1
78078,0
99178,0
27365,0
17005,0
18647,0
44220,0
70867,1
71022,1
64534,1
117293,0
87893,0
45307,0
48593,0
110149,0
103393,0
2793,0
85988,0
80,0
7555,1
62374,1
64433,1
1602,1
78923,0
112220,0
73281,1
68251,1
110345,0
69548,1
8682,1
3661,0
76054,1
30248,0
17178,0
82401,1
56238,1
18184,0
35425,0
54707,1
108804,0
60608,1
9025,1
106062,0
40244,1
91899,0
54186,1
109656,0
23129,0
109828,0
80847,0
60519,1
80371,1
73264,1
102376,0
61771,1
57950,1
5916,0
49297,0
72021,1
109130,0
46868,0
95915,0
18210,0
9890,1
35265,0
87596,0
111311,0
54363,1
4031,1
32048,0
14841,1
100738,0
41215,1
91051,0
20303,0
83423,0
3617,1
32714,0
55236,1
3365,0
91098,0
71768,1
118038,0
84946,0
81651,0
9323,1
32386,0
39238,0
66404,1
98324,0
2732,0
34818,0
107321,0
37308,0
32493,0
49865,1
51346,1
91109,0
30569,0
104242,0
91806,0
68828,1
95537,0
112218,0
95728,0
85184,0
12583,1
34697,0
96487,0
49567,1
13234,1
102597,0
101485,0
23198,0
29993,0
84372,0
98572,0
84757,0
6047,1
23948,0
41751,1
74562,1
8812,1
11762,1
71900,1
71825,1
30605,0
91274,0
52122,1
101531,0
90909,0
69780,1
85054,0
9474,1
94886,0
55700,1
88977,0
51118,1
19469,0
106426,0
5074,1
48807,1
103945,0
91198,0
23208,0
81527,0
97943,0
66542,1
115009,0
10791,1
77280,1
4521,0
78598,1
68011,1
18028,0
55641,1
26955,0
54798,1
87615,0
112318,0
58046,1
27653,0
106084,0
86826,0
110626,0
86222,0
105097,0
3737,1
56498,1
41901,0
20979,0
17855,0
92238,0
118790,0
9105,1
63297,1
107297,0
90085,0
93783,0
106532,0
32107,0
7222,0
73289,1
40468,0
62629,1
105676,0
34910,0
101825,0
57076,1
51830,0
113201,0
9327,1
78939,1
111111,0
40886,0
114313,0
32276,0
100352,0
81746,1
39347,0
91411,0
31869,0
22596,0
23655,0
48342,1
105516,0
62891,1
22609,0
41540,1
112209,0
20231,0
112761,0
36097,0
18895,0
90220,0
88985,0
10236,1
103307,0
114205,0
103318,0
15857,0
4669,1
62069,1
110266,0
91605,0
84434,0
103201,0
50191,0
14102,0
105986,0
100882,0
50970,1
39552,0
2679,1
81611,1
79648,0
56855,1
23819,0
78561,0
119129,0
111573,0
107150,0
52732,1
34650,0
39506,0
26054,0
92666,0
69400,1
109814,0
94442,0
106309,0
115868,0
72026,1
77059,1
93700,0
103557,0
84821,0
12613,1
26493,0
73042,1
112277,0
35688,0
78726,0
112410,0
44832,0
22569,0
39620,0
111293,0
92435,0
1980,1
78763,0
27984,0
76692,0
74662,1
55665,0
74239,1
66537,1
56088,1
98571,0
1282,0
87031,0
4543,1
16593,0
108628,0
52134,1
75001,1
81773,1
42194,0
110193,0
66802,1
99003,0
29549,0
82369,1
44686,0
62557,1
58564,1
24530,0
65788,1
98152,0
40180,1
112573,0
99169,0
82730,0
75914,1
9522,1
84319,0
13206,1
111799,0
106053,0
64297,1
64681,1
39746,0
60027,1
27514,0
81349,0
80708,0
58984,1
116015,0
75013,1
4402,1
53663,1
75746,1
22406,0
75712,1
38802,0
98007,0
20925,0
78182,1
90589,0
59011,1
77333,1
96607,0
63665,1
37315,0
65738,1
61199,1
46006,1
99136,0
50858,1
87347,0
48376,1
14616,0
47383,1
6363,1
61914,1
31813,0
19122,0
41646,1
111232,0
95367,0
71963,1
19117,0
3586,0
27206,0
8454,1
23043,0
62004,1
40607,1
15688,0
26930,0
30334,0
80807,1
107794,0
59180,1
4012,1
7606,1
74598,1
83573,0
114512,0
40446,1
63795,1
42738,0
88919,0
40548,0
92031,0
68766,1
71436,1
5689,1
39810,0
76564,1
77790,0
21030,0
57078,1
76679,0
100276,0
65063,1
61193,1
107808,0
9081,1
88475,0
99255,0
19314,0
12792,1
5602,1
25903,0
3837,1
61173,1
97446,0
79658,0
36323,0
61673,1
92511,0
61075,1
88288,1
94604,0
117174,0
92080,0
35580,0
70720,1
105116,0
89058,0
37439,0
94881,0
50117,1
119175,0
10877,1
14260,0
18073,0
48239,0
100719,0
30845,0
80715,0
84575,0
25500,0
114606,0
67249,1
31472,0
55421,1
47821,1
7075,1
83170,0
56889,1
36175,0
62759,1
4876,1
5458,1
16839,0
90659,0
92430,0
1242,0
5981,1
51239,0
9193,1
34682,0
31640,0
3926,1
50579,1
116598,0
119281,0
17748,1
109237,0
58144,1
105929,0
50149,1
54748,1
84881,0
32459,0
23508,0
96943,0
62106,1
18471,0
83115,0
42273,0
97156,0
42170,0
33031,0
24118,0
94749,0
6898,1
33176,0
115007,0
68771,1
67224,1
90530,0
98100,0
112961,0
61061,1
61466,1
86064,0
69507,1
665,0
80121,1
55986,1
98042,0
47439,1
47692,1
50447,1
58688,1
63046,1
115486,0
19928,0
80014,0
16211,0
112744,0
17637,0
96784,0
53480,1
12890,1
83476,0
116197,0
57173,1
55003,1
43790,0
69948,1
44205,0
92014,0
60584,1
106580,0
87285,0
85541,0
3598,1
31675,0
5614,0
51682,1
42323,0
7794,1
65983,1
41327,0
105121,0
14979,1
119342,0
91905,0
18806,0
19415,0
11296,1
88042,0
74077,1
5151,0
6952,1
25745,0
113987,0
107692,0
111490,0
104163,0
72134,1
58445,1
31462,0
5400,0
51850,0
38926,0
64771,1
88069,0
60326,1
76558,1
49600,1
71490,1
40882,0
110313,0
13118,1
78280,0
116494,0
106997,0
51464,1
57767,1
26018,0
66667,1
62812,1
89652,0
99859,0
116751,0
86844,0
88511,0
65763,1
111542,0
105003,0
2465,0
96031,0
102390,0
113700,0
57198,1
57954,1
68282,1
115746,0
93118,0
38317,0
85336,0
97955,0
16983,0
29628,0
112254,0
106127,0
96220,0
79911,0
116317,0
51397,1
16841,0
67622,1
64266,1
15516,0
15299,0
37180,0
117577,0
13108,1
78360,0
27918,0
40735,0
32414,0
60023,1
97107,0
40644,1
95541,0
41356,0
2155,0
55302,1
48987,0
32487,0
50002,1
7996,1
37049,0
56635,1
81400,0
114018,0
107167,0
1386,1
41767,0
64716,1
22881,0
101231,0
31736,0
58135,1
48937,1
98982,0
114675,0
25579,0
112844,0
54436,1
72354,1
14347,0
84867,0
116264,0
77394,0
97874,0
80741,0
26342,0
96976,0
77366,1
63868,1
41546,0
115472,0
114188,0
74356,1
25696,0
40670,1
58495,1
28506,0
36274,0
102713,0
27804,0
6568,1
65669,1
59495,1
15085,0
47280,1
101365,0
39227,0
28213,0
19999,0
8198,0
72800,1
6835,0
3717,0
31358,0
39040,0
73629,1
117543,0
76918,1
85055,0
113530,0
20899,0
92311,0
91855,0
98162,0
72406,1
54994,1
92912,0
35769,0
91678,0
47828,1
112403,0
44943,1
16981,0
50653,1
25234,0
69231,1
67978,1
83257,0
716,0
69674,1
107662,0
44430,1
78945,0
40287,1
66637,1
93199,0
72004,1
28858,0
27774,0
77161,0
47862,0
99121,0
109754,0
116600,0
74528,1
43562,0
113416,0
33306,0
82663,0
77991,1
45492,1
40993,0
63794,1
116025,0
12706,1
43022,0
10792,1
28478,0
33402,0
109571,0
25029,0
85711,0
50416,1
73349,1
49563,1
93068,0
59951,1
104873,0
34613,0
68275,1
46046,0
11232,1
9301,1
2959,0
103845,0
68467,1
100723,0
57501,0
68557,1
3397,1
63267,1
59872,1
28707,0
108243,0
8787,0
80814,0
38372,0
86925,0
62394,1
80251,0
99522,0
56134,1
34629,0
55666,1
12086,1
38395,0
72504,1
118764,0
72056,1
69523,1
98198,0
12265,1
29515,0
109140,0
115290,0
47282,1
9861,1
23027,0
34321,0
17845,0
58355,1
47650,1
53568,1
76182,1
90822,0
104155,0
31052,0
94119,0
21702,0
111629,0
4892,1
45879,0
75537,1
65145,1
84894,0
62828,1
78665,0
82182,1
50134,1
44571,0
48160,0
29990,0
96258,0
23142,0
72403,1
81473,0
24462,0
78605,1
79879,1
90473,0
24862,0
2191,1
61817,1
103256,0
86370,0
50661,1
14591,0
80907,0
29157,0
61387,1
8565,0
52000,1
93254,0
8871,1
67636,1
25187,0
28072,0
92069,0
9735,1
3406,1
38856,0
55603,1
11051,1
8605,1
25038,0
100132,0
9665,1
69672,1
78699,0
111646,0
43723,0
47625,1
43478,0
69765,1
91010,0
38119,0
10161,1
12993,1
43867,0
91297,0
51244,1
91,0
87703,0
64448,1
117790,0
91429,0
114642,0
83511,0
110222,0
75850,1
32697,0
16999,0
94102,0
51676,1
57547,1
76031,1
79484,0
106159,0
16471,0
105642,0
97139,0
5094,1
65173,1
78552,0
46692,1
83908,0
12290,1
108152,0
80681,0
89443,0
99885,0
48533,1
88090,0
44903,1
118043,0
70797,1
85107,0
77768,0
87381,0
10517,1
57607,1
83266,0
96151,0
72448,1
87729,0
6537,0
51579,1
116679,0
83593,0
119295,0
46400,0
81280,0
53257,1
58599,1
42725,0
85661,0
81009,1
71469,1
84531,0
21682,0
89153,0
10485,1
35185,0
64430,1
53288,1
68331,1
58446,1
59185,1
53147,1
28245,0
9504,1
6319,1
118056,0
94024,0
94298,0
21860,0
55888,1
75235,1
97601,0
53425,1
10995,1
6607,1
110142,0
65111,1
97428,0
52493,1
79800,0
62238,1
102975,0
112312,0
24114,0
53541,1
47266,1
52086,1
104121,0
84952,0
102081,0
70425,1
1195,1
25032,0
6794,1
111698,0
2165,0
76355,0
57718,0
93319,0
91681,0
49804,0
115336,0
101543,0
69516,1
106966,0
81652,0
58534,1
77031,0
48366,1
55443,1
16676,0
56333,1
66159,1
96872,0
113,0
1026,1
99053,0
93721,0
90238,0
44980,0
113659,0
93920,0
86343,0
101384,0
57091,1
48410,1
119109,0
10474,1
112688,0
88091,0
79429,1
12034,1
62006,1
5758,1
44422,1
26276,0
75066,1
12506,1
44726,1
54819,1
98364,0
55696,1
102348,0
51006,1
6059,1
89638,0
14911,1
4949,0
78008,0
62742,1
81130,1
91963,0
41455,0
82123,1
110114,0
17766,0
21147,0
119115,0
6798,1
15185,1
46832,0
10781,1
105262,0
57292,1
24087,0
38584,0
67138,1
37440,0
27838,0
93767,0
31512,0
106018,0
46212,0
110183,0
108061,0
76789,1
91418,0
7592,1
13038,1
34043,0
75092,1
79655,0
15782,0
54940,1
92672,0
113189,0
109725,0
66890,1
104041,0
76619,0
19292,0
94724,0
47055,1
117183,0
17921,0
29614,0
76889,0
44353,0
11944,1
68415,1
109151,0
63539,1
14642,0
2794,1
7424,0
12147,1
52805,1
4449,0
41023,0
67401,1
50681,0
32853,0
39871,0
5745,1
62862,1
111070,0
46427,0
54652,1
116562,0
25477,0
39005,0
25643,0
118925,0
49208,1
67126,1
18293,0
4042,1
94452,0
115371,0
30358,0
58597,1
21536,0
58523,1
102405,0
116665,0
116270,0
37483,0
22043,0
14351,0
79599,0
115201,0
53620,1
103804,0
10038,1
55377,1
40561,0
102801,0
13426,1
47272,1
81903,1
100287,0
76675,0
62466,1
102384,0
21489,0
101610,0
45666,0
19917,0
9466,1
93538,0
108028,0
15859,0
18525,0
107623,0
84784,0
57066,1
96298,0
40718,0
105099,0
82299,0
51840,0
31250,0
61206,1
3511,1
94355,0
63280,1
58644,1
55675,1
58074,1
106678,0
90074,0
46604,0
41795,0
113474,0
69468,1
98812,0
15777,0
36742,0
45977,0
20347,0
44128,1
90481,0
68762,1
14547,0
101689,0
15683,0
100373,0
93895,0
29688,0
114290,0
71722,1
94299,0
27508,0
12234,1
25460,0
85285,0
14829,1
19019,0
40524,1
85489,0
81437,1
50972,1
113916,0
81609,0
10603,1
116267,0
29975,0
94381,0
12693,1
19098,0
47373,1
35197,0
11488,1
230,0
39649,0
27403,0
38450,0
14356,0
117392,0
107260,0
50620,1
41272,1
29561,0
42236,0
42912,0
94294,0
73745,1
554,0
11144,1
93252,0
109838,0
9893,1
80684,0
58536,1
115831,0
80328,1
35999,0
4329,1
43748,0
2047,1
36865,0
119384,0
111144,0
37850,0
49948,1
62691,1
23997,0
44792,0
23725,0
30009,0
116168,0
3208,0
89247,0
64835,1
73732,1
66716,1
47709,1
56236,1
108008,0
51418,1
43955,1
1049,1
50574,1
107892,0
91698,0
26074,0
59158,1
73437,1
53370,1
61333,1
45208,1
89666,0
77628,0
111718,0
103542,0
73416,1
113545,0
92570,0
4396,1
36667,0
92806,0
12872,1
13793,1
69000,1
76890,0
17762,0
101767,0
44467,1
1106,1
69963,1
101735,0
98723,0
102158,0
105518,0
4971,1
112611,0
33571,0
30574,0
60017,1
30517,0
56711,1
41271,1
22227,0
114303,0
53045,1
46281,1
39567,0
10148,1
118425,0
101559,0
28636,0
65162,1
104861,0
27870,0
78944,0
17922,0
108082,0
38272,0
54332,1
34853,0
11891,1
115026,0
60791,1
65231,1
7655,1
116964,0
93096,0
77011,0
79390,0
118519,0
118300,0
26987,0
34034,0
24864,0
32677,0
101818,0
89714,0
85428,0
77085,0
42956,1
38848,0
95136,0
6608,1
18912,0
112752,0
60071,1
105474,0
73525,1
39564,0
33051,0
113223,0
64620,1
22621,0
80793,1
24009,0
16843,0
116164,0
75587,0
31747,0
4701,1
59488,1
76469,1
31769,0
17936,0
86759,0
62844,1
78705,0
60432,1
102069,0
91027,0
45609,1
4516,1
82099,0
61485,1
51473,1
20344,0
108162,0
23993,0
23082,0
66011,1
8456,1
88231,0
111125,0
39542,0
90266,0
3399,0
11663,1
99612,0
1059,1
113057,0
91455,0
103232,0
37941,0
26187,0
105483,0
6988,1
117423,0
25085,0
73648,1
95533,0
69043,1
19955,0
108719,0
28976,0
39928,0
102223,0
17923,0
46219,0
76488,1
36861,0
70922,1
96811,0
92392,0
99342,0
100126,0
95464,0
8215,1
57060,1
106313,0
7262,1
69806,1
72019,1
8910,0
97392,0
86146,0
59481,1
104944,0
75916,1
71794,1
54481,1
69174,1
16767,0
44843,0
91690,0
37106,0
6778,0
69151,1
61197,1
115416,0
70613,1
101387,0
38985,0
99766,0
6014,1
14641,0
60483,1
30908,0
105684,0
94376,0
118414,0
70193,1
76014,1
84744,0
78616,0
35474,0
95778,0
114122,0
85137,0
117953,0
85651,0
91349,0
113747,0
94095,0
68294,1
74936,1
74073,1
26169,0
115446,0
47435,1
56557,0
18464,0
62252,1
39167,0
36344,0
41653,0
98486,0
114068,0
6595,1
84463,0
40567,0
98299,0
12873,1
10869,1
9654,1
37138,0
31082,0
104399,0
20972,0
67511,1
25792,0
98192,0
43948,0
96397,0
96247,0
89693,0
15722,1
69053,1
80053,0
39431,0
38888,0
81272,0
85432,0
69783,1
91714,0
75439,1
21557,0
73290,1
79326,0
3908,1
16592,0
92498,0
31170,0
81511,0
59725,1
61436,1
39531,0
6889,1
36842,0
25386,0
81262,0
13445,1
39605,0
58678,1
83757,0
100975,0
79049,0
14375,0
38684,0
63058,1
12717,1
99143,0
25908,0
68753,1
39014,0
75212,1
85338,0
87784,0
38620,0
63522,1
74189,1
18039,0
25112,0
117668,0
96007,0
85933,0
59923,1
86176,0
50917,0
69476,1
53670,1
22192,0
100920,0
87397,0
113867,0
17039,0
114624,0
96843,0
96536,0
89854,0
50982,1
82862,1
51408,1
12453,1
104601,0
62693,1
55444,1
7367,1
48151,1
61640,1
35790,0
3522,1
73298,1
498,0
23472,0
88777,0
18180,0
93861,0
83846,0
19933,0
85660,0
55607,1
54878,1
57037,1
48587,1
63671,1
98203,0
94510,0
79437,1
19918,0
111496,0
106762,0
88706,0
11574,1
111265,0
6908,1
93067,0
102475,0
89189,0
110797,0
21240,0
67674,1
20451,0
37818,0
74968,1
10772,1
87854,0
34207,0
65351,1
77973,0
24544,0
1988,0
4437,1
37366,0
16587,0
77425,0
31352,0
16804,0
86375,0
87208,0
59617,1
62899,1
97719,0
56861,1
90938,0
72559,1
80090,1
54085,1
52206,1
96181,0
60130,1
9214,1
67554,1
47190,1
38421,0
78098,0
80461,1
33503,0
38725,0
59957,1
58364,1
91668,0
30432,0
110558,0
41394,0
28638,0
57878,1
1924,0
71663,1
12809,1
10077,1
47251,1
10154,1
22246,0
14421,0
108826,0
66796,1
89684,0
95109,0
67525,1
111857,0
65260,1
25564,1
42697,1
44570,0
97255,0
91107,0
102415,0
56794,1
41367,0
90088,0
64350,1
54354,1
87009,0
113514,0
62671,1
39504,0
15697,0
14971,1
46538,0
54441,1
56983,1
17718,0
51800,1
101217,0
90131,0
15192,1
44150,1
90376,0
69097,1
26311,0
30905,0
4313,1
61803,1
55043,1
15970,0
56159,1
59974,1
65899,1
27086,0
42445,1
16998,0
25342,0
109359,0
41939,0
82658,0
21297,0
48539,1
32964,0
57179,1
76261,1
20068,0
5265,1
16574,0
76108,1
103033,0
7355,1
17644,0
82908,1
34485,0
29695,0
80683,0
55671,1
12518,1
108002,0
18965,0
33652,0
84427,0
71034,1
88419,0
54433,1
7958,1
34289,0
7207,1
58397,1
72522,1
4748,0
370,0
23297,0
82046,0
67647,1
77212,1
44523,0
71728,1
19631,0
111925,1
11779,1
14393,0
94789,0
3823,1
9186,1
69406,1
39264,0
49977,1
93577,0
88565,0
110703,0
48908,1
109402,0
35674,0
115617,0
50052,1
4124,1
26135,0
59589,1
91965,0
41579,0
51406,1
83781,0
62795,1
71832,1
97999,0
11784,1
118593,0
25529,0
83309,0
86188,0
16449,0
97889,0
99469,0
66238,1
36186,0
80428,1
37786,0
40125,1
5280,1
18340,1
96878,0
36093,0
82195,0
75682,1
71343,1
53766,1
67818,1
110086,0
17464,0
82072,0
93192,0
46007,1
21284,0
94629,0
88462,0
56729,1
19674,0
116640,0
66572,1
54172,1
32096,0
78527,0
79252,1
81764,1
89373,0
66077,1
27825,0
90993,0
95338,0
19612,0
83250,0
103328,0
101054,0
3810,1
67685,1
43154,0
25886,0
116450,0
39416,0
92307,0
78363,0
89445,0
68576,1
663,1
93376,0
21826,0
13316,1
18849,0
71415,1
112199,0
37408,0
98105,0
51342,1
36257,0
24398,0
94205,0
65827,1
28961,0
78995,0
23907,0
81287,0
32403,0
97032,0
116520,0
79112,0
4063,1
108131,0
32526,0
19835,0
48790,1
77166,1
79892,0
48705,1
36065,0
72490,1
39472,0
44964,1
22858,0
72524,1
89303,0
16205,0
30818,0
27338,0
6832,1
80773,1
113776,0
46914,1
85196,0
20589,0
29206,0
51953,0
62796,1
9569,1
11981,1
33728,0
314,0
64793,1
9905,1
44000,0
33955,0
83233,0
15549,0
71708,1
17017,0
92130,0
63810,1
94697,0
26996,0
105261,0
24868,0
97895,0
68044,1
64371,1
21172,0
18155,0
48972,0
81316,0
86971,0
43498,0
52658,1
68668,1
23479,0
57888,1
102175,0
48140,1
27228,0
13489,1
96293,0
57585,1
57579,1
105026,0
63275,1
112783,0
46141,0
112944,0
100174,0
46643,1
50417,1
61030,1
49996,1
101599,0
58401,1
83847,0
20967,0
67693,1
42295,0
5067,0
11899,1
49590,1
80430,1
66100,1
109634,0
41780,1
15042,1
9509,1
74646,1
82786,1
107412,0
112356,0
49330,1
93595,0
87298,0
108004,0
109635,0
117232,0
99699,0
20395,0
78973,0
9070,1
70108,1
107242,0
25705,0
52905,1
31009,0
1516,0
10915,1
60471,1
85030,0
52726,1
6146,0
20444,0
9529,1
116055,0
27811,0
32488,0
37971,0
39992,0
101840,0
94917,0
61582,1
97411,0
77201,0
87961,0
54078,1
25442,0
106449,0
74204,1
48247,1
62241,1
73897,1
34863,0
71908,1
110352,0
112197,0
18980,0
111982,0
78943,0
60140,1
64389,1
111802,0
64699,1
66361,1
48221,1
24313,0
112047,0
43375,0
108417,0
80625,0
81752,1
18444,0
99785,0
110725,0
3262,1
81598,0
97022,0
27310,0
68818,1
90476,0
85149,0
49940,1
50032,1
11466,1
19476,0
111873,0
47809,0
113164,0
102850,0
51241,0
5006,1
56673,1
104672,0
16075,0
98726,0
56081,1
102014,0
112993,0
71995,1
89556,0
76312,0
9341,1
59400,1
87275,0
65291,1
94106,0
70521,1
11009,1
4761,0
39814,0
107988,0
22939,0
96217,0
23553,0
114483,0
71836,1
92012,0
105279,0
96115,0
92703,0
100436,0
109395,0
47433,1
57584,1
41706,1
94970,0
75109,1
117852,0
53570,1
93563,0
48702,1
2475,1
73335,1
73249,1
68380,1
12743,1
86601,0
82353,1
64685,1
38980,0
11872,1
7024,1
77239,1
49482,1
22388,0
75334,1
95094,0
5726,0
71614,1
42467,0
31923,0
77242,1
109511,0
27290,0
29912,0
65641,1
63157,1
41002,0
30177,0
12742,1
98459,0
44400,0
56141,1
26707,0
12944,1
32958,0
65677,1
86593,0
44146,0
93264,0
3364,0
102176,0
85258,0
17710,0
74488,1
36242,0
10665,1
37158,0
85749,0
66961,1
42949,0
11094,1
111722,0
12879,1
22533,0
83187,0
51156,1
72940,1
67287,1
66254,1
58622,1
25446,0
20556,0
38935,0
69086,1
7460,1
57253,1
20055,0
2717,0
11818,1
10464,1
59721,1
100357,0
108298,0
101426,0
28166,0
70555,1
59229,1
22641,0
32801,0
11279,1
47096,1
73168,1
95993,0
47387,1
63838,1
76949,1
4017,1
113385,0
103322,0
4193,1
12588,1
92346,0
53389,1
48274,1
64298,1
95507,0
63327,1
113200,0
111711,0
75553,0
61430,1
69480,1
89943,0
63421,1
106304,0
57538,1
48506,1
56818,1
118173,0
42426,0
97471,0
16613,0
99858,0
96509,0
19339,0
65863,1
106405,0
99328,0
24001,0
112412,0
33087,0
10590,1
92935,0
42986,1
54567,1
61066,1
59896,1
26273,0
80148,0
28827,0
58647,1
12702,1
109230,0
37377,0
65256,1
73213,1
22949,0
3059,0
80457,1
44230,0
62094,1
44841,1
61769,1
39352,0
83123,0
64967,1
21157,0
54808,1
12632,1
85051,0
35866,0
52498,1
33912,0
34382,0
4096,1
11093,1
89893,0
52903,1
58640,1
114009,0
35166,0
93930,0
9683,1
91217,0
13769,1
12791,1
56752,1
53181,1
46370,1
36203,0
68927,1
90004,0
57026,1
24434,0
64707,1
12106,1
5816,0
19215,1
23834,0
48336,1
31986,0
101557,0
30508,0
90066,0
28867,0
1097,0
60378,1
9282,1
79974,0
99013,0
46408,1
13488,1
31453,0
100560,0
111233,0
71952,1
25947,0
66174,1
31024,0
87743,0
100032,0
15155,1
99793,0
53740,1
66546,1
112722,0
41297,1
126,0
30198,0
16292,1
85015,0
74035,1
22619,0
20976,0
21431,0
83724,0
118690,0
33157,0
93429,0
7567,1
115494,0
57595,1
103802,0
82974,0
93174,0
50536,1
81682,1
113356,0
34759,0
63345,1
99348,0
21719,0
6090,0
106912,0
17225,0
110066,0
90575,0
92456,0
70906,1
31837,0
64571,1
114158,0
74677,1
56860,1
116013,0
14016,0
71162,1
10278,1
57600,1
78032,0
21545,0
62294,1
107545,0
31607,0
62576,1
89670,0
34353,0
100905,0
58114,1
73377,1
2437,0
28671,0
53276,1
43858,1
61666,1
11893,1
104316,0
37076,0
81247,0
17999,0
116202,0
47289,1
92049,0
8381,1
88864,0
115302,0
65942,1
55428,1
72039,1
94848,0
72187,1
26991,0
41572,0
36619,0
111142,0
81015,1
109337,0
62032,1
86518,0
3011,1
79967,0
66167,1
45154,1
25780,0
95595,0
58399,1
83194,0
19661,0
3851,0
94429,0
69649,1
12612,1
26505,0
68373,1
46976,0
97196,0
69711,1
96879,0
63458,1
49022,1
13292,1
43093,1
93111,0
3934,1
67090,1
1018,0
46979,0
2048,0
92513,0
10625,1
32637,0
112764,0
53231,1
112552,0
103934,0
2194,0
30589,0
78401,0
28123,0
11749,1
102692,0
61980,1
115652,0
61311,1
19883,0
3122,0
30172,0
72505,1
42539,0
30124,0
4128,1
11992,1
61745,1
68199,1
62363,1
18599,1
71974,1
78745,0
83594,0
59188,1
12236,1
39433,0
83974,0
31895,0
20482,0
89589,0
990,0
101736,0
38267,0
101418,0
56029,1
300,0
69047,1
51336,1
105316,0
85582,0
74092,1
11934,1
101339,0
99790,0
41340,0
34287,0
51344,1
67104,1
54327,1
83275,0
114931,0
31621,0
78723,0
1941,1
15282,0
4969,1
12531,1
4116,1
25983,0
45287,0
93609,0
59231,1
3945,1
105679,0
82672,0
113535,0
43425,0
26182,0
50345,1
35642,0
23579,0
61794,1
44216,0
116773,0
36560,0
41650,0
98005,0
58419,1
33261,0
110573,0
25526,0
41636,0
16936,0
80990,0
57660,1
13839,0
84469,0
104851,0
16977,0
35993,0
26565,0
75145,1
82571,0
101091,0
61594,1
36228,0
26470,0
8459,1
41300,0
78847,0
73856,1
14236,0
108728,0
39801,0
112658,0
8490,1
57396,1
4222,1
49513,1
115394,0
12340,1
108403,0
62789,1
100597,0
7159,1
114943,0
1604,1
27721,0
65433,1
86085,0
2034,1
63425,1
117260,0
24742,0
114992,0
73373,1
43028,0
116700,0
1258,0
6308,0
58278,1
17971,0
62774,1
35778,0
43530,0
39653,0
40747,0
46171,0
25897,0
73523,1
19575,0
85305,0
52771,1
17105,0
14663,0
4253,1
7150,1
30064,0
114089,0
93698,0
48573,1
41918,0
92976,0
107345,0
28813,0
20507,0
69541,1
36337,0
90312,0
87139,0
7611,1
12589,1
66549,1
50738,1
68124,1
102440,0
60755,1
114011,0
2941,1
30860,0
35071,0
108537,0
69143,1
71515,1
56515,1
3125,0
19988,0
10363,1
53356,1
25004,0
66413,1
54099,1
25760,0
60688,1
11243,1
38712,0
9294,1
44311,1
60694,1
42278,1
87886,0
88313,0
3423,0
4833,0
32449,0
17573,0
46903,1
63900,1
27223,0
103772,0
12089,1
2098,0
17898,0
71299,1
15563,0
55528,1
1279,0
63070,1
55287,1
64666,1
56834,1
112796,0
118770,0
48021,0
57195,1
58015,1
79942,1
81399,0
95891,1
64762,1
14822,1
26974,0
1730,0
66478,1
28753,0
73784,1
110105,0
97492,0
60921,1
65730,1
105981,0
70573,1
33195,0
29791,0
36751,0
30239,0
59641,1
94241,0
93723,0
21593,0
84197,0
11118,1
110355,0
45258,0
101044,0
105387,0
102312,0
118877,0
115938,0
11310,1
93373,0
45797,1
25319,0
20747,0
118324,0
9086,1
33175,0
58568,1
4633,1
67687,1
92411,0
87712,0
20406,0
45581,0
105323,0
79560,1
114692,0
104783,0
71934,1
114133,0
93813,0
59365,1
27249,0
28780,0
20980,0
91618,0
89795,0
67673,1
69871,1
46170,0
24451,0
66366,1
69517,1
32108,0
36974,0
58322,1
12228,1
43513,0
2692,0
46920,1
28183,0
36486,0
5999,1
90903,0
8030,1
70946,1
86662,0
29204,0
2896,0
118196,0
53152,1
119127,0
21379,0
56490,1
37699,0
81055,1
770,0
117685,0
17621,0
23498,0
117146,0
78060,0
77884,0
45299,0
77886,0
26459,0
47532,1
31477,0
39337,0
50384,1
55586,1
65664,1
71164,1
58663,1
91146,0
6912,1
114919,0
44618,0
103956,0
51439,1
102915,0
8352,1
0,0
54515,0
89723,0
73375,1
32312,0
86078,0
41368,1
13386,1
111252,0
85399,0
17086,0
35581,0
11089,1
59449,1
79297,0
18667,0
62408,1
84225,0
79306,0
101322,0
64391,1
92647,0
42338,0
62544,1
34122,0
112198,0
14874,1
80002,1
117936,0
58858,1
78742,0
48216,1
69792,1
103170,0
84342,0
108985,0
70059,1
11904,1
73374,1
110118,0
2660,1
110830,0
22856,0
77200,0
48179,1
17229,0
62534,1
34446,0
80249,0
8332,1
6022,0
78122,0
102229,0
41976,0
19420,0
25125,0
20599,0
30771,0
77596,0
104042,0
29287,0
116868,0
79608,0
97873,0
11281,1
37406,0
4483,1
49311,1
79368,1
40093,1
85282,0
25374,0
64502,1
21780,0
88276,0
37211,0
41675,1
66477,1
25457,0
30218,0
44666,0
96697,0
61622,1
35995,0
78174,0
114265,0
29893,0
11743,1
42483,0
42662,0
66554,1
9006,1
70056,1
91721,0
94715,0
37656,0
92341,0
18143,0
479,0
117159,0
53313,1
11001,1
41191,0
4474,1
83895,0
107928,0
70822,1
89506,0
26288,0
69669,1
92206,0
71460,1
68132,1
105215,0
63704,1
97801,0
11998,1
68780,1
8887,1
109851,0
78710,0
116977,0
101638,0
50498,1
5304,1
95273,0
36246,0
65644,1
115263,0
22448,0
53921,1
47036,1
66866,1
86395,0
46317,1
39847,0
105437,0
87897,0
83901,0
54500,1
100706,0
32073,1
91566,0
26287,0
98333,0
113509,0
108470,0
10670,1
104110,0
18796,0
26213,0
83572,0
10829,1
113239,0
6029,1
10522,1
19569,1
93091,0
8259,1
68122,1
77071,0
85999,0
59369,1
17856,0
46907,1
22565,0
60016,1
34803,0
52605,1
100868,0
47824,1
109158,0
33163,0
86632,0
16319,0
93636,0
45889,0
44313,1
28379,0
109950,0
103048,0
72325,1
72036,1
115685,0
72817,1
62079,1
21435,0
85776,0
2037,1
87023,0
93052,0
69065,1
67146,1
108161,0
58782,1
45727,0
51878,0
55561,1
41521,1
49641,1
42288,0
100751,0
13352,1
114569,0
9094,1
95116,0
102622,0
62247,1
108731,0
109408,0
116419,0
101703,0
62141,1
5628,1
23144,0
73278,1
105124,0
50854,1
42873,0
34765,0
70792,1
102998,0
117046,0
64955,1
41997,0
112246,0
17628,0
104890,0
16756,0
28052,0
35300,0
33367,0
3526,1
107210,0
113613,0
103360,0
42201,0
52864,1
67704,1
41161,0
106498,0
81911,1
39082,0
60932,1
71645,1
45364,0
46667,1
113295,0
95730,0
38957,0
33420,0
46659,1
5948,1
50163,0
52336,1
114946,0
118755,0
72540,1
23961,0
59926,1
51033,1
99691,0
116138,0
28532,0
115020,0
32496,0
31692,0
62220,1
56530,1
57036,1
67735,1
90382,0
32442,0
34732,0
92761,0
45812,0
115771,0
30441,0
104409,0
19668,0
112968,0
93900,0
45714,0
51692,1
12582,1
52223,1
18383,0
79689,0
50511,1
91765,0
93003,0
78571,0
81432,0
111793,0
96842,0
113979,0
55601,1
40456,0
67366,1
26776,0
76523,1
116739,0
54419,1
92484,0
110618,0
66436,1
22518,0
54553,1
20660,0
1556,1
49747,1
34866,0
100758,0
1546,0
17782,0
57553,1
8794,0
37999,0
19286,1
870,1
50931,1
15314,1
3004,1
57374,1
15198,1
43847,1
25218,0
58791,1
55825,1
26667,0
97346,0
73541,1
7080,1
17939,0
2213,0
87599,0
3687,0
110108,0
28400,0
7421,1
20201,0
115265,0
87683,0
37307,0
44388,0
26319,0
49674,1
117600,0
31426,0
96774,0
23199,0
67604,1
113046,0
35216,0
30395,0
38603,0
98228,0
111433,0
85558,0
82178,1
21849,0
102460,0
101768,0
84781,0
6945,0
119322,0
54156,1
63846,1
72536,1
58765,1
99997,0
58874,1
2605,0
65117,1
9927,1
63288,1
117005,0
114362,0
60953,1
30260,0
67014,1
82555,0
13625,1
53255,1
95848,0
12838,1
93849,0
73105,1
19781,0
113165,0
32050,0
31452,0
84163,0
35398,0
16926,0
81102,1
69168,1
83210,0
54605,1
81554,1
98301,0
16037,0
26814,0
87444,0
59192,1
85724,0
16489,0
46679,0
98442,0
116788,0
46764,0
42394,0
9546,1
114391,0
75771,1
50660,1
2142,1
108691,0
41669,0
11936,1
75255,1
46159,1
17278,0
30807,0
45256,0
75605,0
25538,0
76120,1
77244,1
38672,0
55105,1
47874,1
3038,1
98285,0
30292,0
66633,1
71057,1
108853,0
45142,1
37467,0
65793,1
90020,0
89840,0
15530,0
70924,1
105195,0
32613,0
65740,1
50841,1
40758,0
96277,0
61499,1
88664,0
60263,1
102991,0
54348,1
107032,0
71803,1
26245,0
104711,0
4153,1
82111,0
9420,1
41657,0
76265,1
82346,1
20198,0
36436,0
23065,0
88409,0
1631,1
107527,0
87087,0
115930,0
91621,0
31644,0
37674,0
70899,1
45051,1
118824,0
97478,0
92532,0
10782,1
29162,0
73534,1
39175,0
76507,1
62283,1
28845,0
11537,1
85695,0
62131,1
50425,1
58110,1
118368,0
52961,1
33768,0
45262,0
49202,1
55593,1
66459,1
70935,1
40314,0
12391,1
108184,0
114535,0
39,0
96760,0
19943,0
119278,0
62059,1
108223,0
2352,0
71481,1
11947,1
97308,0
117191,0
54719,1
84301,0
10059,1
6201,1
34937,0
96795,0
13438,1
78465,0
100793,0
28779,0
401,1
357,1
29453,0
16387,0
112042,0
13146,1
40214,0
97956,0
38164,0
37822,0
104945,0
12083,1
15111,1
27594,0
79057,0
102361,0
104492,0
62984,1
61382,1
105373,0
106000,0
117060,0
8857,0
117029,0
57730,1
43863,1
11041,1
58166,1
114948,0
51788,1
16523,0
9584,1
32385,0
87721,0
86185,0
64259,1
110865,0
27873,0
25215,0
87873,0
35113,0
52373,1
14747,1
22080,0
25767,0
70342,1
106518,0
5168,1
66674,1
107942,0
87730,0
103282,0
96636,0
42687,0
116892,0
13174,1
23692,0
32924,0
21116,0
100283,0
43965,1
84862,0
11569,1
101857,0
116715,0
17842,0
44906,0
113101,0
53984,1
90947,0
823,1
70057,1
41577,0
12201,1
115298,0
101600,0
83519,0
51963,0
68604,1
45996,1
24558,0
42324,1
11638,1
4769,1
58496,1
87610,0
29725,0
42101,0
119211,0
13537,1
40976,0
104277,0
73935,1
25519,0
27420,0
26386,0
97206,0
92081,0
83086,0
106247,0
27586,0
93535,0
24391,0
72115,1
101643,0
51355,1
29024,0
65612,1
83430,0
62882,1
61340,1
97155,0
15559,0
97984,0
61628,1
5663,0
44594,0
117939,0
7613,1
42706,1
65428,1
83429,0
17248,1
44556,0
4267,1
82429,0
105569,0
77533,0
109334,0
25912,0
111407,0
62072,1
13585,1
42265,0
54382,1
57706,1
62225,1
58185,1
74328,1
86435,0
116828,0
92396,0
50753,1
36115,0
63578,1
21340,0
78984,0
82673,0
108608,0
43471,0
34574,0
1629,0
55537,1
94600,0
85421,0
15238,0
89473,0
9157,1
104845,0
14644,1
59354,1
99089,0
66048,1
60590,1
105574,0
112381,0
34472,0
14001,0
32349,1
68487,1
74499,1
61183,1
64111,1
71540,1
36864,0
53053,1
6079,1
52592,1
50326,1
56013,1
13131,1
91284,0
6489,1
47719,1
54448,1
11043,1
42477,0
74382,1
65186,1
11245,1
88744,0
811,0
96379,0
119139,0
62421,1
105580,0
97641,0
32688,0
36805,0
100370,0
57604,1
1883,0
23882,0
59790,1
20491,0
62784,1
89133,0
35083,0
93834,0
38323,0
64379,1
54865,1
72383,1
50159,1
13596,1
64073,1
48755,1
97375,0
67242,1
27897,0
43415,0
113403,0
27330,0
30035,0
87477,0
36162,0
51562,1
83784,0
48007,1
56454,1
59333,1
11679,1
46285,1
102538,0
119219,0
55571,1
62529,1
12452,1
103763,0
12179,1
42731,0
16305,0
43103,1
99964,0
102875,0
75911,1
60182,1
116064,0
72666,1
36293,0
34809,0
26126,0
101327,0
541,0
73590,1
105828,0
84247,0
25109,0
91573,0
49056,0
4734,1
82737,0
73302,1
1574,0
1832,1
8089,1
114724,0
98900,0
76727,0
25926,0
98408,0
89842,0
45368,1
111310,0
30089,0
110499,0
14707,1
8068,1
107995,0
68200,1
108774,0
34454,0
68660,1
92654,0
56041,1
40445,0
23467,0
95184,0
72532,1
101443,0
47690,1
7814,1
59296,1
35037,0
40974,0
52377,1
85878,0
99253,0
82426,0
67839,1
89533,0
81173,0
9410,1
10125,1
53068,1
86296,0
38792,0
115689,0
67093,1
44803,1
34103,0
46814,0
45910,0
6606,1
77310,0
88269,0
46830,0
69433,1
49403,0
77729,1
66801,1
99227,0
31450,0
91372,0
105073,0
86816,0
99663,0
109714,0
9744,1
103748,0
77539,1
66526,1
33719,0
63684,1
63465,1
50555,1
117598,0
15503,0
13414,1
115893,0
40413,1
3476,1
37810,0
59343,1
84534,0
30983,0
79170,0
34476,0
10816,1
87787,0
29691,0
68311,1
31229,0
78455,0
32062,0
99678,0
48913,1
53404,1
76025,1
25510,0
18164,0
115079,0
93110,0
37717,0
100787,0
105006,0
93567,0
107516,0
111943,0
12333,1
22182,0
30200,0
59227,1
111355,1
61882,1
69859,1
61439,1
105867,0
64532,1
19154,0
33122,0
53097,1
74759,0
78051,0
13665,1
23454,0
80997,1
64339,1
55429,1
56019,1
54653,1
68750,1
8711,1
78264,1
77238,0
75373,1
56076,1
95874,0
48141,1
96933,0
116058,0
2956,1
94187,0
100869,0
75240,1
103064,0
13617,1
110147,0
81318,0
33412,0
91231,0
28614,0
20790,0
52351,1
8774,0
64008,1
56291,1
31168,0
79452,1
92322,0
33103,0
56440,1
119077,0
107795,0
30766,0
40689,1
23991,0
25056,0
54202,1
103133,0
81528,0
60811,1
64865,1
24508,0
95308,0
111667,0
113727,0
96945,0
18285,0
13064,1
2458,0
81197,0
96583,0
75239,1
37887,0
23450,0
80875,0
113697,0
63816,1
101318,0
83730,0
38290,0
43721,0
70855,1
47218,1
94527,0
104113,0
80406,1
16905,0
48147,1
34832,0
10659,1
68426,1
24302,0
56146,1
86480,0
118724,0
39960,0
18426,0
79163,0
33695,0
53169,1
89015,0
8395,0
2933,0
102738,0
66497,1
56359,1
10047,1
91133,0
62407,1
83361,0
33132,0
106284,0
33375,0
2529,1
109217,0
102695,0
22093,0
83680,0
96922,0
23089,0
26347,0
27449,0
5840,1
11447,1
61606,1
19708,0
31702,0
97491,0
33038,0
77112,0
94616,0
104517,0
34718,0
105423,0
9065,1
109093,0
9986,1
57912,1
18227,0
24099,0
29307,0
60637,1
86800,0
59025,1
4944,1
83268,0
69804,1
96049,0
12311,1
96353,0
48277,1
28619,0
107062,0
118011,0
113328,0
23878,0
100084,0
9433,1
39830,0
45853,1
115355,0
95649,0
10700,1
115349,0
16365,0
84153,0
72327,1
119064,0
89203,0
63508,1
28602,0
44965,1
113738,0
106228,0
49227,1
116,0
108443,0
117883,0
14111,0
58651,1
68313,1
14671,0
73293,1
2020,0
24077,0
80293,1
78513,0
95054,0
48891,0
75710,1
48065,1
62628,1
111219,0
97621,0
15052,0
83181,0
111107,0
77585,0
101849,0
90140,0
24141,0
35659,0
95316,0
39486,0
60099,1
6214,0
76983,0
2689,0
97757,0
38306,0
49424,1
36506,0
2414,0
23473,0
10129,1
44939,1
17381,0
92265,0
49577,1
55282,1
111865,0
43083,0
62642,1
85233,0
109636,0
2279,1
111823,0
63813,1
3017,1
114376,0
98074,0
90979,0
5269,1
106769,0
31391,0
37117,0
80509,1
29437,0
45480,1
106199,0
52935,1
87057,0
21639,0
34389,0
45348,0
98251,0
10502,1
114268,0
59160,1
21931,0
56413,1
50751,0
23682,0
39413,0
1955,0
50834,1
66869,1
89621,0
62922,1
15300,0
75179,1
84232,0
27110,0
105227,0
65245,1
43368,0
118467,0
32354,0
95186,0
108934,0
52816,1
99437,0
31751,0
53918,1
25940,0
22502,0
13385,1
33169,0
39711,0
51104,1
51348,1
81741,1
15243,0
76437,1
76411,1
15394,0
102704,0
101287,0
95858,0
95651,0
12661,1
76374,0
34083,0
14619,0
47520,1
104606,0
4467,0
95394,0
56015,0
44968,1
38226,0
64971,1
47014,1
68075,1
33593,0
46300,1
79366,0
116177,0
117872,0
19401,0
81783,1
74511,1
22019,0
37588,0
23995,0
74254,1
84499,0
72322,1
50127,1
8609,1
77083,0
52827,1
110772,0
3990,1
50171,1
17742,0
19422,0
113869,0
15254,0
71505,1
70812,1
59063,1
117116,0
8501,1
68107,1
27711,0
39537,0
62345,1
27193,0
36145,0
110927,0
27202,0
16582,0
45537,1
112295,0
76103,1
45165,0
90273,0
89380,0
67069,1
41697,1
98023,0
82471,0
9843,1
25898,0
50994,1
43274,0
9772,1
53483,1
51890,0
53066,1
95189,0
53937,1
70818,1
76761,1
88441,0
9239,1
113411,0
26893,0
102078,0
113758,0
79754,0
119309,0
58079,1
21002,0
45482,1
2196,0
18679,1
5486,1
93338,0
102941,0
23051,0
118386,0
59442,1
67248,1
80176,0
28585,0
34428,0
65521,1
29316,0
49287,1
114783,0
106209,0
49355,1
51419,1
44584,0
62590,1
68683,1
33024,0
27450,0
105214,0
74195,1
75046,1
75000,1
42620,0
84801,0
6944,1
119144,0
43466,1
104676,0
37146,0
12539,1
44762,1
17184,0
42742,0
109679,0
17951,0
107778,0
93680,0
50635,1
19735,0
25268,0
58101,1
14708,1
89939,0
31825,0
7801,1
23804,0
2568,0
94637,0
31699,0
83495,0
16581,0
108621,0
42864,0
81908,1
53208,1
17175,0
99032,0
42446,0
7799,1
1028,0
61824,1
45114,0
8936,1
105873,0
36131,0
7895,1
59946,1
110218,0
81949,1
66974,1
105872,0
49028,1
44180,1
3848,0
23626,0
115770,0
72013,1
22219,0
63140,1
86416,0
88804,0
22391,0
61386,1
107687,0
39851,0
3153,1
64961,1
69865,1
38260,0
62321,1
114387,0
5761,0
48421,1
107505,0
108246,0
26830,0
105883,0
57530,1
54665,1
26604,0
18456,1
54118,1
58493,1
15845,0
41660,0
74805,1
76084,1
79507,0
8608,1
44607,0
48749,1
83768,0
30938,0
60228,1
33301,0
2912,0
19881,0
24741,0
102821,0
113225,0
98071,0
96443,0
13371,1
16758,0
58562,1
81946,1
54821,1
28250,0
107657,0
75713,1
113517,0
37614,0
109681,0
43841,1
45494,0
3090,0
71743,1
49941,1
53784,1
88580,0
18475,0
112065,0
63990,1
14954,0
105572,0
81925,1
43505,0
70809,1
56858,1
499,0
103448,0
69092,1
15822,0
3539,0
101360,0
117369,0
26905,0
31416,0
84386,0
73429,1
24280,0
103306,0
35359,0
54923,1
27482,0
51959,0
21747,0
33659,0
6307,1
107111,0
31902,0
95732,0
87201,0
90387,0
1771,0
29139,0
67149,1
104560,0
108345,0
86241,0
101986,0
107720,0
105627,0
81052,1
219,1
104721,0
17199,0
81849,1
22278,0
50960,1
101411,0
58356,1
1487,0
110771,0
38380,0
36780,0
108070,0
53668,1
43359,1
100657,0
94567,0
54768,1
68728,1
69159,1
61425,1
69328,1
34235,0
56867,1
111156,0
28800,0
13376,1
13373,1
66708,1
15507,0
45007,0
4775,1
13319,1
44141,0
61308,1
39020,0
34216,0
117445,0
23823,0
63512,1
118281,0
110640,0
11568,1
112327,0
116480,0
49029,1
115177,0
26461,0
63697,1
64428,1
90350,0
72038,1
55224,1
83255,0
48389,1
87656,0
37546,0
49178,1
9587,1
49588,1
87235,0
95743,0
106154,0
22900,0
21170,0
82514,0
5491,0
51450,1
76974,1
3376,0
112326,0
34956,0
18984,0
52157,1
10534,1
73665,1
113896,0
89997,0
94504,0
98312,0
23348,0
107915,0
84742,0
17239,0
70027,1
18619,0
77663,0
63528,1
106114,0
95226,0
3764,1
47526,1
16312,0
73123,1
36332,0
33679,0
549,1
81577,1
64484,1
65719,1
103411,0
81435,1
46351,0
47643,1
78232,1
79202,1
71459,1
27525,0
109418,0
27829,0
88576,0
76089,1
40828,0
90183,0
34053,0
29390,0
109951,0
107518,0
94737,0
5165,1
11285,1
700,0
91110,0
77114,0
32875,0
78178,1
65597,1
58581,1
114429,0
44712,1
66621,1
64095,1
62514,1
25117,0
77067,0
11,0
89577,0
13680,1
15654,1
78818,0
361,0
25397,0
58735,1
60672,1
84050,0
22945,0
70501,1
7158,1
71156,1
110530,0
77351,1
32208,0
67228,1
71806,1
4322,1
63620,1
61389,1
100308,0
105717,0
51660,1
4376,1
5311,1
68895,1
42124,0
118439,0
82085,0
87632,0
21129,0
99644,0
76567,1
76338,0
7832,1
88156,0
16820,0
114046,0
78012,0
111215,0
23202,0
102077,0
7663,1
70808,1
67020,1
57087,1
25105,0
114270,0
13155,1
8469,1
83544,0
69513,1
100321,0
56738,1
113331,0
100286,0
112745,0
61130,1
64746,1
117692,0
89734,0
102298,0
19866,0
31546,0
16976,0
62917,1
61642,1
22018,0
114880,0
104994,0
45466,0
33935,0
37254,0
35822,0
31592,0
80129,1
4062,1
59831,1
54647,1
70516,1
17351,0
25831,0
30267,0
93998,0
23744,0
50270,1
39763,0
111944,0
14836,1
88480,0
66638,1
72225,1
42168,0
114707,0
54958,1
80433,1
47367,1
85094,0
116330,0
24295,0
40921,0
99176,0
2287,0
22149,0
3733,0
96084,0
29818,0
61077,1
70979,1
93053,0
52104,1
65950,1
56448,1
54774,1
53795,1
34758,0
59162,1
37801,0
117210,0
74387,1
28759,0
98943,0
11771,1
69344,1
71230,1
3978,1
92741,0
83189,0
91958,0
39079,0
65598,1
108881,0
74429,1
74630,1
19675,0
55230,1
13724,1
94356,0
95560,0
98294,0
96808,0
42251,0
83125,0
43328,1
76421,1
110305,0
26535,0
91842,0
80429,1
100802,0
91827,0
110778,0
106588,0
77191,0
48747,0
26387,0
16185,0
94467,0
102898,0
44219,0
4300,1
73624,1
2935,1
114394,0
116815,0
69993,1
89387,0
20117,0
63694,1
71100,1
91471,0
91203,0
111610,0
36873,0
115743,0
105118,0
90754,0
77190,0
50352,1
2348,0
5980,1
88845,0
114478,0
37224,0
29743,0
12997,1
13245,1
99953,0
111778,0
6355,1
86178,0
1186,1
107051,0
75652,1
55131,1
29542,0
82512,0
74130,1
15714,1
48008,1
92325,0
81236,0
53180,1
64005,1
59132,1
40606,1
109383,0
66089,1
119062,0
23604,0
38354,0
90298,0
61658,1
82602,0
82691,0
2576,0
71873,1
94454,0
92409,0
51789,1
104884,0
43692,0
7559,1
15562,0
97796,0
14364,0
76024,1
16014,0
14498,0
56138,1
40696,0
61743,1
88234,0
104471,0
7217,0
55854,1
4961,0
103883,0
65200,1
43329,0
119280,0
38798,0
38455,0
75093,1
100776,0
92501,0
8698,0
71723,1
114527,0
58860,1
89188,0
77098,0
40151,1
8626,1
79293,0
66211,1
104338,0
9527,1
79864,1
95141,0
5322,1
11379,1
22394,0
25266,0
3822,1
104639,0
14958,0
76827,0
952,1
67095,1
72563,1
98915,0
9611,1
119179,0
19633,0
3951,0
113658,0
113089,0
105829,0
106143,0
26156,0
103863,0
1129,0
25104,0
56853,1
93196,0
106328,0
15757,1
57714,1
63227,1
15361,0
27818,0
113955,0
109953,0
1271,0
6311,1
52026,1
12691,1
96408,0
119282,0
73323,1
29450,0
76433,1
104300,0
112430,0
72757,1
20848,0
26396,0
102568,0
22636,0
41726,1
88137,0
69199,1
29203,0
14457,0
32481,0
88131,0
18722,0
47907,1
88672,0
33232,0
30618,0
11048,1
66208,1
118239,0
36573,0
114132,0
84293,0
11757,1
46318,1
88138,0
53669,1
92747,0
77015,0
38638,0
11399,1
44250,0
36518,0
7297,0
86731,0
106285,0
22959,0
69895,1
32234,0
34967,0
84262,0
89985,0
54096,1
47276,1
117741,0
65990,1
55076,1
24767,0
10852,1
31075,0
27029,0
83926,0
110960,0
31830,0
23318,0
85652,0
74658,1
118265,0
109312,0
21021,0
35692,0
96593,0
82947,0
7920,1
72945,1
69525,1
74378,1
78654,0
10550,1
110247,0
2883,0
64658,1
18769,0
63088,1
65294,1
22173,0
110767,0
76656,0
81562,1
40484,0
70297,1
98669,0
90466,0
30600,0
67195,1
5787,1
24396,0
72156,1
7001,1
28059,0
85665,0
46763,0
1961,0
58262,1
35465,0
70204,1
56261,1
89933,0
53004,1
32618,0
110062,0
94282,0
1468,0
61111,1
17697,0
20646,0
84601,0
50439,1
51691,1
20818,0
27430,0
97834,0
76438,1
70123,1
110110,0
36819,0
62379,1
96637,0
89434,0
58312,1
33608,0
39584,0
12923,1
80663,0
67192,1
102708,0
8748,0
22837,0
28165,0
37451,0
6226,1
53801,1
103821,0
109949,0
44889,1
5111,1
5457,1
79597,0
101457,0
30560,0
50636,1
8130,1
111238,0
2680,1
64366,1
78840,0
41011,0
62788,1
91518,0
108632,0
18467,0
709,0
20730,0
88642,0
51378,1
64456,1
106138,0
107037,0
77287,1
32635,0
24300,0
1168,1
92457,0
47413,1
94146,0
97634,0
94430,0
111963,0
110224,0
52265,0
27262,0
63423,1
110916,0
78319,1
28910,0
61812,1
47270,1
118494,0
2853,1
63573,1
21128,0
61293,1
115215,0
20251,0
114256,0
47975,1
71394,1
65364,1
28403,0
56033,1
78823,0
110122,0
20929,0
81127,1
56612,1
18950,0
56143,1
44913,1
90479,0
59446,1
41884,0
48643,1
10429,1
34313,0
48919,1
20774,0
47446,1
38048,0
44461,1
20030,0
70928,1
36166,0
40435,1
21908,0
69745,1
69100,1
13192,1
11526,1
92995,0
23885,0
70530,1
20234,0
89905,0
45744,1
87773,0
37657,0
30266,0
28922,0
2232,0
2737,0
109643,0
59103,1
64892,1
82923,1
111237,0
14121,0
65445,1
68194,1
83350,0
57949,1
57787,1
62480,1
51177,0
23009,0
34402,0
20943,0
63456,1
81534,1
68711,1
92829,0
57534,1
7716,1
112973,0
81695,0
71682,1
46263,0
68642,1
51756,1
50523,0
109110,0
93076,0
119070,0
61827,1
61034,1
92526,0
28514,0
46948,1
76509,1
24294,0
56190,1
103909,0
20729,0
29864,0
41112,0
74747,1
99771,0
108841,0
35875,0
44495,0
80842,1
15634,0
3234,0
69484,1
71886,1
24691,0
25776,0
842,0
108602,0
38168,0
96282,0
43061,0
5208,0
38318,0
92275,0
9369,1
44272,0
67556,1
75840,1
33120,0
110643,0
76508,1
58367,1
72204,1
41794,0
119244,0
30606,0
100078,0
30615,0
44911,0
58844,1
97758,0
76652,0
88007,0
50189,1
39560,0
45816,1
30351,0
111124,0
111642,0
5251,0
30633,0
60406,1
78393,0
40443,0
66682,1
76351,0
92958,0
4236,0
54075,1
3345,1
23950,0
112048,0
112667,0
18042,0
53703,1
97055,0
94740,0
82895,1
56148,1
4013,1
72362,1
74357,1
91131,0
25039,0
68946,1
28201,0
118671,0
16260,0
50337,1
41289,1
76100,1
6623,1
90029,0
86588,0
109973,0
18804,0
18618,0
56566,1
79090,0
114990,0
89797,0
15511,0
37392,0
99459,0
85552,0
110109,0
45135,1
80456,1
52608,0
69329,1
96620,0
22482,0
86972,0
2643,1
6886,1
1625,0
27164,0
104324,0
80504,1
35611,0
74265,1
112020,0
46291,0
114047,0
91923,0
99389,0
98079,0
71492,1
20221,0
55882,1
27886,0
26945,0
65699,1
114570,0
18601,1
63956,1
71812,1
30627,0
108982,0
108712,0
21771,0
17053,0
86610,0
108912,0
104966,0
114012,0
2339,0
31880,0
21067,0
84124,0
17025,0
110027,0
79971,0
3449,0
79706,0
105054,0
87346,0
81719,1
55659,1
98131,0
7759,1
97625,0
3743,1
62719,1
9827,1
37965,0
81836,1
117503,0
529,0
72535,1
88788,0
47979,1
49933,1
12177,1
26546,0
80733,1
33718,0
49125,1
112040,0
50362,1
91666,0
2945,0
77966,0
65387,1
78955,0
112166,0
104167,0
16178,0
43877,1
93979,0
117124,0
49412,1
99980,0
92401,0
84024,0
20205,0
117016,0
38569,0
39068,0
85613,0
83576,0
91871,0
3646,1
5522,1
117829,0
11645,1
54813,1
116610,0
43878,0
36644,0
99302,0
104763,0
69310,1
55100,1
94262,0
72775,1
48776,1
32287,0
47525,1
26585,0
4864,0
875,0
79030,0
16645,0
114567,0
178,0
55708,1
61131,1
27588,0
99568,0
24386,0
71377,1
78658,0
51360,1
33938,0
116956,0
60329,1
30899,0
113609,0
8550,0
76718,0
17153,0
18721,0
70866,1
100442,0
108338,0
102411,0
24914,0
88727,0
76968,1
42603,0
43859,1
35944,0
94894,0
25296,0
115,0
23417,0
57563,1
81462,0
100701,0
104697,0
35155,0
79037,0
27437,0
47165,1
101436,0
97699,0
64383,1
18901,0
114045,0
65996,1
19369,0
944,0
98842,0
13368,1
25229,0
98249,0
58351,1
114151,0
97158,0
117906,0
53569,1
117254,0
77699,0
25870,0
52814,1
46812,1
1998,1
78936,1
95414,0
114410,0
95351,0
6928,1
22017,0
40482,1
81824,1
68168,1
92876,0
11835,1
31259,0
24830,0
118477,0
47748,1
111025,0
32344,0
44926,0
25128,0
98121,0
10057,1
19396,0
85099,0
19696,0
72484,1
113309,0
3132,0
42268,0
84269,0
57176,1
35476,0
79347,0
21744,0
113047,0
89370,0
106376,0
107161,0
57223,1
117828,0
82376,1
11923,1
56989,1
107789,0
89532,0
111549,0
98118,0
66341,1
84179,0
98473,0
52716,0
78216,0
1119,0
50885,1
71118,1
43294,0
92698,0
115146,0
66780,1
101933,0
8183,1
52604,1
8228,1
97357,0
109081,0
62686,1
26374,0
91032,0
106388,0
23083,0
72805,1
22040,0
78982,0
104097,0
56590,1
90640,0
476,0
101621,0
86605,0
71871,1
74486,1
75841,1
21825,0
87386,0
109543,0
104401,0
5189,1
96135,0
47663,1
11878,1
111552,0
102115,0
74880,1
53655,1
81089,0
78399,0
20381,0
81875,1
107000,0
80047,0
340,0
42567,0
83997,0
105385,0
26024,0
58292,1
23238,0
10540,1
81930,1
65087,1
51235,1
64238,1
83525,0
42810,0
87922,0
81753,1
36973,0
61685,1
13922,0
56617,1
76908,1
83828,0
75498,1
109092,0
115140,0
15020,0
56120,1
104265,0
67576,1
46229,0
7050,1
5695,1
34272,0
21549,0
91487,0
80598,1
33534,0
82745,1
56121,1
74907,1
59398,1
18645,0
21467,0
11163,1
39644,0
76050,1
48193,1
76335,0
106860,0
894,0
47252,0
100502,0
48417,0
101569,0
22711,0
28037,0
93877,0
40005,0
77497,0
86237,0
99278,0
13370,1
48695,1
11270,1
61040,1
6773,1
93838,0
17097,0
18872,0
94081,0
118972,0
36413,0
100176,0
52173,1
50963,1
90156,0
9100,1
59355,1
10964,1
102359,0
46909,1
16371,0
28854,0
105145,0
24070,0
59332,1
76773,1
68271,1
37572,0
38081,0
10832,1
82866,1
11560,1
55588,1
29929,0
98698,0
76947,1
54257,0
83779,0
73169,1
94873,0
99259,0
84690,0
50638,1
79403,1
24577,0
26522,0
22776,0
94022,0
9663,1
34016,0
78261,1
60592,1
67475,1
51057,1
117907,0
100123,0
15406,0
79692,0
15565,0
14842,1
11962,1
40098,1
94507,0
29276,0
3490,1
44218,0
10040,1
44859,0
30288,0
57470,1
68741,1
100562,0
64472,1
73615,1
727,1
20934,0
34006,0
118545,0
10228,1
11830,1
1277,1
43327,0
99294,0
64776,1
112574,0
102181,0
56092,1
98555,0
87676,0
40038,0
12312,1
87453,0
3624,0
92313,0
61748,1
86596,0
14008,0
51175,1
12007,1
374,1
40951,0
43460,0
85735,0
34554,0
34993,0
75825,1
117676,0
48064,0
13337,1
26737,0
66825,1
96127,0
65228,1
89375,0
44744,1
105685,0
98083,0
107065,0
109394,0
70520,1
29733,0
79627,0
70493,1
45321,0
26886,0
19850,0
49981,1
97526,0
36522,0
59875,1
51643,1
26404,0
71458,1
114064,0
58004,1
78524,1
47833,1
81720,1
75173,1
93844,0
118702,0
90985,0
84804,0
106408,0
69868,1
111893,0
74910,1
113879,0
85445,0
94900,0
94694,0
91252,0
68324,1
44765,0
78139,0
48089,0
79501,0
107306,0
75827,1
60216,1
34858,0
94347,0
10401,1
55448,1
73878,1
58769,1
13486,1
25284,0
38309,0
7859,1
118025,0
35427,0
97143,0
88061,0
31341,0
92847,0
60826,1
72359,1
35597,0
20254,0
115648,0
105762,0
90623,0
91416,0
79283,0
88957,0
40311,0
10583,1
25392,0
45725,0
47746,1
44777,0
47454,1
64839,1
1083,0
63791,1
26014,0
43875,1
30255,0
17430,0
46264,0
103596,0
16597,0
92469,0
61124,1
66713,1
28139,0
73229,1
23322,0
93,0
88798,0
36410,0
11744,1
113746,0
73317,1
80673,0
46547,0
116247,0
80661,0
15998,0
36341,0
54624,1
105332,0
62567,1
45236,1
85614,0
25636,0
113429,0
29626,0
96813,0
71316,1
39886,0
9475,1
106058,0
34380,0
95809,0
102924,0
54855,1
80162,1
114110,0
30934,0
105439,0
14274,0
38310,0
103261,0
45787,0
84417,0
93442,0
56960,0
29421,0
57431,0
72517,1
4845,0
12438,1
111,0
39826,0
1606,0
112019,0
40719,0
80453,1
88050,0
35103,0
78867,0
53471,1
100007,0
117213,0
42574,0
52299,1
67506,1
114106,0
7582,1
58272,1
66176,1
19159,0
14723,1
58752,1
75421,1
19772,0
42794,0
21810,0
20130,0
96873,0
90314,0
87228,0
49176,1
50261,1
69267,1
14637,0
72399,1
105203,0
96681,0
117253,0
74127,1
81430,0
7167,1
102437,0
116052,0
45913,0
39459,0
15887,0
25624,0
66138,1
13143,1
1036,1
14241,0
105696,0
41292,0
22495,0
5128,1
98771,0
77740,0
35340,0
93969,0
941,1
80520,0
30211,0
63211,1
70210,1
42670,0
97590,0
73076,1
29043,0
66700,1
87435,0
43406,1
43014,0
94162,0
84720,0
38001,0
31682,0
102606,0
83312,0
92449,0
45319,0
84023,0
109623,0
11827,1
32691,0
45189,1
43018,0
44324,1
33750,0
7216,1
57658,1
16086,0
7904,0
87560,0
9803,1
60664,1
34232,0
77786,0
14202,0
116344,0
79813,0
49222,1
117513,0
43712,0
35269,0
10930,1
64455,1
22781,0
72795,1
93309,0
117815,0
14620,0
2130,0
80417,1
97761,0
52772,1
66556,1
60709,1
117760,0
112270,0
31955,0
112819,0
102272,0
15003,1
105634,0
64604,1
85854,0
105306,0
85093,0
86758,0
28260,0
27039,0
34231,0
86426,0
107515,0
89177,0
4747,0
73396,1
25463,0
81758,1
67541,1
116559,0
44188,0
19127,0
112884,0
82092,0
27678,0
12956,1
102386,0
78244,1
72335,1
20485,0
37490,0
105283,0
33764,0
70918,1
9966,1
114325,0
49848,0
71976,1
75694,1
75960,1
64882,1
89052,0
54418,1
116109,0
117037,0
66770,1
105591,0
79520,1
101398,0
67187,1
73879,1
53287,1
51777,0
104654,0
5206,0
19344,0
24746,0
28204,0
7971,1
37751,0
110070,0
48298,1
49053,0
25629,0
117892,0
19470,0
59455,1
67807,1
83141,0
2451,0
7537,1
67692,1
51711,1
51942,0
68082,1
58258,1
5231,0
83211,0
72802,1
86884,0
83414,0
94946,0
52167,1
26594,0
117231,0
61274,1
55321,0
44462,1
52859,1
114393,0
79450,1
57185,1
114515,0
75265,1
117381,0
15732,0
90702,0
55363,1
4766,0
27297,0
45864,0
6278,1
11852,1
5969,1
39280,0
96721,0
114246,0
27144,0
16710,0
48326,0
61589,1
24200,0
28392,0
63745,1
55801,1
94201,0
63688,1
49761,1
17163,0
99566,0
42437,0
103924,0
51193,1
116955,0
5609,0
111160,0
3719,0
99223,0
2007,1
16296,0
66310,1
47631,1
55569,1
98191,0
65285,1
33206,0
66010,1
64127,1
114370,0
44773,0
91125,0
57226,1
36917,0
35233,0
47610,1
60362,1
112408,0
82904,0
33977,0
54928,1
41614,0
49602,1
75803,1
10372,1
109079,0
65663,1
85442,0
117800,0
22725,0
35671,0
43691,0
93031,0
20149,0
90556,0
32204,0
83355,0
41544,1
113477,0
60376,1
31369,0
98623,0
38927,0
75366,1
115216,0
74314,1
95646,0
63263,1
117575,0
113178,0
68150,1
103907,0
3642,0
52916,1
53009,1
87282,0
10162,1
8184,0
96442,0
50407,1
46109,0
35400,0
62667,1
75919,1
15609,0
70075,1
32310,0
85313,0
12240,1
4896,1
26499,0
40203,1
34434,0
33300,0
6129,0
111741,0
69849,1
24639,0
8554,0
33451,0
26391,0
46479,0
82305,0
82378,1
3970,1
97153,0
113670,0
110649,0
48547,1
66949,1
102983,0
41044,1
117850,0
86397,0
104726,0
72495,1
10509,1
107814,0
51368,1
31084,0
12727,1
20668,0
39619,0
20827,0
32311,0
55833,1
97367,0
58746,1
98477,0
51454,1
62328,1
94310,0
78486,0
69682,1
20307,0
7661,1
67587,1
3803,0
64032,1
102905,0
49198,1
8328,0
55237,1
63136,1
73892,1
70459,1
29315,0
85376,0
5309,1
105295,0
49196,1
41946,0
33766,0
18835,1
66874,1
9036,1
74635,1
29504,0
35543,0
29631,0
98520,0
53697,1
62081,1
48733,1
109434,0
34459,0
115122,0
28784,0
21345,0
115264,0
47404,1
89599,0
107931,0
26042,0
32317,0
38387,0
4615,1
29746,0
19359,0
57360,1
64267,1
102697,0
101640,0
35381,0
44485,1
1441,1
4115,1
79939,0
111440,0
36459,0
100453,0
115788,0
38321,0
114681,0
57302,1
113140,0
3659,0
37284,0
69911,1
6353,1
85153,0
22486,0
27441,0
59138,1
95692,0
80091,1
43833,0
102899,0
117510,0
95479,0
92825,0
118703,0
9335,1
47969,1
92572,0
29209,0
52842,1
78963,0
62621,1
96662,0
77936,0
60214,1
13565,1
110741,0
18437,0
28917,0
44708,0
117258,0
97132,0
37084,0
34187,0
18706,0
91249,0
26458,0
101665,0
53367,1
48273,1
13887,0
80759,1
95576,0
61585,1
93383,0
102400,0
118307,0
64248,1
90565,0
37526,0
35488,0
77270,1
40352,0
114201,0
84808,0
15880,0
30810,0
78187,0
64079,1
95794,0
35101,0
40876,0
14696,1
1799,1
89990,0
66364,1
61338,1
96996,0
112765,0
58140,1
83826,0
116639,0
92994,0
92738,0
111714,0
89315,0
7740,1
274,0
46428,0
77178,1
32291,0
51426,1
102620,0
87542,0
50104,1
77826,0
65977,1
49691,1
17555,0
1240,0
90379,0
51961,0
67321,1
18388,1
43102,0
58588,1
59120,1
46624,0
44989,0
5023,1
39789,0
662,0
24105,0
94276,0
47562,1
98279,0
101662,0
98735,0
69755,1
22071,0
55416,1
36407,0
33450,0
61291,1
41819,0
69244,1
87714,0
7800,1
17724,0
94278,0
100958,0
54353,1
92390,0
45491,1
108391,0
52919,1
47701,1
95589,0
40625,1
5743,1
65986,1
29036,0
101075,0
90375,0
79080,0
80330,1
90704,0
59597,1
56740,1
51189,1
28944,0
75406,1
64545,1
12681,1
44443,1
52400,1
57809,1
88375,0
70846,1
100481,0
41192,0
8368,1
117298,0
10775,1
27656,0
54965,1
117634,0
66901,1
80827,0
27032,0
36265,0
105855,0
47181,1
56654,1
41866,0
11660,1
11812,1
26368,0
116561,0
59386,1
52597,1
65359,1
81585,1
117456,0
88330,0
64364,1
11763,1
7952,0
11325,1
86868,0
57934,1
41942,0
63357,1
9488,1
1458,1
947,0
51390,1
98230,0
41694,0
61158,1
93278,0
47589,1
10307,1
53271,1
75493,1
25194,0
106840,0
30158,0
5889,1
66268,1
67522,1
29955,0
30225,0
5899,0
30699,0
28323,0
46665,1
43405,1
103357,0
55053,1
16521,0
1320,0
79567,0
68730,1
4074,1
87812,0
23613,0
72608,1
66270,1
102310,0
41553,1
39868,0
11240,1
16923,0
95759,0
54317,1
32739,0
60840,1
97921,0
11562,1
92269,0
74875,1
50513,1
49667,1
38676,0
48774,1
110007,0
53164,1
100626,0
89382,0
86783,0
44436,1
108996,0
14845,1
21996,0
46595,1
103798,0
10850,1
17438,0
84074,0
81850,1
39783,0
48499,0
108069,0
42785,1
5059,1
34970,0
77145,0
60789,1
100291,0
2814,1
73702,1
29640,0
60861,1
44323,1
92773,0
13629,1
95571,0
84086,0
111365,0
115850,0
73557,1
67560,1
70618,1
109430,0
3999,1
44262,0
31441,0
38146,0
109651,0
72259,1
36338,0
46861,1
82846,1
114652,0
96008,0
53741,1
81404,1
108894,0
99556,0
114924,0
65984,1
91682,0
98996,0
30680,0
92208,0
95154,0
89738,0
31943,0
5483,1
16649,0
1942,0
33257,0
92424,0
48395,1
55866,1
29455,0
39952,0
24670,0
29799,0
74741,1
110195,0
96461,0
117940,0
63158,1
115873,0
104350,0
97825,0
47620,1
6330,1
76266,1
24466,0
30491,0
42493,0
9971,1
102211,0
26022,0
71241,1
55394,1
117522,0
77039,1
72716,1
102389,0
86319,0
10395,1
89701,0
18021,0
91211,0
32962,0
23891,0
113183,0
6069,0
70172,1
44699,0
30607,0
40677,1
78644,1
2392,0
3855,1
52038,1
118121,0
80632,1
73241,1
96552,0
51781,0
22926,0
93714,0
45731,1
22970,1
86120,0
38071,0
20794,0
2648,1
714,1
97892,0
105336,0
39434,0
26658,0
39498,0
72485,1
955,0
100904,0
81260,0
97500,0
108132,0
102090,0
110442,0
11731,1
46174,0
13803,0
29674,0
33401,0
1694,1
6039,1
20386,0
69491,1
36687,0
49235,1
65782,1
97136,0
32219,0
109393,0
28019,0
7422,1
51945,0
45619,0
116232,0
67359,1
3465,0
119005,0
61467,1
69893,1
9067,1
19706,0
74222,1
101924,0
48026,0
60507,1
23630,0
116302,0
41097,0
11388,1
97462,0
18598,1
37055,0
49259,0
51226,1
97226,0
75956,1
48102,1
110436,0
49373,1
104664,0
112690,0
26514,0
43444,1
7438,1
15006,1
118861,0
35343,0
91350,0
18560,0
101602,0
92024,0
67570,1
26352,0
51052,1
29583,0
17191,0
50633,1
64189,1
52014,1
112469,0
25612,0
22074,0
117192,0
89323,0
76028,1
83925,0
47924,0
103776,0
68012,1
100974,0
51139,1
43148,0
40059,0
110585,0
86404,0
68465,1
74252,1
68257,1
60110,1
82748,1
105564,0
87963,0
19975,0
60256,1
23096,0
47813,1
105624,0
103005,0
6450,1
69586,1
17593,0
114347,0
55577,1
2386,0
51606,1
112248,0
35529,0
100346,0
15291,0
42761,0
20510,0
26127,0
90500,0
78578,0
57539,1
53808,1
108783,0
68285,1
54273,1
60,0
60028,1
26879,0
93175,0
9310,1
71596,1
110344,0
91031,0
34298,0
33969,0
95921,0
15865,0
90142,0
104809,0
81904,1
107499,0
8782,0
111362,0
6219,1
4717,1
3633,1
25205,0
56225,1
102974,0
5052,0
48962,1
82390,1
1978,0
82202,0
29463,0
40024,0
69034,1
91798,0
70509,1
5365,1
119389,0
1138,1
106495,0
27475,0
70099,1
66743,1
113901,0
35729,0
40819,0
32833,0
34542,0
86056,0
62782,1
113214,0
17059,0
59677,1
8276,1
85536,0
29985,0
6673,1
16731,0
72793,1
22289,0
50202,1
92579,0
34923,0
24687,0
106002,0
111538,0
77702,1
56916,1
47925,1
107602,0
98782,0
33485,0
28620,0
35308,0
70450,1
53499,1
32782,0
49798,1
26670,0
37139,0
25444,0
32544,0
1681,0
3790,1
48847,1
54765,1
62893,1
87095,0
101890,0
91324,0
46937,1
115662,0
53346,1
100154,0
18802,0
70931,1
73147,1
62332,1
50891,1
13698,1
60146,1
14003,0
75462,1
5258,1
14611,0
69428,1
38070,0
101468,0
28712,0
60224,1
61826,1
38355,0
2907,0
49526,1
57520,1
12610,1
31859,0
70861,1
74144,1
106810,0
15927,0
101089,0
62012,1
38690,0
38908,0
115999,0
98894,0
53699,1
95397,0
94918,0
87022,0
22144,0
114421,0
13010,1
20725,0
73814,1
112777,0
63378,1
97113,0
76043,1
25274,0
6909,1
47389,1
1217,0
75550,0
1156,0
81042,1
2061,0
20858,0
21263,0
38054,0
113497,0
24368,0
21144,0
19755,0
4036,1
77950,0
74813,1
111788,0
65314,1
71565,1
14476,0
4183,1
17426,0
80067,0
54725,1
1755,0
108937,0
40671,0
5247,1
50999,1
16753,0
102582,0
111013,0
16945,0
106801,0
49360,1
112308,0
13053,1
35199,0
75669,1
97216,0
38549,0
42947,0
112362,0
4359,1
78184,0
87916,0
94118,0
48991,1
52931,1
1772,0
5066,0
108412,0
75943,1
115560,0
9498,1
78502,0
38514,0
109790,0
6364,1
99775,0
65777,1
64353,1
71201,1
15962,0
12468,1
38114,0
96740,0
47264,1
89904,0
22961,0
71427,1
10422,1
56363,1
35862,0
51635,1
86104,0
49182,1
35683,0
99467,0
27382,0
42507,1
53631,1
90204,0
98055,0
40633,0
82545,0
45624,0
63748,1
94612,0
68659,1
62287,1
109008,0
44637,0
76842,0
119185,0
6645,0
97920,0
44506,0
38174,0
74326,1
77932,0
35645,0
62935,1
37328,0
40952,0
73692,1
27439,0
63411,1
82258,0
61494,1
116786,0
91394,0
50984,1
33782,0
38481,0
87013,0
77134,0
24324,0
118063,0
83493,0
60127,1
57510,1
18508,0
61326,1
57314,1
33150,0
18634,0
32574,0
96940,0
18715,0
53452,1
81391,0
111382,0
26854,0
118940,0
6963,1
37926,0
80264,0
79111,0
50321,1
75908,1
104739,0
9698,1
49917,1
102037,0
42544,0
46125,0
12986,1
36425,0
68960,1
42726,0
77555,1
104876,0
102614,0
12500,1
101098,0
115085,0
804,0
33733,0
4418,1
65090,1
74096,1
2627,1
13967,0
11576,1
47834,1
38906,0
67143,1
43813,0
20322,0
32220,0
57050,1
62610,1
98422,0
68656,1
48588,1
103725,0
79303,1
106214,0
61545,1
6076,0
98951,0
50004,1
37496,0
99638,0
35633,0
47063,1
108485,0
58270,1
16254,0
99045,0
8290,0
105606,0
41131,0
63074,1
63442,1
115609,0
84044,0
59542,1
94603,0
88309,0
90454,0
40611,1
101078,0
107593,0
24614,0
118691,0
111974,0
5691,0
28227,0
65615,1
56294,1
96039,0
83599,0
100641,0
111352,0
72901,1
86005,0
75263,1
76203,1
75307,1
61821,1
87192,0
75473,1
49290,1
19829,0
80154,1
33665,0
14013,0
692,0
29857,0
33610,0
64463,1
4400,1
103536,0
73527,1
115209,0
114248,0
50308,1
21637,0
2333,0
41138,0
82628,0
37479,0
86556,0
118496,0
28883,0
80566,0
96866,0
105540,0
115481,0
85458,0
13126,1
115707,0
23445,0
86668,0
97600,0
65642,1
104246,0
84840,0
12104,1
30985,0
47976,1
88629,0
57063,1
283,1
28683,0
45312,0
57868,1
103354,0
105280,0
64234,1
81278,0
51596,1
107701,0
78085,0
115642,0
50919,1
91875,0
109803,0
7295,1
24534,0
80363,0
50551,1
87891,0
10889,1
32273,0
5079,1
78082,0
74179,1
41913,1
87675,0
100055,0
64476,1
22588,0
30679,0
30286,0
61155,1
82292,1
1706,0
108812,0
16158,0
89258,0
66917,1
45934,0
116132,0
90716,0
28286,0
19251,0
31268,0
47495,1
97741,0
79669,0
27284,0
49829,1
1619,1
48814,1
91406,0
100507,0
64889,1
72810,1
5370,1
105963,0
102510,0
78245,1
7229,0
84091,0
91234,0
54149,1
59779,1
13289,1
96033,0
108595,0
58715,1
32127,0
75429,1
84085,0
68105,1
25685,0
104360,0
15720,1
92273,0
72410,1
108048,0
86529,0
47287,1
25162,0
97940,0
37558,0
46906,1
101991,0
106008,0
40534,0
16892,0
46749,1
5112,1
118946,0
20212,0
14859,1
61367,1
34399,0
64535,1
14898,1
2823,0
116925,0
117410,0
13158,1
63718,1
34912,0
48672,1
20547,0
111168,0
9950,1
117617,0
14868,1
78872,0
68551,1
90026,0
41126,0
41951,1
63049,1
73072,1
80895,1
114344,0
14515,1
6006,1
7198,1
34785,0
113123,0
117534,0
17595,0
95162,0
53713,1
116661,0
78769,0
114511,0
335,0
47187,1
110883,0
25567,0
116508,0
111342,0
89988,0
39768,0
69056,1
38686,0
72453,1
85199,0
5088,0
115673,0
98787,0
72443,1
88661,0
31467,0
45360,0
10523,1
47647,1
94643,0
57938,0
30710,0
77362,1
14146,0
12448,1
7350,1
102205,0
77326,0
36480,0
116906,0
63388,1
74957,1
46381,1
38464,0
50696,0
118030,0
112518,0
54409,1
1624,1
72560,1
107647,0
20027,0
112195,0
103529,0
29782,0
83917,0
108938,0
15875,0
108078,0
2739,0
96540,0
83244,0
25267,0
35552,0
41774,0
29959,0
79458,1
36409,0
107819,0
119316,0
19404,0
45989,1
28898,0
48978,1
78215,0
110759,0
59238,1
67650,1
57209,1
93461,0
19892,0
31463,0
112603,0
10928,1
27630,0
10404,1
75170,1
70052,1
104077,0
45497,1
107238,0
31800,0
60901,1
76262,1
108749,0
25016,0
11300,1
76241,1
6413,1
104476,0
6624,1
39858,0
49128,1
39006,0
73917,1
69240,1
39554,0
16352,0
12433,1
48534,1
76305,0
94158,0
96689,0
99586,0
105544,0
68051,1
44044,1
89687,0
75301,1
109480,0
51893,0
72418,1
52652,1
42436,1
91468,0
52277,1
31722,0
27795,0
87637,0
43480,0
117691,0
43600,0
29282,0
40687,0
22075,0
86407,0
74264,1
26910,0
913,1
28288,0
10398,1
49847,0
8815,1
26230,0
11036,1
113491,0
8906,0
58456,1
54978,1
67917,1
50689,1
16948,0
82547,0
26532,0
712,1
73845,1
37017,0
24754,0
38829,0
86202,0
114611,0
113345,0
24110,0
43057,0
93195,0
83505,0
59600,1
37824,0
106327,0
103632,0
114029,0
80756,1
12055,1
86357,0
44343,0
105884,0
40249,1
77294,0
107790,0
36897,0
69867,1
58806,1
28040,0
48297,1
103019,0
50478,1
90511,0
17836,0
28362,0
96889,0
52822,1
48280,1
97949,0
47458,0
46028,1
30367,0
106930,0
110368,0
114768,0
15048,0
30234,0
46275,0
183,0
96801,0
75447,1
53660,1
21584,0
82271,0
105222,0
88279,0
24461,0
36646,0
115397,0
73759,1
78768,0
49012,1
28635,0
167,0
4374,1
48833,1
77981,1
72877,1
98991,0
7751,1
99721,0
64551,1
38411,0
21711,0
30906,0
85961,0
76362,0
42450,0
49729,1
74738,1
48162,1
53853,1
78866,0
37314,0
72088,1
92421,0
52183,1
90865,0
118347,0
3123,0
62532,1
132,1
44851,0
28265,0
77519,1
83089,0
20069,0
19533,0
23726,0
38907,0
103135,0
10698,1
28488,0
92753,0
92531,0
45603,1
91661,0
65406,1
14927,0
60654,1
59643,1
38784,0
8139,1
45257,0
83488,0
83466,0
29671,0
74752,1
108619,0
84727,0
57560,1
108035,0
40865,1
80668,0
91315,0
46924,1
61029,1
37676,0
44435,1
62823,1
91615,0
70643,1
112361,0
100571,0
92827,0
112710,0
47754,1
90949,0
104746,0
71366,1
52137,1
18854,1
104608,0
114909,0
45915,0
1456,1
17034,0
28666,0
7548,1
85814,0
31290,0
92354,0
8275,0
99091,0
7333,1
95299,0
84170,0
94405,0
74007,1
67956,1
112727,0
75932,1
34920,0
23217,0
78953,0
53606,1
114128,0
22748,0
84012,0
69260,1
97522,0
88198,0
93964,0
67736,1
19058,0
48199,1
63233,1
67715,1
81215,0
78542,0
99923,0
47857,0
99183,0
12828,1
83223,0
99382,0
86629,0
4677,1
38667,0
5083,0
41637,0
32945,0
106156,0
94056,0
30109,0
102628,0
26875,0
56707,1
115413,0
57649,1
12232,1
56342,1
49887,1
98880,0
103999,0
67964,1
80537,0
63531,1
13350,1
34390,0
36266,0
975,0
2690,0
95740,0
99463,0
115202,0
107041,0
113786,0
2567,1
19660,0
74266,1
27283,0
30746,0
78596,0
115697,0
51431,1
65716,1
95383,0
34042,0
6168,1
111397,0
8680,1
27522,0
44853,0
1085,1
32266,0
102144,0
112222,0
1611,1
54342,1
32295,0
45278,0
42453,0
46572,0
91114,0
38382,0
45561,0
29723,0
57819,1
90877,0
50327,0
105015,0
1338,0
2426,0
9011,1
119007,0
13251,1
114474,0
88023,0
72051,1
63312,1
32302,0
75530,1
11671,1
89703,0
97683,0
116424,0
102179,0
106216,0
38877,0
56849,1
116039,0
2662,1
37044,0
68562,1
1454,0
83607,0
1648,0
18120,0
19472,0
40209,0
50361,0
79896,1
24306,0
96053,0
119283,0
66594,1
13284,1
22700,0
57000,1
39511,0
20757,0
30083,0
104775,0
63123,1
95831,0
84117,0
47868,0
14067,0
66021,1
101882,0
117776,0
17924,0
25354,0
38434,0
46725,1
66303,1
15145,0
89814,0
99573,0
83689,0
45462,0
62125,1
92774,0
14633,0
9440,1
44071,1
57393,1
80968,1
33514,0
34330,0
67247,1
65902,1
74342,1
1336,1
93665,0
100498,0
113476,0
101003,0
19356,0
34852,0
65619,1
118120,0
21624,0
6472,1
89822,0
40781,0
101366,0
58479,1
81075,0
13944,0
89677,0
47805,1
111225,0
71621,1
45826,1
113028,0
7362,1
47931,0
99188,0
108208,0
92252,0
106726,0
118622,0
6780,1
66744,1
51257,1
116757,0
74483,1
74769,0
7450,1
18343,1
35207,0
50455,1
104801,0
119338,0
12160,1
39287,0
38869,0
22212,0
61145,1
100122,0
68775,1
40111,1
55862,1
114786,0
53769,1
24033,0
58138,1
87884,0
111521,0
59423,1
40211,0
22795,0
10374,1
91500,0
83750,0
88886,0
4746,0
31710,0
22183,0
95826,0
113100,0
12877,1
19181,1
20674,0
93791,0
81210,0
7969,1
52468,1
88779,0
62853,1
71935,1
32886,0
7348,1
99336,0
60742,1
25014,0
14233,0
25896,0
64444,1
388,0
95893,0
1270,1
65531,1
91254,0
88085,0
113096,0
50291,1
60210,1
103205,0
71520,1
69492,1
91769,0
6025,1
36776,0
863,1
15895,0
14972,1
26308,0
111003,0
15237,0
31013,0
44837,0
48482,1
66705,1
26882,0
65512,1
1525,1
107394,0
9860,1
45372,0
81031,1
46987,0
24115,0
47910,1
43039,0
48616,1
16132,0
88674,0
117950,0
103669,0
116489,0
111048,0
33097,0
30182,0
7361,1
100025,0
109413,0
68740,1
83136,0
17258,1
56706,1
57645,1
112008,0
43469,0
579,1
108042,0
3401,1
23524,0
92310,0
110440,0
104295,0
102128,0
33364,0
59232,1
58207,1
61963,1
12924,1
110874,0
86527,0
28144,0
103247,0
50199,1
91941,0
107293,0
31724,0
105709,0
856,1
74027,1
75533,1
29258,0
111597,0
61303,1
54396,1
29610,0
102183,0
87734,0
35968,0
42235,0
25095,0
12298,1
20637,0
100249,0
68401,1
30076,0
38749,0
12270,1
40566,0
22940,0
36283,0
38717,0
26619,0
91135,0
19353,0
72856,1
94768,0
3622,0
52002,1
73245,1
49713,1
66570,1
63770,1
97990,0
58217,1
95734,0
94387,1
68729,1
35924,0
118235,0
10087,1
52614,1
29890,0
101163,0
26070,0
14478,0
85508,0
51834,0
99877,0
61612,1
83072,0
115136,0
39694,0
111682,0
31645,0
32001,0
32878,0
108942,0
100745,0
73902,1
47926,1
5187,1
100773,0
32456,0
92391,0
4460,1
40383,0
13036,1
61134,1
116743,0
70726,1
75680,1
108431,0
100320,0
45596,0
35388,0
75935,1
103453,0
30706,0
76892,0
110043,0
88223,0
48830,1
51466,1
51305,0
28346,0
49952,1
80181,0
60586,1
19884,0
72141,1
34385,0
69225,1
117090,0
25864,0
12381,1
69472,1
33152,0
33454,0
48035,1
115940,0
59293,1
51941,0
62023,1
14734,1
97349,0
83323,0
10083,1
22546,0
77332,1
87410,0
95948,0
91395,0
85746,0
69690,1
111840,0
81499,0
94641,0
61648,1
117582,0
73771,1
3718,1
35389,0
39422,0
102551,0
72760,1
1663,1
82460,0
89279,0
38604,0
11148,1
27518,0
57687,1
75798,1
48337,0
65301,1
9549,1
30614,0
110864,0
112377,0
103027,0
80498,1
87196,0
97567,0
81192,0
89825,0
14789,1
80463,1
38472,0
98699,0
79015,0
45153,0
88122,0
69782,1
107337,0
74825,1
983,0
101867,0
21399,0
19433,0
1638,0
7079,1
10078,1
110589,0
62797,1
102541,0
76247,1
49692,0
71652,1
45009,1
37897,0
26277,0
104158,0
80278,0
30713,0
89607,0
103573,0
69213,1
51757,1
37934,0
110638,0
42762,0
52435,1
52260,1
12811,1
43677,0
22817,0
81732,1
63002,1
3107,0
22564,0
37922,0
98819,0
32392,0
11290,1
30442,0
67648,1
88547,0
69750,1
54218,1
101789,0
106099,0
9194,1
51332,1
30411,0
13662,1
73931,1
76754,0
66480,1
35470,0
44629,0
110858,0
25186,0
96414,0
89275,0
48317,0
54203,1
98334,0
107087,0
10420,1
38189,0
117621,0
10224,1
35411,0
20989,0
76376,0
19094,0
96283,0
13363,1
86302,0
9447,1
86657,0
35940,0
36417,0
109311,0
40128,1
78648,0
52826,1
79356,0
99241,0
32587,0
14439,0
45226,1
54543,1
3630,1
43413,0
101369,0
11693,1
91991,0
32240,0
73179,1
104307,0
52938,1
52445,1
30389,0
59299,1
117567,0
8571,0
52247,1
23580,0
110432,0
7596,1
85270,0
41989,0
56666,1
51770,1
37184,0
84913,0
104720,0
115523,0
12820,1
81434,0
30115,0
39463,0
4618,1
2423,0
37899,0
6492,1
82997,0
106262,0
112728,0
97524,0
34964,0
93219,0
13984,0
39012,0
72442,1
51254,1
102564,0
38191,0
81003,1
100247,0
7490,1
78679,1
90734,0
46079,1
107727,0
62685,1
112705,0
77365,1
40691,0
97960,0
44421,1
71350,1
26706,0
28135,0
110137,0
33630,0
87762,0
97444,0
88799,0
45614,1
84782,0
40631,0
33905,0
2546,1
25676,0
78986,0
76158,1
86160,0
48971,1
34326,0
110733,0
113144,0
2586,1
55479,1
24188,0
82507,0
77211,0
12783,1
104183,0
112849,0
35563,0
98390,0
36063,0
46859,1
103021,0
62146,1
29060,0
26668,0
106921,0
52218,1
112633,0
8744,0
73455,1
55658,1
116422,0
87797,0
68643,1
84436,0
59203,1
84593,0
56150,1
29668,0
36536,0
20982,0
68902,1
14021,0
109231,0
99919,0
24217,0
10491,1
84259,0
22585,0
43202,0
77393,0
41847,0
56848,1
118024,0
31856,0
31495,0
108185,0
79903,0
6784,1
59036,1
3225,0
80935,0
46929,0
22938,0
70780,1
29182,0
84425,0
42715,1
15086,0
115969,0
112481,0
113314,0
73988,1
38245,0
5952,0
60476,1
33166,0
113004,0
51513,1
103959,0
19901,0
9328,1
105836,0
65629,1
5708,1
12380,1
36699,0
62630,1
50137,1
28369,0
17439,0
80051,0
60467,1
109046,0
110131,0
4369,0
105831,0
55805,1
55140,1
119095,0
33177,0
27989,0
5729,0
31161,0
11193,1
77633,0
65413,1
23020,0
36599,0
30360,0
45276,0
30843,0
622,1
93911,0
62112,1
69008,1
61831,1
71556,1
30433,0
40087,1
4455,1
113989,0
28797,0
24615,0
43950,0
109438,0
38551,0
81700,0
2327,0
95608,0
13725,1
107761,0
109644,0
58426,1
7077,1
82066,0
97414,0
81124,1
105021,0
58983,1
35594,0
60042,1
48174,1
8650,1
41908,0
92455,0
79018,0
91092,0
73495,1
92041,0
10872,1
33522,0
102242,0
87223,0
11690,1
10961,1
4563,0
19462,0
1455,0
81883,1
114460,0
94021,0
83631,0
31022,0
101511,0
506,0
104440,0
5843,1
83277,0
45478,1
118894,0
58358,1
36752,0
97792,0
48028,1
96762,0
74779,1
12153,1
39732,0
33788,0
56354,1
74002,1
112155,0
83017,0
47697,1
32393,0
2968,0
100386,0
89431,0
46353,1
2456,1
15466,0
106878,0
97473,0
12169,1
83759,0
40374,0
47556,1
21048,0
82102,0
118647,0
82964,0
52430,1
53056,1
100475,0
76419,1
73367,1
18017,0
44636,0
76224,1
7889,1
13044,1
32943,0
77420,0
11665,1
58225,1
34342,0
64918,1
85192,0
116354,0
36550,0
100650,0
40030,0
52575,1
83685,0
6145,0
97126,0
108220,0
61678,1
108866,0
30507,0
98022,0
53504,1
109089,0
40015,0
98263,0
23090,0
91571,0
38970,0
76301,0
35666,0
892,1
3430,1
85088,0
79011,0
58704,1
81808,1
55386,1
90150,0
92304,0
79212,0
3975,1
66280,1
60221,1
23763,0
31465,0
28318,0
2137,0
71777,1
71877,1
112074,0
62361,1
37688,0
65058,1
10974,1
84793,0
24221,0
92179,0
107197,0
34335,0
17579,0
111223,0
2035,1
77025,0
24595,0
93292,0
84736,0
38133,0
18656,0
58286,1
91069,0
39681,0
51822,1
2173,1
97423,0
66730,1
13166,1
66423,1
60939,1
10306,1
83628,0
74188,1
26946,0
71931,1
35714,0
14998,1
43516,1
88826,0
45608,1
22762,0
81214,0
63296,1
30392,0
28014,0
94654,0
3609,0
61076,1
86450,0
47234,1
18043,0
35181,0
37573,0
55736,1
87733,0
107893,0
56184,0
55812,1
119135,0
80434,1
358,0
13933,0
15279,0
44735,0
51604,1
77821,0
21309,0
2175,1
65010,1
13047,1
110623,0
4895,1
102955,0
117589,0
45631,0
10574,1
117937,0
115474,0
58307,1
62601,1
99550,0
42051,1
17863,0
66467,1
48686,0
20879,0
95276,0
88087,0
57038,1
14843,1
19778,0
105424,0
94672,0
60625,1
112954,0
82811,1
33327,0
20893,0
51793,1
65168,1
86669,0
79953,0
79513,1
30874,0
84080,0
111269,0
98413,0
78551,0
56584,1
25064,0
94392,0
20238,0
76641,0
32562,0
2623,1
87809,0
53309,1
36831,0
15886,0
114523,0
33057,0
44733,1
101278,0
36722,0
47069,1
42421,0
70969,1
117887,0
112863,0
107673,0
27710,0
11533,1
106015,0
72686,1
50888,0
97029,0
23903,0
86633,0
74833,1
41567,1
47776,1
40341,0
54052,1
63067,1
44224,0
105186,0
56312,1
18561,0
104353,0
90509,0
17751,0
57248,1
109214,0
53110,1
56884,1
112150,0
112167,0
35030,0
71589,1
59788,1
9543,1
15409,0
6919,1
37977,0
78749,0
91432,0
92366,0
49606,1
22930,0
101644,0
80476,1
63739,1
54900,0
55922,1
83236,0
64358,1
13224,1
28777,0
59389,1
91935,0
81730,1
77117,0
49715,1
83649,0
79668,0
74460,1
61992,1
24441,0
108340,0
42181,0
107894,0
49853,0
76341,0
109331,0
82850,1
7463,1
84926,0
5497,1
40172,0
18125,0
89369,0
84553,0
15441,0
99922,0
27263,0
92580,0
37231,0
35939,0
6744,0
14772,1
28714,0
67491,1
103989,0
1309,1
16627,0
20814,0
70538,1
77486,1
37920,0
12386,1
50903,1
104816,0
12833,1
6296,0
11000,1
13396,1
63053,1
35105,0
103853,0
115410,0
88915,0
99046,0
940,0
116931,0
85202,0
117994,0
90485,0
102180,0
77771,0
54762,1
81567,1
117152,0
91657,0
18433,1
21950,0
59958,1
96621,0
18358,1
37853,0
116256,0
105444,0
106779,0
40866,1
71135,1
40,1
589,1
107659,0
69364,1
92416,0
55383,1
64134,1
116158,0
68943,1
5180,1
32760,0
115145,0
37707,0
107491,0
29313,0
66848,1
34982,0
87141,0
46617,1
21211,0
64392,1
30877,0
115127,0
118745,0
9431,1
96486,0
19525,0
88968,0
84980,0
41594,0
22989,0
90077,0
48419,1
42036,1
92091,0
109646,0
77396,0
54683,1
59705,1
106326,0
11970,1
105105,0
11860,1
92209,0
89527,0
59582,1
36446,0
14124,0
117131,0
29330,0
118945,0
68791,1
86658,0
85679,0
117142,0
77569,0
36294,0
35390,0
8384,1
70233,1
96284,0
38313,0
75117,1
53814,1
109884,0
4176,1
73968,1
96296,0
66199,1
119090,0
64057,1
115928,0
31325,0
17472,0
114130,0
29597,0
54597,1
40770,0
98153,0
19880,0
78511,0
40845,0
38870,0
21808,0
60724,1
94249,0
64330,1
28694,0
48957,1
45163,0
36037,0
23904,0
73370,1
105047,0
103396,0
110423,0
62223,1
45799,0
82535,0
54046,1
115022,0
33491,0
1333,1
20262,0
44233,0
23481,0
6497,1
100574,0
105957,0
98948,0
24120,0
19139,1
70515,1
50714,0
30612,0
88253,0
9517,1
7298,0
6639,0
33550,0
23361,0
80988,0
86082,0
69789,1
89237,0
62553,1
8588,1
74311,1
51554,1
110260,0
64195,1
15645,0
16653,0
19515,0
49346,0
76707,0
69218,1
107882,0
11277,1
112771,0
94259,0
79098,0
72145,1
70329,1
18615,0
109497,0
25581,0
22830,0
73433,1
67015,1
1281,1
43330,0
76939,1
97989,0
32858,0
52629,1
97710,0
106599,0
87754,0
75076,1
13703,1
91504,0
23340,0
67809,1
30769,0
78719,1
72113,1
21125,0
108640,0
52730,1
30549,0
61948,1
95077,0
4191,1
23303,0
29224,0
89481,0
70191,1
9635,1
100881,0
70366,1
43253,0
95103,0
106460,0
90440,0
65872,1
111481,0
95033,0
107397,0
45249,1
2262,0
14686,1
85912,0
109309,0
72500,1
87795,0
11659,1
27709,0
117248,0
99867,0
81951,1
58042,1
12747,1
28074,0
38523,0
74828,1
96828,0
116031,0
55204,1
31809,0
111574,0
99876,0
54955,1
14011,0
11213,1
6834,0
36498,0
35323,0
4711,1
85320,0
76372,0
99789,0
38566,0
23029,0
105720,0
48834,1
8075,1
38812,0
74172,1
111076,0
4610,0
53651,1
114636,0
80396,1
3798,1
71568,1
22383,0
115442,0
15456,0
93432,0
91949,0
88407,0
40798,0
81862,1
12626,1
51948,0
77928,0
55757,1
102857,0
74927,1
64331,1
4188,1
78546,0
86674,0
44157,0
70845,1
108747,0
53838,0
90563,0
33775,0
45539,1
44787,0
26836,0
94439,0
917,1
10952,1
69699,1
53649,1
13753,1
2461,1
56073,1
96809,0
64996,1
56231,1
61233,1
41530,0
94440,0
30880,0
110867,0
84243,0
101203,0
76959,1
5598,1
36335,0
46858,1
110730,0
87692,0
8289,0
59621,1
116485,0
92,0
37719,0
43951,1
54606,1
72179,1
46439,0
72725,1
8508,1
21253,0
51659,1
114609,0
102143,0
10058,1
83653,0
35911,0
74565,1
101923,0
23189,0
24187,0
59893,1
75702,1
75528,1
77606,0
42125,0
3297,1
73848,1
80255,0
72096,1
113003,0
59908,1
35801,0
70157,1
89157,0
88590,0
92107,0
77642,0
84527,0
50111,1
90873,0
84168,0
58415,1
68476,1
97750,0
55852,1
25828,0
57827,1
87204,0
56723,1
84950,0
80919,1
117914,0
17275,0
108,0
91740,0
55010,1
82889,1
65767,1
87329,0
31244,0
20741,0
69679,1
91149,0
113159,0
113125,0
7345,1
18639,0
61241,1
102139,0
30428,0
12412,1
45856,1
29528,0
30005,0
41598,0
22997,0
98241,0
61064,1
97901,0
116152,0
32621,0
66552,1
84807,0
20902,0
92712,0
112414,0
115458,0
59996,1
77216,0
52076,1
34600,0
29605,0
35076,0
95672,0
17109,0
71948,1
67644,1
106474,0
52187,1
26873,0
107067,0
2244,0
105272,0
16507,0
118304,0
40184,1
101754,0
44275,0
57331,1
108480,0
77263,1
36363,0
91548,0
4816,1
81440,0
57643,1
118034,0
11025,1
15803,0
100538,0
115121,0
53278,1
114626,0
108606,0
87433,0
116753,0
52977,1
57847,1
58626,1
47954,1
27035,0
63581,1
94967,0
13843,0
107539,0
75287,1
42960,0
526,0
55449,1
73567,1
40910,0
64528,1
82331,0
85189,0
50062,1
56863,1
78011,0
104913,0
20749,0
8645,1
78677,1
77887,0
74782,1
9622,1
67483,1
24470,0
63814,1
65453,1
22874,0
89429,0
51234,1
7890,1
543,0
40585,0
81020,1
100315,0
98899,0
63270,1
68252,1
118125,0
45503,1
90320,0
70874,1
70322,1
82991,0
55954,1
113587,0
1479,1
34250,0
79562,0
83914,0
106182,0
100140,0
30356,0
49857,1
108805,0
83262,0
109703,0
20320,0
117764,0
99718,0
78100,0
51759,1
74164,1
12606,1
93903,0
30654,0
26212,0
1197,1
41258,1
12300,1
73537,1
91259,0
99585,0
26863,0
26976,0
70390,1
54713,1
88298,0
88861,0
119071,0
25719,0
73979,1
72094,1
51871,0
117819,0
26969,0
28505,0
48281,0
46462,1
113485,0
2462,1
84819,0
5963,0
26640,0
44963,1
109377,0
90063,0
84633,0
94385,1
94790,0
67459,1
14466,0
83151,0
60730,1
51783,0
54506,1
13212,1
46245,1
84975,0
44624,0
104647,0
83112,0
92201,0
116870,0
67887,1
9633,1
113922,0
1650,0
66870,1
78161,0
59835,1
41287,1
103326,0
96852,0
56355,1
9372,1
118236,0
23724,0
12840,1
3724,1
89472,0
43693,0
88811,0
117803,0
11691,1
97123,0
25068,0
85866,0
116937,0
73735,1
66569,1
117134,0
115395,0
107369,0
60236,1
26867,0
44145,0
27400,0
117895,0
47161,0
109596,0
86014,0
5557,0
80735,1
113099,0
45148,1
105796,0
22160,0
68897,1
14724,1
40427,1
11903,1
40193,1
115439,0
40757,0
93167,0
67754,1
111674,0
49877,0
2246,0
81286,0
90433,0
79521,1
33525,0
52450,1
45995,1
36171,0
40485,1
6181,1
91346,0
95263,0
65227,1
42305,0
26971,0
64639,1
109213,0
23716,0
87268,0
69661,1
85523,0
8674,1
44015,1
10428,1
36240,0
9536,1
78417,0
115658,0
78568,0
98756,0
81103,1
99736,0
26885,0
10467,1
76300,0
1598,0
49982,1
49357,1
9651,1
55828,1
37721,0
14005,0
70799,1
32971,0
18905,0
6813,1
104762,0
86832,0
16708,0
112091,0
116081,0
59294,1
32582,0
45573,0
47773,1
101197,0
83314,0
9346,1
117838,0
75974,1
14780,1
19276,0
50021,1
649,1
94809,0
13608,1
66198,1
71317,1
90489,0
54508,1
74404,1
109990,0
58901,1
7734,1
119197,0
2124,0
63735,1
25333,1
104981,0
73565,1
22491,0
64778,1
84906,0
107546,0
79294,0
92150,0
115907,0
75006,1
47132,0
117515,0
65575,1
52046,0
56243,1
50481,1
116421,0
100959,0
74564,1
111378,0
81212,0
74498,1
118792,0
8195,1
117540,0
79749,0
82680,0
102849,0
49157,1
29900,0
34357,0
4909,1
17749,0
70218,1
78885,0
88660,0
91624,0
67045,1
71977,1
91531,0
89256,0
32339,0
82133,1
2163,0
83503,0
94103,0
70220,1
100951,0
105044,0
50822,0
30393,0
117795,0
15946,0
63977,1
29265,0
61478,1
86242,0
114830,0
73275,1
5124,0
69519,1
92260,0
54462,1
92019,0
48183,1
13895,0
45677,0
98746,0
93606,0
57606,1
84667,0
23644,0
70567,1
1248,0
96162,0
15901,0
29409,0
253,0
41102,0
113531,0
78922,1
5379,1
59487,1
39035,0
116467,0
45345,1
62790,1
95250,0
79678,0
26329,0
95396,0
75716,1
72882,1
17056,0
95298,0
22867,0
106919,0
110742,0
91090,0
67237,1
40923,0
70728,1
45400,0
84872,0
75218,1
110054,0
34410,0
78825,0
12470,1
68756,1
1285,0
57953,1
74735,1
53315,1
20010,0
86377,0
60952,1
54403,1
744,1
61322,1
58612,1
119,0
22625,0
70674,1
96891,0
108743,0
11511,1
78166,0
71225,1
114424,0
112716,0
87035,0
66983,1
16929,0
18904,0
114798,0
109202,0
85914,0
36153,0
94707,0
104573,0
8181,0
92168,0
110590,0
2167,0
24626,0
46358,0
21824,0
110664,0
97821,0
96468,0
24989,0
70793,1
105249,0
3792,1
42356,1
21630,0
58720,1
43249,0
47451,1
65076,1
1876,0
41802,0
32973,0
13563,1
100075,0
101275,0
91446,0
112832,0
83137,0
59346,1
78013,0
79081,0
28067,0
67147,1
11329,1
59465,1
41447,0
11014,1
115631,0
24913,0
112161,0
34339,0
91741,0
100736,0
91884,0
2548,1
68839,1
115393,0
83404,0
78291,0
119276,0
88181,0
98876,0
114148,0
3521,1
86874,0
36846,0
28368,0
87315,0
20454,0
17959,0
76270,1
29506,0
109460,0
92033,0
23272,0
35794,0
5065,1
32398,0
41339,1
51875,0
98407,0
98271,0
55250,1
93395,0
91167,0
33432,0
97743,0
35419,0
45134,1
8214,1
8595,1
36521,0
11359,1
107114,0
31392,0
36959,0
11549,1
97759,0
103295,0
20144,0
102125,0
87792,0
61230,1
88978,0
37294,0
49385,1
17957,0
83782,0
90984,0
100388,0
61759,1
88520,0
14521,0
36204,0
13122,1
6361,1
88314,0
26676,0
84508,0
23610,0
41897,0
96949,0
106888,0
52728,1
9004,1
107254,0
9776,1
61469,1
78728,0
58050,1
117740,0
44759,0
53604,1
64,1
28962,0
114819,0
101510,0
2733,0
84101,0
33074,0
34274,0
106369,0
25875,0
58301,1
63803,1
95834,0
75714,1
18242,0
15730,0
27532,0
26788,0
69465,1
79586,0
63873,1
44508,0
90817,0
91512,0
19365,1
32808,0
2712,0
13610,1
29555,0
10912,1
86946,0
2583,0
78036,0
11960,1
23354,0
88332,0
119101,0
66358,1
623,0
28775,0
16357,0
23525,0
114204,0
77070,0
101879,0
27118,0
31234,0
13679,1
12139,1
115370,0
10262,1
2695,0
98752,0
116417,0
57821,1
102076,0
31184,0
50893,1
87501,0
46272,1
103422,0
23858,0
87774,0
853,1
1024,1
22055,0
114869,0
69015,1
61314,1
73941,1
103494,0
11424,1
43653,0
14354,0
88127,0
95906,0
34368,0
39978,0
107872,0
51747,1
92475,0
56565,1
20526,0
116695,0
72898,1
101974,0
105126,0
22029,0
93801,0
78094,0
6503,1
95349,0
108948,0
16772,1
27254,0
39447,0
85583,0
81315,0
70357,1
105191,0
45968,1
76533,1
86683,0
106955,0
74175,1
102472,0
83462,0
46395,1
46019,1
74824,1
22353,0
26471,0
114184,0
110057,0
4548,0
35074,0
103407,0
92631,0
98220,0
109841,0
28783,0
107715,0
88183,0
71788,1
27258,0
70313,1
83981,0
1553,1
31157,0
52584,1
13404,1
29915,0
113619,0
94583,0
67056,1
26540,0
27902,0
8031,1
39708,0
32318,0
2363,0
19120,0
60484,1
76161,1
63266,1
83574,0
80972,1
85807,0
74522,1
3137,0
112604,0
72313,1
51901,0
39213,0
38085,0
10725,1
78966,0
60574,1
102124,0
60073,1
39432,0
54730,1
90490,0
109426,0
8378,1
8804,1
13589,1
10304,1
11650,1
111727,0
38388,0
56203,1
28053,0
22494,0
34195,0
8270,0
35749,0
3654,0
30093,0
91261,0
73174,1
41212,0
112785,0
12904,1
60411,1
4850,0
50654,1
55786,1
5221,0
110917,0
105670,0
6331,1
22370,0
22050,0
75705,1
8637,1
40891,0
44665,1
85142,0
39098,0
60050,1
115897,0
51791,1
75249,1
3378,1
65055,1
31934,0
73808,1
93216,0
117874,0
17970,0
37592,0
67212,1
35970,0
19175,0
97655,0
117264,0
7114,1
56304,1
32491,0
26067,0
55518,1
98805,0
83803,0
12357,1
75312,1
22539,0
75131,1
93471,0
36818,0
61167,1
106541,0
118007,0
38801,0
81120,1
27456,0
109542,0
85756,0
111391,0
25917,0
104053,0
2520,0
99624,0
39790,0
44742,1
19681,0
5935,0
16810,0
41109,0
56479,1
77683,1
98817,0
18813,0
62026,1
45451,0
92696,0
105751,0
91371,0
56286,1
60928,1
51637,1
51256,1
99082,0
36988,0
6510,0
74594,1
39270,0
11018,1
21058,0
87456,0
56674,1
110425,0
100310,0
60919,1
49388,1
103294,0
21375,0
23449,0
110550,0
66212,1
2299,1
100085,0
28249,0
4708,1
21397,0
112082,0
65623,1
25144,0
4910,0
71315,1
21764,0
116908,0
76053,1
62996,1
46131,0
37912,0
117988,0
8472,1
86934,0
103783,0
35879,0
72894,1
62851,1
52283,0
111054,0
56066,1
70627,1
7097,1
117407,0
93332,0
111838,0
113434,0
50316,1
59511,1
25724,0
27629,0
99681,0
826,1
69854,1
113934,0
84630,0
29523,0
41003,0
27142,0
69162,1
30037,0
38960,0
22451,0
13792,1
41937,0
47105,0
68609,1
70426,1
29519,0
6302,1
111102,0
72466,1
85494,0
61198,1
90316,0
25518,0
76744,1
94409,0
54214,1
11354,1
42451,0
63750,1
119298,0
19536,0
7049,1
71607,1
55120,1
82804,1
28248,0
29669,0
98508,0
115419,0
88621,0
86317,0
3079,1
17506,0
79158,0
94130,0
80122,1
24194,0
83067,0
81897,1
7445,1
74838,1
38390,0
74878,1
75162,1
107226,0
102514,0
41439,0
115194,0
27469,0
91711,0
17450,0
8470,1
93250,0
104952,0
89040,0
75269,1
58190,1
114272,0
72862,1
34768,0
28806,0
31239,0
51092,1
44591,0
40577,1
118626,0
30526,0
3699,0
8557,0
114253,0
24574,0
63597,1
70552,1
22904,0
56405,1
89493,0
49984,1
21752,0
10812,1
93427,0
55880,1
27209,0
96985,0
48300,1
29340,0
36978,0
32290,0
48302,1
103085,0
92063,0
33408,0
13715,1
36428,0
86436,0
17146,0
44069,0
29632,0
63366,1
68507,1
29968,0
35614,0
55365,1
50664,0
57100,1
53151,1
34497,0
63412,1
20137,0
54309,0
109818,0
50537,1
53451,1
88188,0
482,0
30604,0
21422,0
91743,0
27747,0
43400,0
83772,0
13172,1
106715,0
102739,0
20465,0
21663,0
77490,0
107729,0
65667,1
38745,0
3698,0
49908,1
99851,0
46014,0
70741,1
19236,1
24075,0
36887,0
90921,0
41744,1
36014,0
95744,0
51338,1
32324,0
107847,0
50208,1
109167,0
2295,1
1660,1
101844,0
37781,0
111271,0
47560,1
18898,0
79191,1
112704,0
57914,1
115172,0
10627,1
412,0
112146,0
101006,0
24119,0
60383,1
89742,0
102051,0
83284,0
85301,0
2875,0
50827,1
112051,0
43049,0
10986,1
63341,1
10239,1
111534,0
45062,1
70168,1
108103,0
98124,0
39539,0
108173,0
86141,0
117028,0
98678,0
97675,0
45484,1
18088,0
114380,0
114127,0
67113,1
43319,0
36402,0
86451,0
7941,1
50016,1
84917,0
1662,1
90816,0
46965,1
107125,0
16469,0
10008,1
84563,0
108299,0
57708,1
92412,0
51526,1
3895,1
80071,0
106868,0
93374,0
69224,1
44355,0
21965,0
85844,0
109591,0
41153,0
99999,0
67180,1
7110,1
60548,1
86784,0
22381,0
30133,0
32938,0
57542,1
63168,1
11821,1
71718,1
58539,1
2222,1
4719,1
98059,0
46490,0
69281,1
86597,0
84574,0
14348,0
67574,1
74612,1
1802,0
23054,0
112794,0
28499,0
74346,1
11433,1
80165,0
109690,0
93879,0
17499,0
83258,0
34316,0
49274,0
12218,1
79574,0
32904,0
36000,0
110395,0
20995,0
56417,1
43432,0
46573,0
91863,0
41621,0
23750,0
61680,1
81686,0
105487,0
111551,0
69934,1
65237,1
61795,1
31942,0
25597,0
42433,0
93987,0
23895,0
1720,0
104857,0
65898,1
18876,1
1729,0
17323,0
56810,1
20007,0
12005,1
25606,0
78298,0
94682,0
21228,0
23781,0
53854,1
12425,1
103067,0
68449,1
30840,0
109972,0
119132,0
40085,0
65249,1
89704,0
28169,0
58505,1
24478,0
5237,1
89560,0
28475,0
18843,1
59371,1
12114,1
61618,1
23627,0
11921,1
21952,0
19210,1
61669,1
6616,0
66786,1
52232,1
116040,0
52499,1
24452,0
32843,0
118937,0
66203,1
66492,1
85887,0
93557,0
55535,1
51794,1
61763,1
33424,0
113079,0
70492,1
117027,0
78463,0
51645,0
94561,0
14394,0
112522,0
101745,0
20613,0
10908,1
28697,0
78877,0
43991,1
86975,0
80664,0
108751,0
33222,0
41378,0
24193,0
48722,1
23966,0
78891,0
56087,1
46447,1
42072,1
7593,1
92128,0
108502,0
108892,0
51739,1
70001,1
27187,0
90395,0
42939,0
20486,0
16418,0
58930,1
62834,1
103658,0
20075,0
65611,1
12339,1
98265,0
6849,0
81630,1
41047,1
61018,1
8325,1
30516,0
20248,0
73526,1
34571,0
31092,0
73529,1
96498,0
113337,0
116662,0
60039,1
45399,0
8251,1
94552,0
28087,0
1302,1
56370,1
31877,0
115425,0
90915,0
78450,0
73651,1
96038,0
42085,0
93491,0
110125,0
11317,1
58960,1
47652,1
73286,1
42660,0
55713,1
64262,1
108410,0
38379,0
9414,1
90562,0
2404,0
94649,0
106874,0
101538,0
91474,0
111791,0
89696,0
53274,1
13748,1
112497,0
39237,0
96415,0
16126,0
21762,0
104133,0
60363,1
26896,0
115220,0
118886,0
5345,1
104463,0
12304,1
74753,1
104075,0
51445,1
102925,0
90674,0
84150,0
1460,0
81321,0
81200,0
9948,1
106796,0
19775,0
13084,1
106792,0
83408,0
107480,0
9850,1
74512,1
78492,1
43091,0
93802,0
19377,1
75221,1
56947,1
107388,0
97916,0
43320,0
95269,0
79267,1
17886,0
108414,0
55362,1
14732,1
65658,1
92277,0
33331,0
94987,0
114239,0
67672,1
57577,1
106413,0
2521,0
86183,0
70106,1
105452,0
1752,1
93002,0
25013,0
84204,0
16443,0
70365,1
8371,1
65216,1
56802,1
72390,1
83536,0
74989,1
87937,0
93827,0
57978,1
111583,0
19508,0
43167,0
284,0
17958,0
109576,0
71685,1
81684,1
92312,0
112154,0
13825,0
6642,0
91296,0
47694,1
45365,0
60342,1
111954,0
24045,0
49507,1
57,0
65229,1
114517,0
86410,0
104499,0
19839,0
70951,1
9938,1
80617,0
85615,0
15744,0
44718,0
63638,1
68020,1
23421,0
34086,0
43852,1
23869,0
26592,0
47340,1
73421,1
100969,0
84538,0
42209,0
5439,1
84303,0
83157,0
87323,0
74215,1
93360,0
84990,0
41814,0
16427,0
112104,0
76020,1
7193,1
8101,1
37613,0
26760,0
5910,0
53314,1
117841,0
61715,1
54649,1
109569,0
65465,1
14006,0
10039,1
45712,0
111182,0
40418,1
76431,1
5554,1
49331,1
47103,1
85288,0
38865,0
18642,0
95326,0
112288,0
107843,0
25045,0
2074,0
20467,0
28736,0
13622,1
76552,1
44298,0
90925,0
10595,1
85416,0
106356,0
59733,1
88460,0
5592,1
5223,1
112899,0
86423,0
86777,0
84233,0
95357,0
104537,0
33655,0
15842,0
32218,0
69969,1
36469,0
51095,1
16629,0
12789,1
30521,0
65617,1
61802,1
108074,0
26610,0
105409,0
69700,1
19979,0
27192,0
102926,0
30417,0
26086,0
115417,0
60305,1
74245,1
38971,0
44912,0
51515,1
17902,0
110908,0
101742,0
34862,0
12137,1
74642,1
46931,1
73768,1
80114,1
46593,0
33739,0
32578,0
82087,0
108353,0
55943,1
6151,1
113440,0
42889,0
22264,0
46515,0
32279,0
59682,1
65723,1
9730,1
28436,0
20508,0
87775,0
11608,1
90620,0
85393,0
64567,1
44620,0
64349,1
52441,1
43232,0
46062,0
96647,0
42621,0
45767,0
76409,1
86268,0
15236,0
81383,0
118517,0
40697,1
115986,0
57619,1
51409,1
64900,1
96090,0
3061,0
29185,0
87480,0
72873,1
116190,0
114211,0
84264,0
73571,1
76494,1
33156,0
68718,1
36216,0
2243,0
86865,0
70302,1
61679,1
53177,1
83516,0
4187,1
57694,1
115154,0
95664,0
12505,1
4228,0
107025,0
85707,0
21323,0
27126,0
76079,1
33409,0
75231,1
30181,0
76153,0
20244,0
96956,0
43715,0
93560,0
85784,0
46108,0
7465,1
57099,1
53724,1
19528,0
46727,0
55547,1
114894,0
3688,0
103471,0
50723,0
63968,1
103214,0
94679,0
87312,0
50977,1
2310,0
92932,0
64501,1
93986,0
57802,1
77937,0
93505,0
117483,0
4436,1
5874,1
2084,0
14307,0
71513,1
68613,1
73014,1
35784,0
5395,1
116914,0
83799,0
48248,1
13133,1
100167,0
91789,0
41980,0
29889,0
33291,0
70035,1
79948,0
35668,0
58247,1
109189,0
10287,1
87055,0
99033,0
108648,0
68940,1
113741,0
104853,0
53535,1
102647,0
4478,1
73787,1
75986,1
52994,1
80966,0
113370,0
8159,1
7687,1
79414,1
59748,1
37981,0
59649,1
84267,0
71186,1
11169,1
118082,0
99926,0
7677,1
41651,0
96874,0
48324,0
28523,0
101649,0
62171,1
104389,0
53225,1
27543,0
33004,0
46579,0
25299,0
110336,0
72384,1
31041,0
71157,1
7521,1
58522,1
119292,0
4791,0
103373,0
88933,0
45215,1
51583,1
90027,0
59916,1
27094,0
100945,0
5633,0
95531,0
47865,1
87634,0
38786,0
83818,0
69412,1
106421,0
21543,0
55430,1
53677,1
63432,1
46846,1
29559,0
46110,0
55590,1
58011,1
89286,0
91802,0
31189,0
15018,0
53805,1
7865,0
36499,0
111172,0
18701,0
32047,0
13123,1
70387,1
38640,0
116220,0
87711,0
18428,0
98741,0
85653,0
118186,0
13347,1
98569,0
25308,0
28624,0
116228,0
90922,0
86673,0
4905,1
24523,0
2441,0
50458,1
4248,1
94004,0
72854,1
103622,0
113176,0
116698,0
68667,1
29793,0
28778,0
3746,1
94872,0
12284,1
1086,1
55699,1
41811,0
11862,1
16519,0
54971,1
68277,1
47933,1
40042,0
40102,1
70228,1
58883,1
23918,0
99848,0
38646,0
40842,0
62463,1
91305,0
99649,0
105108,0
85747,0
72018,1
104386,0
49338,1
75466,1
56560,1
67513,1
9220,1
12248,1
59028,1
69908,1
62555,1
78416,0
68582,1
97914,0
17110,0
19757,0
60529,1
6300,1
38851,0
51575,1
89156,0
16035,0
98426,0
107899,0
63882,1
42557,1
43158,0
3734,0
16930,0
46289,0
31231,0
83609,0
84956,0
54802,1
81959,1
109638,0
39958,0
103917,0
38059,0
62307,1
78584,0
49407,1
80742,1
3871,1
99528,0
112016,0
91419,0
77307,0
21498,0
115033,0
103941,0
108295,0
24236,0
64516,1
116462,0
56999,1
101530,0
115018,0
111171,0
81307,0
48464,1
25035,0
41892,0
97918,0
4059,1
85869,0
25307,0
100505,0
2791,0
89147,0
62978,1
21430,0
72303,1
113750,0
97110,0
66886,1
100000,0
106958,0
59223,1
118437,0
59679,1
27332,0
17250,0
51915,0
102788,0
62815,1
64767,1
3431,1
44831,0
78177,1
24838,0
100204,0
11627,1
83688,0
8176,0
92467,0
104948,0
118059,0
58798,1
87127,0
102369,0
30870,0
29786,0
108159,0
108043,0
19295,0
38106,0
94437,0
21269,0
13614,1
70862,1
35473,0
86283,0
111244,0
95480,0
45328,0
22114,0
102621,0
19174,0
83059,0
103069,0
1877,1
109843,0
41843,0
70721,1
68389,1
10962,1
88129,0
112970,0
13709,1
33904,0
83824,0
11632,1
51497,1
100852,0
19002,0
91650,0
33050,0
35169,0
85696,0
92692,0
109006,0
50267,1
1734,0
64323,1
64611,1
62046,1
47491,1
62627,1
89683,0
18350,1
98759,0
73797,1
69824,1
44437,1
78263,1
73418,1
53775,1
98157,0
96993,0
1199,0
110019,0
40146,0
81303,0
94846,0
96557,0
4407,1
42868,0
109885,0
977,1
30002,0
42050,1
70072,1
87403,0
6964,1
101092,0
96691,0
8580,1
23236,0
57020,1
15531,0
18384,0
43360,0
39995,0
105315,0
58675,1
65707,1
33304,0
38258,0
32941,0
69793,1
10820,1
31970,0
94297,0
29433,0
19897,0
63089,1
43990,1
26749,0
61213,1
44385,0
102903,0
102689,0
38505,0
98838,0
2964,0
54220,0
29055,0
60856,1
23077,0
91235,0
106743,0
117194,0
8194,1
14597,0
42188,0
64052,1
33500,0
46283,0
42252,0
93599,0
90717,0
69567,1
42145,0
98432,0
31315,0
75721,1
4368,0
10653,1
58977,1
115049,0
92211,0
39253,0
49760,1
90478,0
2773,0
74815,1
37454,0
82333,1
110208,0
74699,0
72680,1
1889,0
37330,0
89535,0
110180,0
23656,0
97893,0
41111,0
92317,0
58191,1
73311,1
57786,1
73734,1
78293,0
47799,1
116820,0
87742,0
24956,0
35650,0
4682,1
70411,1
22876,0
14584,0
37930,0
79154,0
66574,1
114980,0
32331,0
15019,0
16992,0
11982,1
58697,1
48688,0
92507,0
52731,1
113163,0
38710,0
63430,1
110258,0
75545,1
58182,1
34926,0
90752,0
72657,1
104119,0
1787,1
360,0
31726,0
67216,1
26427,0
12832,1
40017,0
2330,1
30377,0
42990,1
118854,0
48400,1
20352,0
67463,1
20313,0
20302,0
77026,1
113974,0
47005,0
115565,0
15290,0
16780,0
70985,1
53106,1
85899,0
100747,0
40252,1
64466,1
101608,0
1869,1
98214,0
50925,0
50317,1
6023,1
92417,0
97972,0
84472,0
10841,1
96844,0
26654,0
47961,1
39089,0
108457,0
18194,0
13364,1
107079,0
20698,0
85100,0
71837,1
35009,0
8652,0
7704,1
97851,0
90665,0
62524,1
103231,0
68510,1
93945,0
49393,1
20445,0
117853,0
45707,0
19240,0
36923,0
92632,0
57261,1
22691,0
77309,0
28767,0
40069,1
42661,1
75509,1
91199,0
33287,0
7105,0
82124,1
17001,0
23937,0
77543,1
39340,0
3904,1
71041,1
72190,1
67593,1
24605,0
13842,0
17115,0
110994,0
105885,0
111256,0
27599,0
62838,1
93843,0
35129,0
45751,0
28841,0
35385,0
102202,0
75194,1
76868,1
75302,1
113549,0
90109,0
112238,0
100243,0
100238,0
21429,0
89296,0
76677,0
31919,0
41533,0
9320,1
110217,0
21987,0
75564,0
31516,0
80517,0
9974,1
12194,1
82249,1
88640,0
106120,0
109317,0
40503,1
23940,0
10530,1
63113,1
38278,0
93001,0
33947,0
51393,1
117083,0
52803,1
101905,0
45519,0
89363,0
37077,0
52682,1
98939,0
9593,1
73216,1
64186,1
67262,1
110827,0
29576,0
101793,0
90226,0
87855,0
62754,1
88956,0
17286,0
52112,1
90610,0
37247,0
8642,1
68236,1
113538,0
40313,0
71462,1
83563,0
67354,1
17711,0
36648,0
82483,0
9658,1
116688,0
78960,0
61631,1
64369,1
87496,0
46103,0
116687,0
24166,0
53001,1
16646,0
38089,0
51576,1
60713,1
17566,0
54754,1
114125,0
112606,0
12289,1
117558,0
97406,0
12861,1
11253,1
93688,0
25918,0
104206,0
60169,1
64822,1
100953,0
50329,0
22194,0
24563,0
49076,1
101,0
82053,0
93058,0
73224,1
85757,0
111683,0
89813,0
63143,1
52943,1
109507,0
15926,0
102132,0
30979,0
60615,1
75852,1
117076,0
36930,0
32908,0
33839,0
101812,0
49288,1
37580,0
111170,0
83180,0
12214,1
54468,1
70011,1
55911,1
119157,0
61753,1
100633,0
72828,1
47941,1
51851,0
16033,0
103299,0
47004,1
45685,0
98304,0
29311,0
76004,1
33582,0
71688,1
89818,0
54205,1
84217,0
10882,1
55349,1
54531,1
24256,0
98777,0
86876,0
96778,0
25317,0
55836,1
116890,0
26186,0
21350,0
15209,1
118573,0
119277,0
7302,1
108331,0
38229,0
86638,0
2861,0
88503,0
45779,1
102936,0
95864,0
86764,0
104219,0
60778,1
81254,0
63482,1
29974,0
70081,1
5756,1
105552,0
104142,0
82138,1
56891,1
85963,0
6062,1
34334,0
93018,0
6664,1
31950,0
32181,0
2140,0
57343,1
68407,1
35102,0
32222,0
84382,0
52565,1
33210,0
83222,0
27168,0
7822,1
101110,0
61476,1
118682,0
8703,0
9091,1
80451,1
88068,0
33864,0
80134,0
27498,0
30912,0
92365,0
92261,0
12739,1
22821,0
84550,0
33945,0
68593,1
107620,0
3882,1
41571,0
95042,0
77722,0
34823,0
77700,0
117998,0
79551,0
116151,0
3209,0
37491,0
96627,0
17744,0
110568,0
89583,0
15758,1
38485,0
23388,0
5220,0
72317,1
105235,0
118749,0
49099,1
108590,0
105863,0
88931,0
5294,1
62264,1
118328,0
46790,1
92745,0
116560,0
43071,0
60020,1
67467,1
108187,0
5490,1
14803,1
52096,1
75594,0
13111,1
87956,0
109313,0
65071,1
70685,1
55384,1
23833,0
69464,1
55654,1
38997,0
100746,0
110387,0
74740,1
111098,0
76536,1
75651,1
42330,0
106417,0
16187,0
42601,0
65035,1
113908,0
41174,1
56778,1
91255,0
49063,1
58718,1
79427,1
108871,0
44923,1
68084,1
70089,1
72116,1
71052,1
45867,0
116776,0
74495,1
100895,0
101528,0
10911,1
49753,1
18892,1
60863,1
86374,0
35783,0
115125,0
34597,0
67408,1
11010,1
27125,0
114519,0
8306,0
2901,0
101966,0
76699,0
96856,0
89811,0
108550,0
79121,0
6969,1
101585,0
26205,0
62595,1
2996,1
97784,0
24878,0
53357,1
10190,1
60142,1
50153,1
17728,0
116411,0
21552,0
44527,0
65056,1
72131,1
30864,0
72419,1
53973,1
75125,1
97870,0
66684,1
114327,0
38507,0
3832,1
69915,1
49772,1
20082,0
96565,0
33239,0
20455,0
97511,0
78972,0
82542,0
18151,0
49708,1
53460,0
86025,0
57153,1
68821,1
73389,1
32067,0
56757,1
52636,1
21483,0
91039,0
117885,0
28866,0
56522,1
80623,0
37112,0
10956,1
98425,0
29684,0
15190,1
104288,0
79670,0
115619,0
4095,0
104357,0
30253,0
75896,1
66835,1
68092,1
54931,1
85780,0
16074,0
6991,1
96289,0
100255,0
35767,0
17156,0
17626,0
20018,0
63050,1
99983,0
99428,0
49860,1
100090,0
87829,0
54899,0
7452,1
77764,0
118153,0
27615,0
78574,0
82574,0
616,1
25134,0
69982,1
103291,0
30221,0
29732,0
66152,1
48804,1
110199,0
53971,1
96372,0
32151,0
68873,1
18765,0
41006,0
55272,1
69348,1
77627,0
64675,1
60670,1
55744,1
74425,1
50034,1
28540,0
41199,1
44529,0
109523,0
91393,0
57012,1
70648,1
6822,0
63130,1
72497,1
60634,1
603,0
36392,0
93032,0
118719,0
17328,0
78882,0
34985,0
24342,0
60707,1
39991,0
60988,1
90593,0
52287,1
114219,0
34577,0
33199,0
75178,1
30487,0
19804,0
20531,0
50206,1
108343,0
55135,1
116082,0
68211,1
17795,0
3080,1
104493,0
85264,0
88815,0
43367,1
99698,0
113870,0
108150,0
29283,0
83739,0
105177,0
17363,0
95801,0
1262,0
88062,0
62556,1
17277,0
36017,0
59588,1
47912,1
9761,1
27896,0
67443,1
25235,0
82038,1
13561,1
108631,0
36820,0
61674,1
50795,1
116888,0
46089,1
56995,1
60334,1
56750,1
80822,1
2296,0
24658,0
27743,0
90310,0
10692,1
82151,1
21863,0
54816,1
12017,1
14324,0
84826,0
62925,1
94837,0
56760,1
13132,1
41580,1
97099,0
51827,1
102765,0
41809,0
111033,0
93794,0
6457,1
75611,1
86009,0
98679,0
1187,1
39125,0
49133,0
61403,1
79922,0
5879,0
67815,1
104535,0
15536,0
112567,0
8338,1
102996,0
106975,0
117532,0
9295,1
72017,1
101953,0
33383,0
112784,0
115575,0
88606,0
42283,0
56508,1
114543,0
60497,1
57424,1
102007,0
95280,0
18926,0
92218,0
48858,0
56756,1
78771,0
84331,0
50318,1
115932,0
73157,1
71576,1
95165,0
107479,0
54992,1
91166,0
41592,0
109532,0
17380,0
17198,0
29435,0
102355,0
794,1
114670,0
94263,0
10452,1
112734,0
56183,1
86592,0
32192,0
11761,1
9774,1
73362,1
22814,0
86666,0
28933,0
87781,0
35130,0
1672,0
43053,1
87509,0
40936,0
14621,0
58434,1
28865,0
97086,0
44121,1
20188,0
102595,0
50861,1
39102,0
26037,0
52947,1
49358,1
116250,0
111804,0
81484,0
55210,1
56525,1
52236,1
27362,0
94363,0
26407,0
118369,0
36094,0
82983,0
41481,0
54458,0
45552,0
104201,0
19740,0
82499,0
38609,0
89103,0
47550,1
37778,0
81072,0
4482,1
19773,0
51165,0
47671,1
58441,1
43068,0
98350,0
47071,1
27349,0
10445,1
22683,0
98160,0
31043,0
100536,0
115621,0
81148,0
105167,0
76428,1
43860,0
82252,1
112079,0
88238,0
118290,0
46503,1
50901,1
5962,1
37598,0
82176,1
9102,1
53877,1
9702,1
60122,1
71735,1
27688,0
82669,0
8766,0
20813,0
415,0
9608,1
20788,0
26842,0
27280,0
86312,0
103190,0
9145,1
108695,0
41299,0
68493,1
38577,0
72068,1
27823,0
94079,0
6037,0
3704,0
76680,0
44836,1
101612,0
41314,0
64089,1
22398,0
1757,1
37949,0
52003,1
43747,0
57019,1
36314,0
6790,1
41162,1
5132,0
48188,1
34480,0
32024,0
86485,0
82190,0
38276,0
19049,0
77643,0
76720,0
62665,1
111797,0
39471,0
63293,1
36690,0
91176,0
67281,1
95954,0
106207,0
58586,1
23609,0
44872,0
64407,1
100679,0
70114,1
90966,0
65742,1
118071,0
114025,0
75448,1
61885,1
88941,0
90838,0
16306,0
4220,1
14867,1
111929,0
36143,0
17187,0
74449,1
98560,0
58582,1
42946,1
109469,0
30813,0
8518,1
108625,0
98557,0
30948,0
21889,0
100003,0
8638,1
14656,0
31273,0
34810,0
89243,0
94002,0
63590,1
7376,1
32694,0
65146,1
64080,1
52852,1
59919,1
92798,0
23694,0
52484,1
37867,0
33815,0
118128,0
55510,1
101111,0
114711,0
36773,0
39031,0
92873,0
73258,1
19335,0
14271,0
32683,0
54669,1
12814,1
110694,0
70032,1
100730,0
73898,1
89206,0
43679,0
89566,0
12812,1
20118,0
47758,1
86052,0
90221,0
32521,0
100135,0
48477,0
34286,0
29580,0
60962,1
6989,1
6652,0
110087,0
97393,0
20712,0
37712,0
72249,1
15121,0
47348,1
72409,1
33226,0
24850,0
87237,0
39263,0
59122,1
70439,1
26058,0
94953,0
66776,1
65213,1
112866,0
17761,0
40996,0
21677,0
66487,1
20094,0
46137,1
10421,1
82508,0
75607,0
107447,0
5243,1
43394,1
35545,0
106176,0
113626,0
100114,0
37469,0
116019,0
101820,0
57241,1
64462,1
24197,0
114039,0
20951,0
34737,0
8821,1
70923,1
9534,1
44775,0
99022,0
31060,0
14717,1
55152,1
117648,0
69627,1
102313,0
91970,0
63315,1
33344,0
111488,0
26756,0
6458,1
15380,0
50170,1
10056,1
98270,0
71154,1
52570,1
114494,0
4569,1
71364,1
89702,0
34175,0
29486,0
111522,0
98545,0
11536,1
70857,1
11044,1
8985,1
65794,1
100568,0
26541,0
18289,0
100172,0
116830,0
1011,1
70871,1
31718,0
8967,1
56481,1
12262,1
91830,0
19873,0
67154,1
8300,1
88299,0
50828,1
6768,1
62723,1
18253,0
118767,0
83943,0
41103,0
18803,0
44403,0
114431,0
100581,0
27161,0
93456,0
85609,0
113224,0
13576,1
84940,0
43150,0
41127,0
101319,0
29749,0
20227,0
113762,0
25120,0
81229,0
109299,0
78081,0
43905,1
113401,0
9862,1
14203,0
7071,1
118837,0
23930,0
66877,1
16248,0
3700,0
59712,1
19811,0
57737,1
8928,1
39670,0
35960,0
21027,0
109549,0
4451,1
54872,1
116334,0
35731,0
2133,1
97644,0
45809,0
69955,1
75416,1
43941,1
35648,0
103878,0
116855,0
37684,0
33308,0
58750,1
77219,0
5155,0
43696,1
14412,0
20889,0
42684,1
11168,1
63841,1
1779,1
60018,1
35204,0
104574,0
106455,0
99056,0
101248,0
84221,0
61217,1
31323,0
52766,1
16749,0
56888,1
37744,0
97591,0
49408,0
45254,0
88412,0
109509,0
86216,0
109744,0
70760,1
46310,1
64123,1
83962,0
17527,0
114985,0
75382,1
19407,0
34288,0
53928,1
5542,1
94729,0
102625,0
55367,1
38422,0
81584,1
79404,1
112530,0
40916,0
50650,1
61105,1
51994,1
29840,0
90484,0
108899,0
11886,1
106889,0
117930,0
96257,0
24344,0
15088,0
6244,1
19303,0
4182,0
112347,0
43459,0
102345,0
80115,1
44244,0
62305,1
54393,1
75095,1
25507,0
89105,0
8253,0
99961,0
102109,0
11471,1
88028,0
104064,0
75325,1
64061,1
20274,0
54956,1
24183,0
82994,0
54686,0
91291,0
83191,0
3593,1
22578,0
69121,1
13149,1
29267,0
52481,1
81890,1
92433,0
6443,1
46134,0
12328,1
52764,1
108259,0
16711,0
73337,1
71369,1
112101,0
63656,1
101950,0
5022,1
16792,0
20154,0
8386,0
46489,0
88762,0
105820,0
17656,0
51725,1
54773,1
19275,0
100446,0
107494,0
17476,0
99888,0
47536,1
91760,0
9842,1
1432,0
7013,1
69976,1
23908,0
20773,0
117301,0
88312,0
34793,0
46880,0
85505,0
26066,0
15864,0
111650,0
59663,1
58766,1
118867,0
79149,0
77050,1
118365,0
30863,0
48967,0
24027,0
34094,0
75111,1
111466,0
60944,1
118188,0
45419,0
16928,0
70879,1
16580,0
8582,1
111008,0
22422,0
51998,1
116257,0
22600,0
21037,0
17305,0
42090,0
9747,1
80423,1
10978,1
15906,0
43433,0
24854,0
72573,1
79345,0
10330,1
5473,1
82043,1
104934,0
24556,0
100564,0
19844,0
78664,0
63695,1
14693,1
85955,0
66430,1
12316,1
107652,0
69402,1
84202,0
44877,0
58073,1
74997,1
32786,0
25414,0
64217,1
112779,0
12932,1
5394,1
13406,1
65571,1
27618,0
39859,0
64828,1
38193,0
73415,1
67464,1
62938,1
93380,0
11092,1
84108,0
51232,1
41659,0
63785,1
92122,0
73150,1
35126,0
69080,1
53873,1
78886,1
111621,0
72093,1
89197,0
80044,0
16120,0
108105,0
74227,1
44457,1
107824,0
1409,0
18748,0
29384,0
81333,0
86203,0
86502,0
101242,0
10418,1
91540,0
43402,0
17614,0
115544,0
55039,1
82436,0
63755,1
60361,1
38528,0
88604,0
13505,1
64229,1
46364,0
48803,1
15737,0
102239,0
51627,1
43896,1
53047,1
42301,0
4327,1
73222,1
37082,0
57911,1
79451,1
52237,1
118115,0
16477,0
21868,0
64387,1
75966,1
94383,0
9249,1
105586,0
101414,0
11211,1
49495,1
74812,1
72128,1
104804,0
37209,0
6646,0
65923,1
41398,1
68307,1
113886,0
17518,0
19406,0
22161,0
27731,0
99603,0
69579,1
26511,0
103196,0
108055,0
94551,0
60132,1
3028,0
18022,0
95317,0
16290,0
67139,1
34362,0
112548,0
13160,1
93819,0
60613,1
51399,1
18453,0
59545,1
26957,0
24613,0
47486,1
13577,1
57724,1
63807,1
23600,0
38263,0
109239,0
116581,0
52009,1
98329,0
76080,1
88789,0
46641,1
35951,0
106506,0
44350,0
48022,1
90798,0
16340,0
7433,1
52360,1
108272,0
18096,0
44783,1
45855,0
75083,1
14088,0
38681,0
91791,0
80618,0
115060,0
49885,1
30686,0
251,0
66267,1
41992,0
48295,1
88426,0
55859,1
72216,1
106063,0
92789,0
50236,1
89709,0
37627,0
77848,0
67269,1
79529,1
117502,0
99471,0
108258,0
19252,0
14231,1
114994,0
59970,1
105977,0
1680,0
10459,1
81644,1
33362,0
93787,0
78773,0
112014,0
22826,0
5080,1
13923,0
118246,0
109981,0
107524,0
86562,0
35403,0
73564,1
44813,1
54049,1
25505,0
80314,1
51499,1
20745,0
115027,0
71848,1
23346,0
35830,0
103631,0
75902,1
30608,0
39533,0
7924,0
4334,1
86236,0
14048,0
42152,0
103519,0
95591,0
93919,0
76322,0
11090,1
25380,0
380,0
34473,0
104773,0
92918,0
57965,1
56908,1
60120,1
58949,1
3796,1
23684,0
55631,1
102200,0
62543,1
45667,0
52094,1
15443,0
22416,0
111007,0
18585,0
111200,0
58209,1
29260,0
89011,0
67236,1
42768,1
56127,1
72641,1
85691,0
51868,0
28628,0
14090,0
43031,1
111505,0
32831,0
108664,0
73390,1
60422,1
14857,1
37217,0
78285,0
53341,1
64509,1
4638,1
2351,0
110921,0
64305,1
17157,0
93015,0
110974,0
48202,0
18476,0
8533,1
67319,1
24624,0
71943,1
102043,0
42319,0
82665,0
98786,0
118286,0
1367,0
62809,1
96535,0
67253,1
94461,0
66658,1
53108,1
98002,0
86861,0
96865,0
53897,1
104874,0
63202,1
87551,0
3623,1
57451,0
45327,0
115614,0
63587,1
61255,1
55695,1
2487,0
46415,1
70535,1
17820,0
5141,1
64564,1
114003,0
99739,0
13860,0
35114,0
26147,0
27413,0
62587,1
91942,0
49218,1
32897,0
30954,0
10744,1
34268,0
72961,1
19243,0
14399,0
85220,0
90487,0
92514,0
22340,0
7257,1
21038,0
50476,1
113783,0
44711,0
28434,0
116839,0
38368,0
100374,0
60885,1
48737,0
31829,0
2031,1
3299,0
89836,0
100927,0
73430,1
86221,0
102492,0
50590,0
58021,1
77603,0
44819,1
11136,1
83728,0
104520,0
56464,1
12302,1
107451,0
92928,0
112136,0
76018,1
54646,1
6112,1
56821,1
64527,1
12580,1
27060,0
11461,1
113725,0
39430,0
5042,1
50541,0
69479,1
27194,0
31933,0
76194,1
71387,1
100041,0
59676,1
50332,1
82193,0
77959,0
28563,0
11694,1
88079,0
84886,0
11110,1
110490,0
107179,0
116791,0
57255,1
90248,0
23714,0
71629,1
24131,0
36693,0
6552,1
45971,0
29756,0
58857,1
55983,1
23335,0
37484,0
51865,0
106823,0
58747,1
75496,1
40830,0
96968,0
104530,0
36197,0
101787,0
84644,0
3093,1
106793,0
118736,0
85951,0
117573,0
46067,1
8644,1
84087,0
24587,0
19741,0
97510,0
72581,1
92149,0
41100,0
25178,0
33321,0
118588,0
68560,1
36434,0
63604,1
106014,0
106805,0
24845,0
70537,1
49344,1
55334,0
2819,0
60481,1
45441,0
75135,1
48257,1
109492,0
12107,1
101819,0
46873,0
14790,1
80420,1
93996,0
54051,0
15985,0
52174,1
50336,1
42388,0
74591,1
37770,0
29077,0
97127,0
98532,0
80221,0
98967,0
45423,0
61404,1
69810,1
107600,0
35789,0
112647,0
49519,1
38929,0
51461,1
27644,0
108591,0
83062,0
94544,0
78735,0
38663,0
105960,0
19582,0
40767,0
65584,1
17588,0
29062,0
110363,0
87722,0
45082,1
71594,1
14830,1
53216,1
26482,0
83113,0
11212,1
50913,0
118014,0
45577,0
79773,1
106855,0
105388,0
10585,1
37155,0
37175,0
31561,0
16186,0
109001,0
85357,0
118206,0
87167,0
101480,0
44315,1
78438,1
47456,0
44278,0
11251,1
102458,0
65594,1
24955,0
98306,0
72627,1
54270,1
2492,0
113436,0
89036,0
23380,0
33729,0
79460,1
45432,0
6953,1
17288,0
110796,0
30749,0
28704,0
95046,0
51859,0
42647,0
29432,0
19440,0
51989,0
74165,1
97327,0
111844,0
89302,0
6153,0
84811,0
21773,0
76967,1
104370,0
57663,1
16447,0
87945,0
72220,1
62178,1
63997,1
51719,1
76784,1
98548,0
63635,1
60611,1
107115,0
52650,1
72914,1
31669,0
85046,0
91797,0
66607,1
3886,1
19902,0
73952,1
12579,1
28564,0
21804,0
57224,1
10220,1
15890,0
31218,0
97350,0
49573,1
90637,0
91126,0
109203,0
14483,0
96951,0
16108,0
35399,0
63888,1
105293,0
99899,0
95159,0
50054,1
31208,0
75484,1
2664,1
95081,0
13456,1
65222,1
110600,0
20819,0
29659,0
47516,1
34453,0
51857,0
66387,1
102681,0
116183,0
36233,0
56876,1
114693,0
60463,1
31605,0
76913,1
60736,1
64838,1
2706,0
101476,0
31147,0
72833,1
41040,0
68113,1
4695,1
41485,0
58542,1
34805,0
99704,0
63195,1
82323,0
22529,0
72849,1
14140,0
97459,0
46869,0
104830,0
8204,1
50076,1
1239,0
20428,0
53234,1
35401,0
31362,0
77115,0
30714,0
94421,0
11966,1
53518,1
80700,0
2862,0
42969,1
88094,0
3280,0
44724,1
23041,0
117412,0
96078,0
91445,0
117521,0
106068,0
60537,1
91015,0
38905,0
118097,0
54648,1
30819,0
37001,0
36120,0
43036,1
65138,1
19368,1
5587,0
118238,0
40975,0
53100,1
78929,0
108832,0
48352,1
95429,0
25932,0
63896,1
54183,1
64120,1
70306,1
112275,0
61413,1
103486,0
114469,0
119388,0
1517,0
28794,0
14913,0
41238,0
27806,0
50756,1
90261,0
32415,0
5712,1
4716,1
102794,0
80573,0
104665,0
61266,1
113754,0
25082,0
86761,0
29707,0
45833,0
53960,1
88446,0
43816,0
62506,1
82968,0
73561,1
113106,0
3176,1
2344,0
43571,0
96306,0
113231,0
64115,1
69650,1
15228,0
66805,1
69829,1
21155,0
97391,0
41732,1
103786,0
51995,1
88478,0
103848,0
116746,0
29804,0
50855,0
49947,1
111032,0
83669,0
3124,0
63319,1
87979,0
103904,0
18682,1
111493,0
34770,0
50866,1
115006,0
28526,0
27767,0
117565,0
40727,0
46627,0
54095,0
11518,1
103276,0
37057,0
88256,0
14312,0
60442,1
58324,1
5645,1
22732,0
114598,0
116155,0
16819,0
10112,1
85710,0
38747,0
80206,0
19032,0
47581,1
27880,0
10876,1
78059,0
6862,1
37909,0
63200,1
444,0
55921,1
58475,1
60765,1
65375,1
108088,0
102619,0
43778,1
115677,0
61137,1
101816,0
29943,0
25728,0
100524,0
90189,0
54301,1
88976,0
40505,1
51681,1
53391,1
113492,0
9701,1
117361,0
32444,0
47759,1
25589,0
86326,0
50643,1
34483,0
53764,1
75532,1
425,0
42353,1
7157,0
51069,1
117227,0
116878,0
59934,1
61910,1
9280,1
113967,0
107375,0
51728,1
53539,1
69863,1
64201,1
114215,0
25723,0
13594,1
90851,0
14219,0
33814,0
53770,1
62475,1
112594,0
61369,1
105668,0
93648,0
54121,1
50358,1
102810,0
19003,0
25710,1
100129,0
72959,1
21670,0
104785,0
14890,1
87451,0
18035,0
115512,0
37900,0
8256,1
4189,1
100594,0
92591,0
91732,0
40337,1
50673,0
10556,1
87261,0
37739,0
114595,0
60621,1
4089,1
61592,1
18482,0
119015,0
5048,0
296,0
94860,0
53864,1
3972,1
15603,0
32784,0
108291,0
94644,0
3373,1
94308,1
114694,0
86291,0
64192,1
62747,1
44649,0
4458,1
112105,0
7250,1
105287,0
51343,1
101798,0
57171,1
80911,0
27012,0
12856,1
10443,1
45582,1
45234,1
117757,0
80900,0
113572,0
33831,0
34957,0
23862,0
106956,0
73990,1
59230,1
104105,0
110769,0
87524,0
111834,0
115984,0
48272,1
114727,0
51132,1
91326,0
103895,0
97782,0
96037,0
49480,1
3985,1
11479,1
3311,1
49162,1
86090,0
99658,0
12138,1
55425,1
24562,0
38042,0
80303,1
73257,1
92678,0
117826,0
26708,0
64622,1
75542,1
11407,1
118590,0
62196,1
77573,0
65739,1
83749,0
19435,0
26515,0
27490,0
29210,0
68253,1
25915,0
42770,0
82365,1
10214,1
9734,1
31029,0
40675,0
59186,1
16297,0
48086,1
33353,0
46343,1
117465,0
84817,0
79512,0
81894,1
87253,0
99633,0
76083,1
15525,0
17360,0
36404,0
2149,0
73061,1
51372,1
51060,1
66980,1
54177,1
26089,0
4774,1
36761,0
49172,1
54450,1
72299,1
41782,0
96104,0
67439,1
99720,0
21248,0
20389,0
62500,1
27584,0
81740,1
98689,0
297,0
74671,1
18186,0
84891,0
27908,0
89269,0
103851,0
89383,0
79966,0
3845,1
47996,1
34297,0
62703,1
25630,0
99398,0
71386,1
6333,0
46886,1
79065,0
36519,0
106967,0
75423,1
5569,0
118835,0
58660,1
118289,0
110167,0
66766,1
54068,1
106263,0
6957,1
51337,0
114436,0
3754,1
90686,0
54772,1
30452,0
100580,0
109735,0
34068,0
22890,0
19241,0
55785,1
111519,0
67930,1
37441,0
14617,0
119191,0
108645,0
88077,0
88806,0
75654,1
118175,0
56721,1
9146,1
101001,0
80458,1
54674,1
28894,0
118631,0
63999,1
85835,0
27163,0
83064,0
112011,0
3995,1
102391,0
15904,0
90144,0
61251,1
25861,0
117476,0
20138,0
4039,1
98371,0
37831,0
4923,1
1084,0
48677,1
48730,1
5851,1
67394,1
49438,1
66219,1
45871,0
29530,0
84411,0
21232,0
55265,1
90625,0
54539,1
10158,1
418,0
78300,0
8618,1
43675,0
34400,0
16199,0
94067,0
112943,0
35430,0
62725,1
53171,1
86306,0
2581,0
77165,0
91209,0
57303,1
67171,1
7985,0
35658,0
17558,0
86519,0
10499,1
82784,1
14664,0
8957,1
104045,0
36168,0
46768,0
72868,1
9405,1
50521,1
32774,0
43166,1
21514,0
91444,0
37725,0
70211,1
53763,1
108205,0
64467,1
2157,1
105290,0
22331,0
64481,1
39034,0
80816,0
118191,0
118911,0
67846,1
84015,0
2868,0
67820,1
77801,1
34984,0
67599,1
95067,0
115473,0
89651,0
93328,0
62405,1
48795,1
102212,0
107826,0
32366,0
75271,1
16401,0
23617,0
88846,0
70276,1
40816,0
68254,1
49382,1
37826,0
103549,0
32581,0
29616,0
59564,1
54302,1
110182,0
27162,0
89489,0
82083,0
103675,0
85690,0
106132,0
54908,1
83763,0
1861,0
111475,0
92151,0
7528,1
90472,0
49762,1
6984,1
57058,1
39130,0
31338,0
57003,1
103698,0
41465,0
10525,1
56808,1
93398,0
40900,0
98402,0
29992,0
76717,0
67710,1
52272,1
37485,0
10004,1
28918,0
110839,0
75729,1
37435,0
68197,1
97811,0
45570,1
80587,0
73589,1
115447,0
74022,1
23017,0
4471,1
43868,1
101335,0
94129,0
59366,1
111127,0
75875,1
40788,0
29289,0
66741,1
99835,0
4442,1
52462,1
14392,0
47604,1
92630,0
20840,0
105683,0
62672,1
6846,0
114243,0
18177,0
89190,0
106520,0
5210,0
27385,0
78599,1
6313,1
96036,0
52275,1
108146,0
73817,1
24974,0
1286,1
80079,1
111590,0
54572,1
102651,0
114938,0
117263,0
16673,0
2559,0
49121,1
39979,0
62594,1
51469,1
110256,0
93153,0
111702,0
34372,0
17012,0
41982,0
108323,0
77632,0
79215,0
101597,0
21654,0
13429,1
114621,0
111234,0
65886,1
38605,0
98483,0
3338,1
5728,0
35485,0
15949,0
70598,1
10868,1
31849,0
14548,0
86627,0
5443,1
33255,0
75720,1
110414,0
81407,0
12889,1
37884,0
32516,0
118907,0
4298,1
61068,1
27841,0
31617,0
80073,1
28578,0
105486,0
32136,0
112062,0
33666,0
82988,0
75658,1
11203,1
117687,0
60576,1
36391,0
102387,0
28766,0
118091,0
62236,1
41337,1
28189,0
75149,1
59871,1
58885,1
5642,0
118988,0
28688,0
87437,0
45771,0
13528,1
1590,0
117712,0
108198,0
75897,1
51530,1
7006,1
24170,0
27273,0
54329,1
69504,1
116174,0
62522,1
97018,0
4687,1
108807,0
103617,0
4637,1
118975,0
39127,0
99689,0
33675,0
18834,1
99995,0
33012,0
67743,1
75207,1
79980,0
115820,0
107675,0
47217,1
93379,0
33429,0
54598,1
73701,1
103290,0
2238,1
34263,0
84435,0
89430,0
34728,0
56156,1
20022,0
41476,0
97747,0
50363,0
77348,1
111452,0
68486,1
48855,1
97946,0
60731,1
77695,1
20362,0
72109,1
76492,1
83559,0
49493,1
29590,0
86269,0
40917,0
3655,0
13802,1
58082,1
47547,1
76005,1
43287,1
18646,0
18352,1
64121,1
95099,0
7869,0
19104,0
89908,0
58107,1
25585,0
73462,1
2168,0
39799,0
64082,1
19225,1
31802,0
102742,0
12528,1
103688,0
28315,0
30147,0
101453,0
93771,0
88831,0
71470,1
97736,0
37587,0
36179,0
42891,1
105616,0
47319,1
17241,0
115841,0
86020,0
61069,1
21274,0
1552,0
41129,1
78543,0
79832,1
1376,1
104834,0
34401,0
45323,0
4889,1
25426,0
27911,0
77650,1
63626,1
39634,0
78038,0
69742,1
2699,1
20073,0
8165,0
86944,0
25370,0
30339,0
8048,1
98049,0
64203,1
4231,1
100821,0
116631,0
97186,0
105260,0
75158,1
115047,0
54616,1
71657,1
78697,0
9242,1
72029,1
27493,0
85215,0
84279,0
75348,1
107509,0
69640,1
12961,1
28703,0
3591,1
31601,0
34875,0
118488,0
55793,1
9409,1
93063,0
109751,0
103280,0
102725,0
81547,1
29324,0
94406,0
66325,1
17070,0
63692,1
92318,0
18364,1
53301,1
7145,1
67066,1
63141,1
92619,0
91095,0
4416,1
21362,0
116578,0
61336,1
19626,0
104326,0
75159,1
30018,0
36158,0
75165,1
78514,0
109204,0
89792,0
42678,0
104681,0
12585,1
37655,0
99810,0
45362,0
115462,0
109626,0
64493,1
101757,0
100493,0
45668,0
47049,1
36431,0
78881,0
85911,0
46464,1
98117,0
93049,0
39381,0
81990,1
64599,1
111425,0
112871,0
67653,1
83586,0
115566,0
91197,0
101934,0
119339,0
109029,0
55330,1
91675,0
110729,0
104490,0
63169,1
80448,1
36082,0
4079,1
90789,0
7810,1
36947,0
75436,1
85518,0
105345,0
41959,0
77479,1
19863,0
7439,1
87498,0
7402,1
91400,0
3656,1
84794,0
118779,0
32773,0
1347,1
71824,1
81782,1
53415,1
103382,0
68204,1
50506,1
76766,1
42204,0
65798,1
3444,1
4743,0
108806,0
13492,1
298,0
84740,0
33634,0
104215,0
12616,1
30169,0
37165,0
78888,0
32253,0
39678,0
52812,1
87760,0
97250,0
113468,0
40966,0
71703,1
111183,0
47672,1
96869,0
94048,0
83902,0
11199,1
110924,0
37364,0
10286,1
78662,0
77081,0
91819,0
105512,0
6046,1
106009,0
7700,1
64727,1
15517,0
40605,1
113394,0
38525,0
69345,1
75870,1
13012,1
107256,0
10225,1
14133,0
108282,0
17092,0
113204,0
11263,1
24885,0
90403,0
77380,1
71667,1
17296,0
59898,1
106094,0
107378,0
14879,1
1025,1
85256,0
101570,0
39305,0
77847,0
91728,0
89287,0
98959,0
118801,0
117406,0
91030,0
115161,0
103826,0
105354,0
90402,0
94300,0
67803,1
96673,0
3518,1
54300,1
89073,0
92981,0
94548,0
63874,1
57217,1
93457,0
83964,0
76442,1
75547,0
60775,1
2294,1
3272,0
84053,0
54920,1
3847,0
4780,0
69630,1
69165,1
85311,0
72649,1
52908,1
48483,1
30258,0
103401,0
82844,1
109855,0
80099,1
94588,0
108684,0
66689,1
32015,0
101148,0
109171,0
76061,1
1283,1
89316,0
18052,0
108092,0
44658,0
64454,1
104565,0
58064,1
13365,1
117042,0
49679,1
114484,0
6528,0
96305,0
18857,0
3380,0
117849,0
105730,0
27431,0
99028,0
113647,0
13405,1
106979,0
35520,0
29736,0
8660,1
86684,0
48809,1
38266,0
96301,0
55891,1
74916,1
8597,1
118903,0
32764,0
80772,1
32280,0
14782,1
58525,1
32092,0
16800,0
102365,0
79975,0
6403,1
85929,0
67025,1
67205,1
44705,0
95301,0
31414,0
69481,1
91967,0
102279,0
112969,0
8124,0
88427,0
113062,0
93123,0
39629,0
79814,0
62335,1
4186,1
113996,0
9802,1
16706,0
40909,0
103058,0
72751,1
111820,0
36276,0
94812,0
62597,1
53776,1
93112,0
106165,0
102679,0
36272,0
113904,0
57156,1
15905,0
35877,0
112384,0
5492,0
94313,0
2286,0
9480,1
16208,0
112331,0
96161,0
66015,1
24159,0
44598,0
83390,0
7454,1
40574,1
103889,0
60414,1
31841,0
66484,1
7744,1
4093,0
108675,0
30631,0
6463,1
67498,1
17554,0
102399,0
52932,1
36161,0
28390,0
93221,0
107851,0
41899,0
52773,1
5517,0
30794,0
12418,1
28596,0
80310,1
85566,0
104899,0
1125,0
103288,0
107098,0
109149,0
68029,1
51835,0
61645,1
13897,0
93280,0
44296,1
66996,1
105753,0
42417,0
107316,0
105068,0
98589,0
35159,0
72456,1
85600,0
18290,0
52246,1
77456,1
113909,0
59016,1
8890,1
114759,0
74291,1
42622,0
27673,0
60040,1
2094,0
36932,0
48757,1
25031,0
109249,0
1032,1
58132,1
54688,1
18226,0
103775,0
38480,0
101074,0
71483,1
90774,0
41423,0
2103,0
66196,1
95543,0
80175,0
28005,0
41065,0
16919,0
88268,0
106004,0
86497,0
42131,1
23068,0
11813,1
36209,0
61953,1
66439,1
117238,0
71730,1
38250,0
96624,0
58127,1
79363,0
60793,1
79062,1
69697,1
93951,0
49669,1
71628,1
11111,1
93752,0
63348,1
85947,0
12347,1
55357,1
57785,1
78575,0
91796,0
67109,1
106389,0
117966,0
114655,0
37450,0
107525,0
27241,0
48282,1
88219,0
47607,1
15084,1
58892,1
107855,0
51313,0
99540,0
47372,1
3852,1
31901,0
73932,1
64628,1
52693,1
90115,0
111088,0
94646,0
107940,0
116273,0
107613,0
98604,0
52892,1
84166,0
52765,1
45498,1
2329,1
61243,1
66135,1
30187,0
106083,0
41761,0
87086,0
89324,0
43259,0
60812,1
38954,0
51647,1
36440,0
34721,0
102119,0
74700,0
82034,1
70409,1
12001,1
103483,0
68597,1
97952,0
10409,1
42714,0
103986,0
73192,1
9649,1
69808,1
82324,0
73578,1
65441,1
68261,1
10880,1
74579,1
39312,0
61345,1
40467,0
103727,0
110472,0
2245,0
11158,1
119349,0
105633,0
45191,0
34936,0
41874,1
39784,0
84254,0
12253,1
67376,1
105909,1
107357,0
82424,0
75398,1
103179,0
29697,0
69656,1
18076,0
41978,0
83246,0
79400,0
83597,0
112952,0
35639,0
13030,1
114185,0
114284,0
27020,0
15194,1
19838,0
26599,0
47286,1
39229,0
65814,1
112355,0
110240,0
8355,1
82321,0
50338,1
88252,0
39520,0
14585,0
77914,0
18067,0
92308,0
63865,1
112050,0
7646,1
293,0
77173,1
111450,0
75692,1
112423,0
100721,0
78317,1
76595,1
35458,0
29839,0
12935,1
106432,0
68244,1
26696,0
29054,0
31387,0
20037,0
116557,0
50382,0
20065,0
88381,0
23847,0
42963,0
20318,0
28455,0
55465,0
79492,0
5207,0
69066,1
49138,1
97764,0
65627,1
29533,0
22913,0
97587,0
63979,1
101509,0
94094,0
32196,0
48072,1
92960,0
90154,0
48580,1
72170,1
71277,1
97945,0
27837,0
80299,1
54578,1
116407,0
93069,0
20189,0
86852,0
98156,0
64257,1
115951,0
20214,0
46073,0
58890,1
39950,0
62135,1
99187,0
99232,0
98780,0
316,0
70170,1
66494,1
23794,0
107625,0
87737,0
58629,1
61497,1
113147,0
12206,1
101494,0
1063,1
94530,0
89001,0
10599,1
20217,0
87968,0
63271,1
74065,1
15168,1
88843,0
34813,0
11068,1
8667,1
58600,1
61319,1
85739,0
25248,0
25970,0
46599,0
550,0
8217,1
37852,0
96439,0
17508,0
86942,0
112955,0
5626,1
31049,0
32642,0
103865,0
82848,1
89552,0
85072,0
26906,0
70353,1
65219,1
31866,0
52956,1
109032,0
95334,0
58558,1
5371,0
43531,1
113024,0
118681,0
66545,1
101734,0
85481,0
75393,1
69794,1
101355,0
71123,1
57051,1
24019,0
42656,0
13040,1
76497,1
42821,0
18718,0
102330,0
108143,0
39919,0
71473,1
24416,0
99283,0
66520,1
55755,1
95146,0
55763,1
76601,0
110226,0
104796,0
27301,0
86133,0
19301,0
71372,1
33866,0
106554,0
105895,0
79572,1
43850,1
82625,0
31925,0
22603,0
106775,0
102834,0
26249,0
28425,0
116036,0
44500,1
77354,1
10098,1
4256,0
94382,0
25264,0
95763,0
22983,0
104410,0
60015,1
90514,0
85656,0
95882,0
14435,0
87360,0
24890,0
47984,1
110571,0
19089,0
16874,0
58201,1
104713,0
35863,0
101274,0
20682,0
72447,1
90021,0
100330,0
22759,0
71775,1
89639,0
115400,0
93184,0
97586,0
103086,0
90185,0
101943,0
11456,1
66916,1
46602,0
90256,0
43962,1
45409,0
64872,1
64483,1
3632,1
39231,0
22631,0
74941,1
58618,1
91590,0
14961,0
103457,0
110161,0
14316,0
77345,1
105509,0
83720,0
87053,0
75885,1
74998,1
91514,0
102300,0
8498,1
41389,0
22929,0
102483,0
12002,1
24589,0
91366,0
37836,0
32060,0
1836,0
8370,1
7334,1
107947,0
3872,1
106175,0
2073,1
73552,1
53402,1
10187,1
83756,0
114706,0
34066,0
36677,0
69991,1
38761,0
46717,1
64382,1
31709,0
9151,1
99890,0
29670,0
14887,1
22222,0
50520,1
95366,0
3238,1
113036,0
55942,1
111154,0
79336,0
20457,0
59411,1
33985,0
7411,1
9603,1
77278,0
48364,1
80557,0
3166,0
119304,0
46611,0
58200,1
92887,0
91457,0
18576,0
33988,0
4606,1
19967,0
81786,1
13674,1
14448,0
87624,0
90418,0
58699,1
29908,0
95432,0
78027,0
119069,0
23728,0
56970,1
64180,1
52129,1
71030,1
107429,0
109716,0
25010,0
20255,0
66513,1
75912,1
90746,0
41105,0
19111,0
117188,0
68096,1
44159,1
56599,1
70633,1
45962,1
50597,0
15746,0
6400,1
35989,0
51136,0
26209,0
76190,1
79619,0
48663,1
17457,0
63107,1
91919,0
85389,0
20615,0
115824,0
82767,1
5506,1
66282,1
56597,1
68216,1
92751,0
6726,1
98984,0
63065,1
90146,0
30053,0
66340,1
116345,0
95610,0
23897,0
92463,0
18174,1
57808,1
30007,0
41535,1
9917,1
101666,0
41379,0
114144,0
56235,1
32531,0
66623,1
97281,0
48371,1
107560,0
25314,0
49582,1
34050,0
25574,0
11713,1
107828,0
42311,0
78925,1
26792,0
96672,0
104615,0
9032,1
87970,0
25655,0
45,1
90177,0
117851,0
46882,1
82898,1
94899,0
88112,0
36286,0
40665,1
45923,0
10783,1
82269,0
43363,0
118102,0
873,1
90536,0
914,0
61457,1
19557,0
35717,0
58995,1
73728,1
112479,0
112879,0
56049,1
8728,0
53185,1
52352,1
3723,0
74890,1
60746,1
114216,0
20541,0
85244,0
103799,0
8020,1
41647,0
52161,1
106675,0
102604,0
97468,0
108203,0
13461,1
100628,0
85935,0
2405,0
59235,1
92549,0
26735,0
52532,1
60632,1
14630,0
1817,0
39742,0
35516,0
75486,1
100578,0
24568,0
23828,0
43910,1
46204,0
46560,1
64345,1
8858,1
62756,1
89185,0
23267,0
65655,1
27852,0
89934,0
20385,0
6140,0
99346,0
9551,1
94352,0
103563,0
97840,0
25911,0
85716,0
58458,1
37605,0
75808,1
46368,1
111520,0
34583,0
7899,1
63176,1
18225,0
63682,1
98256,0
91847,0
60622,1
106887,0
14091,0
64329,1
81679,1
18727,0
111394,0
21728,0
86184,0
20717,0
15429,0
114262,0
35665,0
92890,0
6733,1
65327,1
115193,0
65462,1
61423,1
85736,0
21566,0
21321,0
105393,0
65334,1
21076,0
116147,0
110064,0
81566,1
9502,1
75405,1
27847,0
11848,1
7073,1
20971,0
115040,0
14320,0
116704,0
81895,1
89413,0
5594,0
38238,0
17192,0
114056,0
57296,0
97857,0
40212,0
118698,0
83604,0
6525,0
106137,0
43564,0
43190,0
76156,1
5751,1
83692,0
77296,0
98534,0
33559,0
52451,1
71222,1
30030,0
42847,0
103364,0
40461,1
40183,1
90450,0
5021,1
59095,1
19307,0
19673,0
87143,0
79635,0
37880,0
106172,0
107975,0
88297,0
94702,0
32866,0
1596,1
66220,1
20572,0
104348,0
28131,0
83384,0
106141,0
68544,1
79869,1
58066,1
79778,0
22440,0
96854,0
87355,0
32535,0
85422,0
83117,0
5359,1
61327,1
88215,0
98255,0
69447,1
6934,1
103623,0
119345,0
63579,1
22164,0
76336,0
55944,1
104815,0
14775,1
53380,0
67795,1
31519,0
104135,0
90064,0
21859,0
109717,0
35612,0
3575,0
74549,1
55200,1
3873,1
102477,0
113212,0
67799,1
92258,0
75136,1
78512,0
22688,0
102484,0
42375,0
28116,0
112683,0
69724,1
76002,1
40984,0
70117,1
28279,0
86386,0
107871,0
99741,0
85752,0
72982,1
96806,0
10181,1
46993,1
112262,0
73678,1
113116,0
9243,1
107360,0
74617,1
44615,0
41836,1
36610,0
13942,0
42874,0
36196,0
104991,0
53997,1
45104,0
1768,1
29118,0
5595,1
62861,1
47675,1
37266,0
88614,0
3409,1
104406,0
3808,1
71437,1
77835,0
112001,0
37695,0
18406,0
99637,0
608,0
54345,1
13649,1
105506,0
55958,1
97212,0
43789,0
25094,0
96278,0
53719,1
26431,0
117059,0
35019,0
41725,0
15685,0
97476,0
104352,0
42387,0
104891,0
73889,1
67954,1
114766,0
74787,1
47074,0
109748,0
40231,0
21737,0
15049,0
61717,1
101969,0
116516,0
62342,0
115299,0
5937,0
106257,0
47591,1
10001,1
117373,0
41165,0
102346,0
45225,1
62200,1
71445,1
18612,0
114858,0
30913,0
61595,1
105671,0
47945,1
73176,1
4624,1
55070,1
26338,0
46165,0
108278,0
59163,1
43077,1
31198,0
17290,0
23871,0
63413,1
115283,0
13951,0
15132,1
52534,1
2634,1
47403,1
110720,0
30684,0
103523,0
106183,0
57308,0
93394,0
56623,1
11545,1
7471,1
45384,0
39602,0
15768,0
72844,1
10282,1
55297,1
209,0
16256,0
23356,0
103305,0
76668,0
83418,0
7126,1
81613,0
91866,0
91156,0
39384,0
99081,0
101725,0
71517,1
108238,0
62286,1
21044,0
75815,1
52188,1
72912,1
6685,0
72023,1
50915,0
8892,1
54852,1
58513,1
70826,1
108953,0
19599,0
15650,0
26912,0
23007,0
26675,0
116070,0
57445,1
16560,1
75045,1
113844,0
110803,0
37404,0
42011,0
55597,1
24585,0
100019,0
24609,0
77879,0
72565,1
38113,0
93244,0
3210,0
16213,0
6083,0
10592,1
101164,0
75920,1
15431,0
66092,1
16914,0
49127,1
11283,1
34171,0
11197,1
106282,0
107970,0
73514,1
36280,0
57336,1
84353,0
77721,0
11200,1
15731,0
92953,0
5807,1
44307,1
20161,0
112754,0
13473,1
22986,0
63567,1
67850,1
88623,0
14122,0
19302,0
117927,0
88134,0
108196,0
107860,0
62884,1
5909,0
71555,1
86288,0
39417,0
98243,0
27597,0
37700,0
116389,0
18919,0
37411,0
76332,0
5643,0
58935,1
24388,0
107555,0
21121,0
37337,0
41711,0
100482,0
21478,0
106477,0
19327,0
21565,0
46891,0
9472,1
17521,0
101138,0
40479,1
78717,0
56819,1
116089,0
34005,0
70938,1
31117,0
115705,0
31582,0
47922,1
112213,0
74939,1
51041,1
108415,0
47301,1
111983,0
2113,0
76268,1
98161,0
40525,0
10488,1
92713,0
40196,1
16680,0
42723,0
28263,0
31068,0
64474,1
12782,1
70400,1
114352,0
119106,0
45839,1
39063,0
36285,0
12817,1
103978,0
116241,0
34360,0
82711,0
4851,1
76446,1
21763,0
58497,1
21405,0
62412,1
112432,0
60540,1
96838,0
27247,0
92408,0
96275,0
63568,1
98052,0
77269,1
60204,1
21061,0
108852,0
47585,1
45304,0
13198,1
32400,0
15843,0
1017,1
70046,1
69665,1
74905,1
20478,0
72286,1
80862,0
15950,0
54742,1
99896,0
2934,1
78693,0
115769,0
71382,1
55286,1
8026,1
52885,1
98863,0
40785,0
27001,0
99715,0
51265,1
118205,0
83614,0
82448,0
13195,1
94503,0
118544,0
95588,0
69182,1
93411,0
34253,0
2395,0
91127,0
54841,1
8491,1
32427,0
111423,0
103147,0
61269,1
75355,1
79445,1
60366,1
60912,1
86262,0
110069,0
68376,1
74798,1
57113,1
114024,0
116740,0
52408,1
46441,1
15835,0
20052,0
95808,0
7161,1
91481,0
102720,0
53000,1
9434,1
19247,0
4939,1
115547,0
85253,0
53687,1
119065,0
51125,1
84104,0
14304,0
6943,1
24857,0
66389,1
57084,1
62129,1
114019,0
115377,0
41696,0
94568,0
47041,1
61472,1
11625,1
2387,0
99600,0
65467,1
57471,1
58546,1
47434,0
73978,1
98908,0
94924,0
46807,0
115610,0
65691,1
2707,0
110154,0
3470,1
89953,0
18709,0
68601,1
10586,1
3611,0
55462,1
25199,0
81285,0
32586,0
14346,0
103926,0
34746,0
75244,1
916,1
74457,1
44999,1
42691,0
72647,1
35855,0
79781,0
7684,1
116813,0
50694,1
30824,0
113495,0
102388,0
74280,1
106353,0
29931,0
59152,1
50121,1
3367,1
4729,0
51099,1
115308,0
64108,1
76328,0
84013,0
27627,1
112542,0
33142,0
85483,0
95327,0
28482,0
32438,0
83713,0
25026,0
4495,0
5414,1
3161,0
21872,0
37242,0
85650,0
37037,0
116967,0
38726,0
71799,1
89085,0
40331,1
103173,0
92611,0
6629,1
68428,1
3307,1
48358,1
10074,1
100771,0
37431,0
69284,1
97152,0
49744,1
67198,1
41240,0
59751,1
89218,0
16349,0
117415,0
18555,1
70216,1
5256,1
114562,0
96824,0
9165,1
76753,0
10503,1
16452,0
27147,0
11385,1
27237,0
20490,0
111510,0
112428,0
75367,1
30346,0
86219,0
93200,0
84741,0
43095,1
99601,0
84994,0
108763,0
82788,1
3862,1
33830,0
34032,0
6335,0
89590,0
114409,0
99391,0
97787,0
104029,0
40694,0
80884,0
46524,0
35134,0
71095,1
2075,1
77917,0
32870,0
21091,0
72252,1
54673,1
28837,0
11167,1
29303,0
46418,1
38297,0
118008,0
18805,0
38000,0
75577,0
24717,0
81944,1
24422,0
97814,0
39828,0
27068,0
115958,0
34293,0
51848,0
112472,0
52452,1
118077,0
63403,1
31525,0
100097,0
117695,0
35333,0
36001,0
66632,1
52611,1
41534,0
68918,1
42438,0
24823,0
56004,1
111435,0
83643,0
36010,0
58770,1
98456,0
14627,1
78545,0
25182,0
65876,1
55821,1
98605,0
23836,0
113818,0
41274,1
11350,1
73294,1
101515,0
111824,0
54937,1
81760,1
118607,0
24569,0
12851,1
118355,0
118257,0
3662,0
96027,0
22551,0
70478,1
85919,0
55311,1
73208,1
59261,1
73836,1
79819,0
7495,1
86062,0
106271,0
8583,1
46762,0
21361,0
95523,0
60910,1
115305,0
32142,0
38602,0
4912,1
32143,0
35305,0
76524,1
70022,1
95582,0
71000,1
119037,0
41508,0
39059,0
118431,0
11390,1
5877,0
79109,0
81424,0
96906,0
73847,1
96222,0
85369,0
39642,0
93333,0
113578,0
59952,1
9128,1
101579,0
58504,1
30708,0
879,0
26785,0
80375,1
107273,0
41216,0
88633,0
111593,0
16439,0
118936,0
103016,0
87586,0
99804,0
100148,0
59191,1
97294,0
79007,0
85806,0
31844,0
111143,0
50057,1
76622,0
5527,1
103765,0
10092,1
72629,1
4951,0
4307,1
40031,0
110390,0
42300,0
101650,0
8665,1
20664,0
109743,0
101392,0
23312,0
107303,0
69522,1
15028,0
12480,1
11512,1
77649,1
1366,1
71782,1
112666,0
86223,0
88224,0
25361,0
44924,1
47994,1
32969,0
31678,0
43440,1
81028,1
70840,1
74240,1
1152,1
84000,0
25250,0
58433,1
58122,1
17437,0
19130,0
57340,1
94952,0
5129,0
43288,0
73017,1
122,1
3333,0
101467,0
88810,0
30959,0
6672,1
39622,0
17829,0
110377,0
60454,1
1626,0
66807,1
77680,1
5107,1
18087,0
54837,1
50315,1
75175,1
117548,0
92249,0
115310,0
32359,0
31025,0
4997,1
22123,0
14092,0
106994,0
55879,1
114459,0
56058,1
93644,0
110034,0
107757,0
57027,1
39961,0
10944,1
43801,0
81279,0
46613,0
112936,0
8500,1
68880,1
75156,1
31613,0
118220,0
55626,1
6593,1
52659,1
13983,0
62143,1
83874,0
66116,1
69158,1
103656,0
59311,1
14257,0
69214,1
114577,0
62341,1
76231,1
104318,0
14362,0
26843,0
16251,0
48667,1
103229,0
91178,0
66034,1
74679,1
47603,1
4673,1
14204,0
73636,1
50328,1
43981,1
82098,1
61575,1
66615,1
72776,1
34243,0
71260,1
27784,0
66920,1
98651,0
89593,0
95119,0
64775,1
17082,0
116902,0
65696,1
20587,0
16803,0
67411,1
49307,1
55130,1
31735,0
118090,0
67848,1
113692,0
56229,1
51778,0
105380,0
73790,1
78964,0
60106,1
79516,0
96714,0
44542,0
13163,1
92351,0
15853,0
56044,1
38536,0
88512,0
110799,0
40972,0
73802,1
104115,0
89426,0
86977,0
53157,1
21731,0
17893,0
54055,1
31382,0
47595,1
52170,1
6199,0
57749,1
26412,0
30872,0
23730,0
89830,0
20040,0
31924,0
109293,0
100961,0
83671,0
626,0
116513,0
114546,0
32599,0
51957,0
36376,0
105207,0
80083,1
41150,0
5509,1
22010,0
111213,0
72829,1
74207,1
4244,0
60618,1
79166,0
41149,0
56930,1
25667,0
116943,0
41130,0
74183,1
24499,0
13402,1
3973,1
49888,0
71559,1
104764,0
8972,1
99182,0
100621,0
93581,0
8233,1
35870,0
111910,0
60815,1
73940,1
60918,1
78849,0
83101,0
92626,0
33438,0
113032,0
45329,0
41888,0
25335,0
70662,1
23739,0
77109,0
19961,0
29548,0
16705,0
51603,1
44502,0
20803,0
21254,0
84714,0
96098,0
24450,0
9381,1
114587,0
6358,1
31037,0
52027,1
107624,0
585,0
73251,1
16103,0
109982,0
113668,0
5341,1
75242,1
75180,1
56103,1
112108,0
17982,1
118419,0
79388,0
112930,0
88055,0
95934,0
14185,0
115948,0
96573,0
16503,0
113935,0
39319,0
50631,1
57774,1
666,0
48368,1
28383,0
111249,0
103165,0
6903,0
76957,1
5153,0
22248,0
114423,0
10218,1
109056,0
111439,0
25147,0
102089,0
81493,0
24222,0
97749,0
26217,0
101964,0
61705,1
6487,1
39536,0
19712,0
22193,0
68436,1
111914,0
108987,0
79208,0
45648,0
844,1
117278,0
55188,0
28266,0
112351,0
25688,0
20230,0
33029,0
5749,1
66838,1
89005,0
108109,0
106854,0
26523,0
83891,0
1330,1
3383,1
94414,0
26320,0
34556,0
23773,0
39723,0
5019,1
69746,1
32299,0
70773,1
109937,0
21749,0
2805,0
28831,0
94512,0
108975,0
61635,1
65982,1
34501,0
60008,1
1929,0
44021,1
87383,0
51402,1
88171,0
77987,1
5610,1
41037,0
5100,1
91276,0
119066,0
36066,0
83133,0
84156,0
69252,1
44698,0
3540,1
18178,0
21892,0
37208,0
95457,0
58830,1
116336,0
15465,0
41956,0
72402,1
114930,0
8521,1
30617,0
10667,1
41734,0
45510,1
58473,1
54582,1
64747,1
18666,0
106961,0
116312,0
66646,1
21360,0
37691,0
81053,1
83406,0
22169,0
119291,0
111205,0
17658,0
637,0
45221,1
113694,0
49320,0
20748,0
70111,1
1549,0
64224,1
65676,1
17036,0
117280,0
53753,1
45548,0
11866,1
72037,1
8406,1
1073,0
4056,1
55288,1
96183,0
117529,0
77999,0
72302,0
103443,0
108079,0
104543,0
113264,0
86968,0
26444,0
97359,0
89815,0
17625,0
39144,0
28699,0
76295,0
38188,0
12939,1
114708,0
14248,0
6774,0
37829,0
6657,0
57571,1
90451,0
34405,0
92651,0
31532,0
98653,0
58908,1
8750,0
16217,0
38561,0
28408,0
83663,0
5754,1
108477,0
115649,0
67134,1
67223,1
39108,0
100838,0
37428,0
96560,0
103568,0
112741,0
114166,0
97182,0
14555,0
13016,1
37855,0
28104,0
23170,0
91606,0
68944,1
26765,0
22475,0
15041,1
2969,0
98326,0
53123,1
116442,0
78009,0
94590,0
117706,0
6017,1
24135,0
63457,1
20277,0
7061,1
64569,1
32239,0
81653,0
42118,0
6690,0
6021,1
21555,0
59194,1
51428,1
79317,1
19958,0
64948,1
58952,1
75258,1
102153,0
42026,0
24148,0
37258,0
45166,0
108878,0
91849,0
90988,0
85804,0
57363,1
78690,0
34349,0
110461,0
40122,1
104152,0
2460,0
1102,1
8407,1
51765,1
18772,0
24438,0
67620,1
90914,0
54028,1
32021,0
40273,1
85873,0
47513,1
22933,0
116088,0
94479,0
75555,0
37088,0
74764,0
91567,0
51749,1
94684,0
31691,0
70376,1
98034,0
99814,0
87881,0
40543,0
13034,1
50188,1
61088,1
77266,1
53899,1
65934,1
99863,0
51804,1
100977,0
42780,0
25278,0
91973,0
34634,0
5109,0
91585,0
88927,0
92227,0
99058,0
26020,0
33482,0
29017,0
109369,0
68319,1
54027,1
37552,0
12825,1
30754,0
118776,0
18311,0
95113,0
14144,0
93287,0
69937,1
45553,0
67852,1
80306,1
55907,1
30996,0
38360,0
34466,0
49477,1
104696,0
67451,1
60344,1
31712,0
50688,1
45076,0
25795,0
10117,1
26292,0
62968,1
97064,0
64255,1
9739,1
100302,0
103243,0
34590,0
107390,0
72493,1
59516,1
68689,1
52022,1
112628,0
115069,0
81702,1
14164,0
55807,1
59302,1
53300,1
116915,0
46782,1
56583,1
115600,0
40841,0
12562,1
70554,1
99109,0
119098,0
103737,0
87109,0
49882,0
81310,0
94185,0
64616,1
106101,0
94723,0
78880,0
65091,1
43984,1
105084,0
11302,1
20088,0
37689,0
14531,0
106380,0
64311,1
92731,0
9177,1
100779,0
34151,0
93985,0
31020,0
102693,0
67203,1
115301,0
23567,0
80140,0
102638,0
34225,0
242,0
110536,0
78940,1
36426,0
23145,0
88673,0
20756,0
22497,0
36884,0
19833,0
96887,0
38361,0
9668,1
67812,1
155,0
94193,0
39613,0
18181,0
53472,1
9814,1
85226,0
53630,1
103279,0
66156,1
7535,1
97833,0
106985,0
77040,1
68942,1
49960,1
594,0
36136,0
51538,1
64173,1
114273,0
32992,0
92683,0
5704,1
102228,0
41312,1
34771,0
27645,0
63986,1
117383,0
104635,0
68618,1
104702,0
54432,1
63892,1
39660,0
115798,0
87103,0
31940,0
33861,0
62646,1
95966,0
102527,0
16735,0
26832,0
117516,0
44909,0
81248,0
8844,1
9169,1
100847,0
50251,1
106308,0
60619,1
102161,0
26825,0
24472,0
106064,0
60854,1
36744,0
83116,0
47048,0
9912,1
110958,0
30330,0
7829,1
82214,1
46964,1
113787,0
30799,0
114555,0
80615,0
53215,1
86738,0
55606,1
18395,0
42818,0
8629,1
60109,1
65764,1
108560,0
45109,0
34944,0
27930,0
89628,0
60797,1
64385,1
88829,0
94706,0
66291,1
58060,1
84882,0
66318,1
78250,0
29584,0
38134,0
97319,0
87598,0
72356,1
63295,1
60417,1
74962,1
77416,1
1208,0
64211,1
48265,1
119085,0
53731,1
111777,0
77658,0
27968,0
77889,0
35247,0
117995,0
51331,1
4877,1
36944,0
40946,0
51266,1
110207,0
11901,1
4335,1
108107,0
94727,0
49675,1
63992,1
109531,0
35469,0
117536,0
113920,0
13403,1
77339,0
59839,1
62297,1
68770,1
75482,1
54903,1
4114,0
104706,0
14625,0
52591,1
106302,0
57593,1
8971,1
71325,1
34303,0
56747,1
14835,1
71113,1
34444,0
64334,1
44099,1
93547,0
82234,1
78357,1
109124,0
88199,0
77371,1
10298,1
96000,0
44025,0
48571,1
22471,0
63395,1
92536,0
88966,0
40646,1
32788,0
89869,0
45455,0
49304,1
78339,0
118849,0
16761,0
69558,1
80810,0
55988,1
17632,0
42198,0
9655,1
92826,0
150,0
113335,0
65110,1
45080,1
87175,0
100698,0
43718,0
86547,0
45071,0
100220,0
97460,0
45317,0
76607,0
60181,1
117688,0
98431,0
48399,1
62513,1
113278,0
107431,0
96201,0
15994,0
70094,1
113358,0
772,1
46779,1
15988,0
17148,0
111547,0
14367,0
44720,1
64650,1
69926,1
65801,1
118475,0
2709,0
106274,0
29687,0
38439,0
94998,0
34251,0
65258,1
15269,1
106834,0
25583,0
13981,0
77449,0
102266,0
93824,0
31454,0
39080,0
25001,0
11028,1
50353,0
87869,0
60226,1
117267,0
7476,1
97190,0
22386,0
40533,0
7782,1
64674,1
93029,0
74948,1
47973,0
114299,0
117229,0
42824,1
12436,1
88624,0
37862,0
39875,0
115624,0
55820,1
85160,0
113999,0
116766,0
113947,0
87245,0
67641,1
62170,1
2040,0
84657,0
90520,0
55570,1
105066,0
65893,1
65312,1
83912,0
25759,0
68470,1
80859,0
47191,1
114770,0
31272,0
34503,0
41096,0
80610,1
24486,0
37185,0
51613,0
67728,1
14978,1
1038,1
115742,0
11841,1
79168,0
55512,1
38055,0
33710,0
71557,1
46720,0
53961,1
10204,1
54690,1
67503,1
112388,0
55674,1
702,1
49107,1
68803,1
8222,0
80844,1
103894,0
114495,0
514,0
62757,1
41513,0
65302,1
80127,1
45182,0
97753,0
96867,0
82838,1
31903,0
101124,0
112537,0
90291,0
27076,0
62438,1
67566,1
64962,1
78521,0
108307,0
117276,0
116271,0
93618,0
22315,0
50037,1
20880,0
11305,1
63154,1
3546,1
83042,0
109468,0
81886,1
109864,0
89989,0
108666,0
53571,1
106916,0
84991,0
43152,0
12497,1
17306,0
109289,0
8494,1
32465,0
61969,1
100107,0
107635,0
91596,0
82430,0
48653,1
55546,1
17949,0
62465,1
77945,0
113350,0
28723,0
70380,1
81154,0
46552,0
49054,0
113918,0
54015,1
7719,1
77841,0
52667,1
104177,0
30711,0
19357,0
20751,0
50586,1
73616,1
99723,0
112186,0
91088,0
71697,1
116552,0
33776,0
95002,0
53752,1
54120,1
67414,1
102327,0
45909,0
35447,0
101233,0
43894,0
89293,0
116128,0
31576,0
13353,1
73193,1
55662,0
74125,1
93277,0
47584,1
60012,1
26811,0
36445,0
80480,1
59375,1
7649,1
27816,0
61143,1
105573,0
69157,1
96895,0
62548,1
81633,1
118856,0
78084,0
39037,0
59867,1
106350,0
54495,1
14357,0
24181,0
60879,1
96480,0
97258,0
58249,1
44107,1
111192,0
114178,0
57544,1
108250,0
68785,1
90147,0
20119,0
29703,0
107802,0
21014,0
112872,0
2203,0
113450,0
94955,0
32194,0
103438,0
85176,0
52925,1
118646,0
54044,1
90783,0
9074,1
87065,0
15894,0
28459,0
60648,1
58086,1
3784,1
77501,0
82813,1
38030,0
41277,1
83491,0
12021,1
73900,1
113663,0
110911,0
4343,1
7522,1
63177,1
31865,0
17877,0
39896,0
109481,0
116856,0
76771,1
18674,0
102829,0
49041,1
11531,1
11983,1
87307,0
79945,0
18989,0
15276,0
107073,0
78809,0
76848,0
54862,1
96463,0
86076,0
68583,1
9230,1
17929,0
77961,0
67040,1
18379,0
96118,0
25605,0
117395,0
97437,0
35964,0
12356,1
11672,1
74050,1
60530,1
34228,0
89885,0
30099,0
111866,0
16068,0
63547,1
108142,0
86947,0
49676,1
21244,0
89903,0
2961,1
96591,0
15405,0
52253,1
114785,0
4271,1
81330,0
8973,1
4675,1
20265,0
108354,0
52698,1
4862,0
45663,0
70026,1
81392,0
84481,0
36260,0
29419,0
104468,0
93230,0
56279,1
2281,0
66316,1
118992,0
76831,0
89716,0
13947,0
15460,0
34324,0
21524,0
78517,0
42948,0
34409,0
74359,1
52833,1
47992,0
14558,0
29638,0
30673,0
11988,1
96790,0
101651,0
37492,0
41090,0
681,1
99927,0
111568,0
74621,1
28057,0
61856,1
95781,0
25528,0
44126,1
48528,1
8702,0
78650,0
19201,1
81823,1
41700,1
9681,1
117663,0
60157,1
106219,0
76512,1
106169,0
27198,0
55332,1
117934,0
49625,1
33847,0
104512,0
88703,0
80790,0
14614,0
2939,1
72931,1
3996,1
114198,0
103348,0
19158,0
92909,0
55128,1
112012,0
106904,0
33001,0
80801,0
45513,1
7970,1
65759,1
58628,1
90768,0
114170,0
83635,0
30926,0
56420,1
82157,1
13823,0
109616,0
46093,1
55316,1
43373,0
23075,0
80418,1
108651,0
56743,1
5590,0
42635,0
50775,0
43105,1
11464,1
78566,0
118208,0
40000,0
75186,1
104046,0
95087,0
16210,0
75844,1
72083,1
115053,0
2220,0
3435,1
88235,0
40286,1
75538,1
69799,1
108357,0
76174,1
56207,1
47315,1
77359,1
114974,0
22755,0
75736,1
118999,0
90040,1
45745,0
23374,0
33054,0
69616,1
27458,0
74536,1
64909,1
109893,0
18875,1
94670,0
35896,0
111478,0
46191,0
61033,1
11969,1
105448,0
112865,0
53639,1
91348,0
100891,0
87670,0
48200,1
81726,1
36664,0
105690,0
16398,0
115350,0
43649,0
47245,1
10063,1
34811,0
42361,1
49693,1
103867,0
59686,1
85251,0
93540,0
55040,1
77735,0
47056,1
82586,0
23986,0
45694,0
910,0
72628,1
7603,1
75082,1
97128,0
68641,1
84289,0
47628,1
83993,0
93239,0
113010,0
113636,0
20459,0
108927,0
31162,0
9883,1
88630,0
19176,0
115949,0
80769,1
8102,1
99823,0
56018,1
32443,0
14709,1
118516,0
54287,1
15158,1
104478,0
67690,1
115477,0
6518,1
96185,0
30518,0
68045,1
117446,0
74267,1
19748,0
113333,0
8740,0
98796,0
78770,0
71309,1
65958,1
112974,0
72193,1
111950,0
111988,0
109967,0
48110,1
37299,0
27864,0
31447,0
8483,1
79503,0
109856,0
109259,0
56278,1
47020,0
109821,0
46238,0
20957,0
41316,0
75426,1
110097,0
100383,0
61627,1
11188,1
80234,0
3309,1
60562,1
39461,0
37223,0
37062,0
97514,0
96023,0
40143,1
82934,1
50697,1
111798,0
93902,0
74016,1
4558,1
50940,1
17810,0
1834,0
103720,0
94618,0
37726,0
83030,0
55635,1
39323,0
27848,0
64284,1
94326,0
10597,1
45907,0
102226,0
86569,0
871,1
9598,1
39100,0
87209,0
118113,0
15360,0
10003,1
42903,0
11363,1
50533,1
13418,1
61159,1
45866,0
6760,1
92368,0
90247,0
47002,0
88996,0
14893,1
43737,0
47981,1
72570,1
17801,0
20959,0
110486,0
69732,1
55822,1
49592,1
96978,0
41661,0
115438,0
46386,1
4798,0
38762,0
61371,1
32918,0
49955,1
113044,0
111504,0
79094,0
12943,1
114603,0
40676,0
80334,1
32719,0
77830,0
100703,0
90053,0
72195,1
47179,1
42547,1
97693,0
105343,0
104957,0
118786,0
24063,0
94302,0
41470,0
2708,1
92320,0
81350,0
15260,0
67121,1
116997,0
97528,0
44288,0
51312,0
105338,0
108885,0
44646,0
13273,1
46519,0
42791,1
13301,1
64985,1
101469,0
20699,0
104060,0
92389,0
94217,0
86292,0
46478,0
105259,0
82052,0
15492,0
10114,1
94204,0
61082,1
19628,0
33082,0
47664,1
91867,0
9638,1
12988,1
17552,0
113120,0
29553,0
53429,1
100227,0
75320,1
104032,0
72516,1
67173,1
23363,0
30867,0
29832,0
83621,0
44757,1
25203,0
56274,1
25966,0
1824,0
71333,1
37135,0
21700,0
92221,0
29219,0
900,1
76982,0
70317,1
85668,0
10560,1
23854,0
56262,1
117616,0
44949,1
116304,0
94589,0
4925,1
40308,1
32942,0
52124,1
87289,0
56285,1
96973,0
31010,0
105286,0
35339,0
109741,0
87982,0
78130,0
110905,0
49071,1
54678,1
85575,0
31977,0
79034,0
5671,0
29328,0
58219,1
44755,0
27098,0
70299,1
25532,0
73029,1
109035,0
62805,1
34384,0
112382,0
3366,1
75962,1
66263,1
60710,1
110650,0
67598,1
86924,0
14604,0
108542,0
92748,0
76880,1
117349,0
96330,0
77565,0
12478,1
16545,1
117409,0
87251,0
103402,0
70545,1
52268,1
71601,1
29510,0
31911,0
20399,0
9581,1
36937,0
9075,1
50339,1
34067,0
40142,1
113049,0
85023,0
26027,0
45112,0
110743,0
115107,0
87836,0
31823,0
71138,1
83716,0
33954,0
37955,0
4523,0
63564,1
36070,0
57327,1
26350,0
96764,0
55050,1
96169,0
89523,0
105321,0
34076,0
113435,0
18602,1
96447,0
68344,1
8581,1
65420,1
790,1
1702,0
67916,1
55622,1
13388,1
1640,0
95597,0
19813,0
32334,0
90090,0
67745,1
25920,0
59468,1
73452,1
20361,0
79708,0
90546,0
112188,0
81149,0
78259,1
2390,0
42205,0
23649,0
93711,0
69315,1
85785,0
17624,0
63758,1
6810,1
113374,0
81710,1
20900,0
75735,1
95752,0
69314,1
12652,1
54982,1
10192,1
46288,0
105337,0
29141,0
3267,1
60043,1
96009,0
119091,0
111599,0
56123,1
87690,0
114033,0
69648,1
89530,0
73762,1
31531,0
53689,1
61156,1
112886,0
86798,0
42900,1
77352,1
67325,1
63953,1
105477,0
58289,1
10353,1
7040,1
13974,0
17807,0
117309,0
33356,0
66580,1
47139,0
97900,0
97161,0
62057,1
14932,1
86834,0
94824,0
89255,0
34317,0
64477,1
93654,0
78451,0
55063,1
99780,0
30040,0
92290,0
57966,1
96798,0
7343,1
5317,1
41075,0
98556,0
27637,0
45052,0
97671,0
63594,1
101270,0
83048,0
101175,0
24069,0
52613,0
39393,0
58954,1
21701,0
100096,0
64281,1
69540,1
100171,0
66850,1
37755,0
100121,0
66536,1
11486,1
4773,0
7238,1
111652,0
84533,0
60987,1
57406,1
114259,0
92406,0
27065,0
91482,0
72754,1
94745,0
61596,1
77746,0
39215,0
67188,1
100576,0
76371,0
93455,0
54370,1
107312,0
76815,1
47784,1
15412,1
9088,1
115258,0
91951,0
22463,0
76356,0
99705,0
56731,1
112039,0
14438,0
35466,0
58825,1
78715,0
2650,1
27002,0
107267,0
89004,0
7432,1
101017,0
85402,0
58287,1
33908,0
88922,0
54479,1
53228,1
110846,0
54901,1
82075,0
55538,1
40613,1
8534,1
88574,0
24176,0
105854,0
69634,1
67738,1
34112,0
81514,1
45954,1
13120,1
63788,1
109659,0
105476,0
6277,1
114274,0
79139,0
45706,0
68867,1
21723,0
31008,0
63207,1
95502,0
67013,1
69429,1
3236,1
19037,1
34099,0
30038,0
60086,1
113175,0
99800,0
56959,0
14370,0
23183,0
97927,0
61140,1
85110,0
104920,0
70418,1
113030,0
66274,1
94591,0
69768,1
69339,1
50540,0
17279,0
55044,1
76095,1
33130,0
104975,0
67913,1
4531,1
117169,0
94269,0
116594,0
77255,1
64033,1
86536,0
57482,1
98417,0
7571,1
38268,0
47167,1
104915,0
22411,0
76921,1
23532,0
65471,1
114605,0
27553,0
60886,1
4797,0
77988,1
4880,1
36960,0
87744,0
32198,0
69340,1
22956,0
114596,0
55688,1
50128,1
77701,0
396,0
88054,0
27500,0
59670,1
67516,1
32842,0
28542,0
33253,0
65502,1
68754,1
86628,0
116588,0
14480,0
26786,0
5253,1
2870,0
28670,0
61392,1
61038,1
13153,1
27854,0
116262,0
95602,0
20631,0
82272,0
6499,1
4431,1
7247,1
61654,1
83554,0
105406,0
86483,0
63619,1
519,0
17378,0
18328,0
33926,0
111473,0
104264,0
92133,0
15766,1
35370,0
112484,0
76132,1
37641,0
7241,1
13672,1
7650,1
47711,1
66628,1
15472,0
100219,0
59922,1
113336,0
84879,0
45436,0
70568,1
116380,0
106664,0
14923,1
110443,0
56480,1
95622,0
111690,0
93730,0
75326,1
65917,1
94958,0
107411,0
5958,0
7686,1
56919,1
80553,1
13632,1
26460,0
39996,0
41244,1
87467,0
105770,0
101691,0
88698,0
73472,1
91530,0
117431,0
89912,0
83160,0
5579,1
115423,0
7164,0
110900,0
20736,0
7102,1
66919,1
105492,0
28603,0
27483,0
18346,1
104684,0
52152,1
4568,0
72454,1
86285,0
116050,0
50945,1
26815,0
69602,1
39528,0
104090,0
41969,0
13312,1
10185,1
60656,1
43482,1
32579,0
59982,1
89686,0
32129,0
83451,0
95460,0
84777,0
56996,1
89332,0
46251,0
52691,1
103987,0
19632,0
35893,0
10352,1
54917,1
108253,0
78421,0
53247,1
92404,0
41633,0
32214,0
104244,0
36676,0
38925,0
69879,1
87849,0
114619,0
11699,1
39756,0
95443,0
72764,1
115562,0
88424,0
109186,0
82863,1
27174,0
40601,1
56854,1
98070,0
17755,0
97003,0
58432,1
3883,1
18920,0
39840,0
69454,1
64601,1
618,0
86380,0
97148,0
57917,1
111887,0
60487,1
117458,0
47820,1
69719,1
118317,0
118435,0
43385,1
87936,0
71833,1
48549,1
20723,0
41496,0
78294,0
92497,0
28133,0
9164,1
34602,0
103912,0
36505,0
89568,0
99862,0
117611,0
70628,1
83944,0
73295,1
95786,0
65715,1
58134,1
35004,0
58615,1
20049,0
24842,0
32997,0
26068,0
90094,0
52516,1
86847,0
105232,0
6972,1
59270,1
5037,1
45450,0
36182,0
49484,1
16329,0
73618,1
77243,1
6939,1
94379,1
102337,0
74367,1
7370,1
113067,0
32372,0
84567,0
95231,0
2250,0
115058,0
42384,0
5733,1
69721,1
105675,0
50298,1
65845,1
105298,0
15135,1
64351,1
14807,1
56423,1
24232,0
6881,1
45822,0
82778,1
18693,0
97948,0
91130,0
72035,1
93061,0
35824,0
86328,0
106144,0
61659,1
98500,0
4635,1
17242,1
23453,0
50722,0
19749,0
84416,0
69509,1
109138,0
22221,0
57111,1
14330,0
64859,1
118009,0
86779,0
55089,1
18848,0
27003,0
58865,1
43336,0
31575,0
104703,0
26110,0
11776,1
14243,0
93894,0
43409,0
10390,1
95249,0
40626,1
38917,0
60869,1
44942,1
72270,1
71988,1
24584,0
88471,0
67286,1
23531,0
102041,0
25762,0
28896,0
75928,1
56322,1
110722,0
113216,0
96179,0
7081,0
19480,0
70475,1
63967,1
59590,1
12469,1
119089,0
52298,0
104602,0
29306,0
15389,0
43567,0
118271,0
24263,0
82960,0
4760,0
107626,0
74302,1
19642,0
82930,1
10688,1
35176,0
58685,1
91908,0
54679,1
43218,0
56767,1
71305,1
26574,0
71736,1
59123,1
104919,0
22531,0
115118,0
107617,0
61630,1
32327,0
49635,1
23500,0
110102,0
6610,1
2079,0
51148,0
17149,0
98233,0
101205,0
116180,0
29885,0
98410,0
52654,1
109599,0
65878,1
35571,0
86264,0
118683,0
108847,0
32053,0
100888,0
87291,0
17251,1
13440,1
45501,1
105075,0
1121,0
61890,1
32876,0
35451,0
68320,1
39274,0
24249,0
68208,1
2665,0
96389,0
3087,1
34933,0
20059,0
24173,0
39734,0
15889,0
77829,0
13564,1
106129,0
14278,0
83650,0
73279,1
80391,1
59020,1
371,1
22374,0
22620,0
112798,0
47485,1
45815,1
44397,0
84100,0
78597,0
61435,1
27815,0
64321,1
48994,1
22685,0
13993,0
41228,1
12841,1
14769,1
18550,0
31520,0
110388,0
64401,1
50070,1
63545,1
86600,0
117643,0
101807,0
16614,0
103134,0
24689,0
23706,0
105897,0
17123,1
48684,1
90913,0
51079,1
53613,1
93116,0
21434,0
102987,0
71720,1
103882,0
107556,0
8713,1
116454,0
7767,1
72014,1
60653,1
115911,0
8690,1
100134,0
76583,1
37363,0
11940,1
101792,0
95992,0
5054,1
26695,0
99453,0
71357,1
97031,0
65937,1
110990,0
111120,0
31263,0
93571,0
68357,1
7644,1
104414,0
55902,1
51733,1
8499,1
1914,0
39473,0
3249,0
23457,0
97413,0
49863,1
91785,0
12325,1
69181,1
112088,0
56035,1
22492,0
46021,0
55568,1
106277,0
19447,0
52415,1
37365,0
49564,1
88903,0
94685,0
58835,1
34496,0
95080,0
9231,1
71122,1
12120,1
23480,0
98925,0
27752,0
76415,1
53081,1
78365,0
44326,1
87552,0
60075,1
62895,1
13339,1
39547,0
693,0
79736,0
103729,0
108919,0
12729,1
110644,0
11515,1
75987,1
23721,0
54805,1
13511,1
31207,0
25359,0
82830,1
106778,0
61084,1
33797,0
117689,0
38049,0
98370,0
26577,0
118318,0
53659,1
102479,0
94346,0
6721,1
69387,1
59201,1
88840,0
25471,0
95930,0
21646,0
73997,1
82670,0
4117,0
17202,0
50187,0
118006,0
38789,0
26030,0
72986,1
35172,0
49232,1
52907,1
57596,1
101672,0
6197,0
1263,1
88620,0
22593,0
101958,0
77193,0
72404,1
96143,0
43897,1
65661,1
11345,1
92096,0
3982,1
101954,0
56675,1
28656,0
43501,1
93313,0
18672,0
90230,0
27383,0
2993,1
28939,0
60668,1
26581,0
96769,0
98877,0
36798,0
74143,1
94253,0
79908,0
20999,0
37774,0
7897,1
108914,0
87470,0
68825,1
77014,0
22103,0
88495,0
88246,0
3635,1
86261,0
2713,0
430,0
15827,0
9202,1
93610,0
34950,0
73911,1
25578,0
96210,0
21130,0
115979,0
47254,1
22844,0
48269,1
95456,0
43131,0
51718,1
113443,0
63925,1
68731,1
13920,0
33168,0
10289,1
55542,1
24673,0
20051,0
91242,0
24621,0
78536,1
26822,0
47051,1
40075,0
97371,0
106809,0
87058,0
1368,0
85213,0
68550,1
48654,1
93506,0
19809,0
102049,0
113065,0
100153,0
11571,1
17382,0
113324,0
44358,0
8420,1
72985,1
51243,1
82230,1
24318,0
34952,0
86912,0
52363,1
45896,0
35640,0
100867,0
58780,1
376,0
58902,1
86823,0
71063,1
116338,0
117184,0
28078,0
65632,1
110936,0
20997,0
18574,0
53219,1
14314,0
39191,0
61943,1
102730,0
105346,0
43552,1
46088,1
103686,0
113177,0
37796,0
24016,0
65307,1
112174,0
70368,1
32633,0
50213,1
68661,1
2678,0
59205,1
88981,0
81816,1
49204,1
103405,0
3940,1
77180,0
24572,0
72645,1
30724,0
34882,0
113733,0
80059,1
115599,0
10454,1
50838,0
88662,0
40269,1
53094,1
37921,0
118039,0
96103,0
97427,0
73654,1
108167,0
93185,0
78029,0
110800,0
117557,0
99051,0
97543,0
65442,1
42196,1
33891,0
80728,1
10048,1
50503,1
40324,1
33376,0
36327,0
83447,0
25689,0
21484,0
15021,0
9361,1
50594,1
87662,0
28818,0
62262,1
81194,0
115390,0
90986,0
80229,0
76819,0
27424,0
93604,0
53189,1
104108,0
47517,0
66839,1
43038,0
645,1
87745,0
62456,1
489,0
47473,1
47200,1
53619,1
109291,0
103781,0
1490,1
99124,0
42299,0
20420,0
32820,0
47198,1
41406,1
111931,0
62698,1
9210,1
923,1
69544,1
3067,1
112707,0
22510,0
20598,0
66762,1
7146,1
97284,0
59091,1
52882,1
42348,1
102995,0
14701,1
106922,0
81167,0
7756,1
84920,0
49695,1
69336,1
57415,1
1819,0
85602,0
57414,1
75813,1
98993,0
112456,0
112775,0
99651,0
29911,0
23253,0
72055,1
95693,0
103096,0
104240,0
101956,0
36490,0
5281,1
69891,1
17141,0
61463,1
104082,0
91888,0
76729,0
94314,0
105161,0
57657,1
32305,0
117103,0
81561,1
113286,0
899,0
6592,1
109757,0
50554,1
114669,0
61552,1
78006,0
98248,0
45353,0
108615,0
95053,0
33931,0
100231,0
41797,0
9126,1
38635,0
101169,0
67945,1
75993,1
105765,0
39470,0
105917,0
119346,0
59886,1
37537,0
99370,0
3606,1
103844,0
116026,0
36830,0
86928,0
39341,0
39328,0
689,1
68283,1
40981,1
96570,0
47462,1
1154,0
115062,0
50468,1
62546,1
113977,0
18783,0
28317,0
76695,0
89039,0
95240,0
42136,0
37151,0
99563,0
90242,0
65680,1
30956,0
116722,0
108521,0
104036,0
29589,0
79310,0
114081,0
75893,1
108434,0
1002,0
31784,0
7709,1
25243,0
18994,0
28849,0
113298,0
28156,0
95417,0
66551,1
109940,0
83568,0
116429,0
11262,1
43283,0
7558,1
77524,0
98825,0
24748,0
4846,0
90534,0
32095,0
33578,0
1390,1
70789,1
52945,1
47449,0
88361,0
57391,1
22344,0
31708,0
107978,0
12969,1
99683,0
22582,0
92410,0
7121,1
96779,0
53028,1
19288,1
88745,0
37039,0
106322,0
74651,1
101032,0
95824,0
83044,0
76071,1
111904,0
60197,1
115731,0
107773,0
13117,1
60589,1
99488,0
18479,0
4197,1
102838,0
68490,1
85454,0
54129,1
107401,0
30058,0
67181,1
45749,0
107139,0
5078,1
57049,1
46069,0
49535,1
40136,0
74640,1
6641,0
28417,0
114976,0
74933,1
74810,1
50563,1
58108,1
23166,0
22286,0
39687,0
9791,1
112587,0
104671,0
61296,1
103031,0
105018,0
78311,0
98260,0
65429,1
53846,1
103929,0
3385,1
13022,1
27698,0
53563,1
81208,0
1655,0
57351,1
73666,1
70318,1
91971,0
42500,0
103976,0
19143,0
95705,0
105864,0
74736,1
73794,1
19824,0
87875,0
75254,1
8361,1
45898,0
23536,0
52918,1
82558,0
78410,0
89126,0
67768,1
29774,0
103315,0
34371,0
14575,0
14045,0
39811,0
79020,1
52476,1
99042,0
12370,1
67032,1
108513,0
7821,1
14238,0
50200,1
111598,0
85821,0
31639,0
44081,1
8310,1
91122,0
33992,0
30620,0
88828,0
70687,1
63284,1
35065,0
105557,0
74655,1
52348,1
76756,0
54361,1
53612,1
13768,1
85945,0
38371,0
17940,0
19066,0
70349,1
78760,0
29970,0
47304,1
52162,1
109895,0
98268,0
14445,0
87021,0
81415,0
59553,1
17591,0
51938,0
17480,0
6127,1
105078,0
76774,1
43772,0
95574,0
116580,0
66799,1
590,1
92937,0
32022,0
67369,1
64683,1
46521,0
94811,0
19419,0
86336,0
64597,1
54427,1
102039,0
3219,0
70382,1
45850,0
59167,1
34995,0
60452,1
6730,1
32580,0
113251,0
83878,0
85052,0
118815,0
17945,0
54053,1
39113,0
18531,0
19815,0
63298,1
29852,0
83287,0
95702,0
118672,0
71533,1
48842,1
85946,0
7395,1
18587,1
84033,0
75983,1
282,0
14263,0
34649,0
62194,1
75758,1
107973,0
113112,0
88319,0
10920,1
96400,0
95393,0
117399,0
58299,1
98377,0
104914,0
107748,0
2905,0
23701,0
48977,1
78958,0
50086,1
59427,1
87548,0
37222,0
92681,0
74675,1
112660,0
11959,1
4129,0
101856,0
50463,0
49754,1
114331,0
76956,1
41050,0
52808,1
65155,1
91129,0
75029,1
118096,0
25551,0
3025,1
57262,1
90592,0
82393,1
443,0
26617,0
92356,0
63732,1
62402,1
82444,0
67083,1
56640,1
85307,0
82945,1
115902,0
65407,1
74439,1
6507,1
87131,0
33229,0
101126,0
55947,1
115519,0
108145,0
115445,0
22268,0
114419,0
23111,0
16724,0
54633,1
119104,0
99537,0
66894,1
52883,1
24015,0
15362,0
57121,1
103602,0
65270,1
2182,1
78539,0
21,0
38822,0
18971,0
82940,1
105060,0
83835,0
92134,0
80356,0
117150,0
117137,0
109550,0
3705,0
7496,1
91287,0
6871,0
100312,0
110018,0
118141,0
58131,1
84094,0
110010,0
3324,1
8598,1
66931,1
61867,1
15259,0
54246,1
114949,0
45246,1
83238,0
113518,0
100665,0
107501,0
73769,1
22697,0
26379,0
73779,1
90820,0
85150,0
32397,0
106915,0
58329,1
3037,0
36114,0
57385,1
49278,1
26236,0
49826,0
6899,0
41404,1
47859,1
96481,0
33982,0
73872,1
10386,1
101806,0
66372,1
112233,0
63092,1
28949,0
46094,1
81997,1
8517,1
6332,1
58553,1
78559,0
32135,0
103993,0
37607,0
82675,0
3597,1
71368,1
97082,0
38627,0
67474,1
71210,1
5277,1
6703,1
101976,0
68289,1
66425,1
61972,1
41294,1
34510,0
111236,0
13345,1
59265,1
33590,0
69547,1
27130,0
102108,0
102578,0
33849,0
81787,1
115844,0
57137,1
94049,0
93092,0
37453,0
53844,1
66395,1
16510,0
77338,1
66317,1
41813,0
61584,1
31125,0
6718,1
16259,1
87120,0
117958,0
34280,0
29978,0
98824,0
97830,0
58104,1
59414,1
75921,1
48077,1
33896,0
52075,1
28892,0
51892,0
46334,1
46361,1
57839,1
40221,0
110412,0
86733,0
29066,0
102209,0
53207,1
59118,1
7338,1
76133,1
36354,0
17299,0
82082,0
63779,1
52778,1
41639,0
98150,0
60644,1
119306,0
118772,0
61464,1
72674,1
4377,1
75938,1
92799,0
44003,1
79092,0
113983,0
75865,1
91683,0
85179,0
113837,0
87483,0
30049,0
832,1
45416,0
1355,0
44763,1
81655,0
95817,0
104829,0
86444,0
83387,0
24418,0
12444,1
34467,0
25693,0
12513,1
37025,0
113152,0
49404,0
109397,0
23973,0
108481,0
89724,0
110749,0
65841,1
30693,0
107155,0
93407,0
95032,0
11928,1
111327,0
63938,1
50709,0
55834,1
102776,0
95617,0
50147,1
3660,0
80541,0
21767,0
42776,1
92023,0
29651,0
91251,0
276,0
108888,0
90567,0
91565,0
107023,0
87866,0
109554,0
71425,1
37660,0
10859,1
47706,0
109516,0
27148,0
47261,0
110878,0
106126,0
91184,0
44411,1
2878,0
13948,0
79877,1
107939,0
100224,0
110402,0
18503,0
12797,1
113363,0
51947,0
41022,0
93187,0
43786,0
85332,0
39543,0
75243,1
89339,0
10693,1
35558,0
10814,1
89603,0
93095,0
65460,1
88303,0
54274,1
115898,0
24965,0
93304,0
18280,0
15621,1
75653,1
97442,0
83003,0
78896,0
66618,1
58119,1
94867,0
101073,0
34236,0
86431,0
61452,1
41549,1
62560,1
15566,0
58792,1
19615,0
10232,1
8843,1
61602,1
97242,0
28698,0
106635,0
93242,0
97815,0
89947,0
25571,0
6462,1
46389,0
103707,0
36281,0
30306,0
16174,0
57964,1
12664,1
64040,1
83190,0
102317,0
94307,0
55291,1
85009,0
80915,0
69482,1
116290,0
63151,1
4010,1
109122,0
5172,1
33621,0
5496,1
66636,1
106555,0
19723,0
53978,1
43765,0
73767,1
72297,1
90918,0
44902,1
37883,0
112924,0
101173,0
44580,1
67808,1
86401,0
62645,1
7143,1
96228,0
10639,1
47026,1
83949,0
109244,0
80918,1
17263,1
85111,0
31348,0
53543,1
102234,0
43988,1
464,1
45697,0
70775,1
85593,0
11372,1
15022,0
7697,1
32017,0
1318,0
63542,1
79104,0
54453,1
78375,1
60215,1
109238,0
7554,1
27138,0
43156,0
3676,0
64837,1
62364,1
42435,1
65706,1
7627,1
3620,1
10104,1
6088,1
78686,0
102062,0
92202,0
82948,0
43365,0
18552,0
101681,0
97452,0
84583,0
74643,1
84622,0
10253,1
26589,0
114998,0
117525,0
45488,1
86201,0
32728,0
116853,0
42393,0
47665,1
56964,1
115708,0
35678,0
32152,0
71997,1
88396,0
98108,0
32881,0
113457,0
10706,1
110688,0
83737,0
115203,0
118316,0
106115,0
93825,0
24668,0
5956,1
76991,0
104137,0
98922,0
77630,0
35288,0
118908,0
97645,0
17195,0
71639,1
107350,0
103146,0
117867,0
16522,0
14230,1
25061,0
58384,1
24775,0
65486,1
39247,0
95013,0
39545,0
79629,0
109739,0
38098,0
76716,1
105944,0
15109,1
18286,0
16454,0
50560,1
11436,1
174,0
97365,0
73992,1
97663,0
74871,1
96479,0
65535,1
27,1
48657,1
35946,0
100309,0
98452,0
106077,0
80805,1
2269,0
90786,0
95859,0
94687,0
28108,0
76649,0
17028,0
19562,0
56771,1
62717,1
87062,0
75004,1
57930,1
52835,1
108785,0
35898,0
30565,0
71749,1
78864,0
56523,1
93086,0
115068,0
78732,1
14420,0
106381,0
35517,0
65834,1
111896,0
62065,1
99688,0
23944,0
9262,1
25649,0
55126,0
16791,0
111454,0
90519,0
84182,0
4705,1
10343,1
27356,0
113674,0
104525,0
14413,0
101372,0
22623,0
50242,1
48729,1
118454,0
10419,1
36008,0
52529,1
4422,1
4940,1
30970,0
84768,0
72607,1
10819,1
37427,0
95289,0
112898,0
80835,0
49183,1
95832,0
21332,0
67921,1
116761,0
110517,0
105240,0
52115,1
65207,1
44361,0
6956,0
93350,0
58871,1
111020,0
67765,1
53333,1
79342,0
22878,0
105622,0
18465,0
48692,1
14564,0
64829,1
13677,1
58316,1
63086,1
83392,0
7466,1
109519,0
109198,0
106415,0
9273,1
14450,0
31326,0
35289,0
83632,0
54954,1
99509,0
27548,0
50783,1
39148,0
94349,0
40434,0
59601,1
93627,0
98226,0
23896,0
53802,1
62727,1
107705,0
4241,0
95997,0
77637,0
87248,0
87146,0
99972,0
97756,0
82500,0
114963,0
7288,1
74557,1
92720,0
15891,0
58405,1
18922,0
14226,0
98510,0
60447,1
31274,0
80507,1
88603,0
30278,0
86885,0
99646,0
94615,0
115555,0
8374,1
63731,1
27295,0
119082,0
9933,1
117429,0
24384,0
113455,0
60014,1
94286,0
63504,1
10172,1
80960,0
101364,0
41157,1
53230,1
72785,1
2072,1
57717,1
48100,0
92070,0
76825,0
57702,1
45903,0
64615,1
28412,0
53816,1
57921,1
38920,0
71102,1
61397,1
95527,0
18916,0
48253,1
55900,1
71,1
14505,0
84488,1
81803,1
82885,1
33907,0
73321,1
11798,1
65118,1
26595,0
99393,0
17142,0
110696,0
100494,0
21442,0
16193,0
63291,1
40838,0
18816,1
36862,0
72796,1
30821,0
49416,1
59929,1
75357,1
43839,0
72239,1
71899,1
48526,1
117768,0
69471,1
40167,0
63524,1
14640,0
116110,0
19437,0
68733,1
111657,0
81648,0
13185,1
69923,1
87197,0
52295,1
33381,0
68404,1
10787,1
40537,0
104065,0
54343,1
6049,1
109323,0
8144,0
27511,0
50474,1
2898,0
20684,0
34767,0
56078,1
8833,1
42432,1
113227,0
85274,0
27970,0
46718,0
17661,0
1488,0
87846,0
47880,1
105619,0
116165,0
24923,0
96577,0
24502,0
80290,1
22462,0
2264,0
85456,0
57719,1
26152,0
1652,1
64398,1
12202,1
3076,1
33599,0
94133,0
59303,1
99333,0
29566,0
53032,1
6631,1
26898,0
19238,1
58040,1
13660,1
28168,0
82439,0
20890,0
54185,1
83670,0
99005,0
8262,1
104431,0
54533,1
18633,0
23130,0
97219,0
21916,0
57549,1
57609,1
14182,0
17477,0
64062,1
91404,0
110365,0
60800,1
48224,1
51098,1
61536,1
103773,0
92946,0
32648,0
44327,1
3082,1
86688,0
108436,0
19767,0
83723,0
87101,0
66235,1
98106,0
90770,0
106226,0
88689,0
67064,1
33148,0
13333,1
57321,0
79218,0
54778,1
30054,0
76519,1
53822,1
102053,0
3535,0
107091,0
44169,0
115891,0
93832,0
96334,0
30637,0
51302,0
19614,0
63616,1
21034,0
14409,0
55931,1
30045,0
29602,0
81549,1
57283,1
105644,0
35748,0
55667,1
1736,0
78314,0
112053,0
86167,0
70154,1
1528,0
71676,1
64055,1
19056,0
71818,1
74377,1
7643,1
88893,0
10513,1
102613,0
78570,0
118277,0
109476,0
92397,0
12945,1
83735,0
107952,0
12901,1
88113,0
110298,0
85560,0
85770,0
98906,0
44612,0
68310,1
16013,0
99008,0
33939,0
7765,1
69685,1
35885,0
102618,0
60419,1
10916,1
105777,0
97970,0
103639,0
97374,0
2472,0
68397,1
3627,1
8688,1
74418,1
82626,0
37235,0
27369,0
104984,0
117173,0
20240,0
8873,1
110920,0
9709,1
112524,0
107060,0
40932,0
75804,1
100376,0
95640,0
21911,0
117133,0
74186,1
46097,1
79126,0
67769,1
20417,0
115274,0
25375,0
56870,1
38019,0
29039,0
60794,1
55640,1
51122,1
87213,0
50762,0
91626,0
25725,0
5015,1
2743,0
111294,0
84338,0
57055,1
25929,0
53417,1
7039,1
117661,0
42669,0
110522,0
33448,0
112960,0
99977,0
29690,0
105041,0
96805,0
9360,1
20041,0
83667,0
59067,1
41095,0
13097,1
908,0
58156,1
95577,0
114105,0
21055,0
86603,0
1123,1
98223,0
114332,0
22154,0
38012,0
33796,0
78380,0
54592,1
88873,0
12048,1
79189,0
48651,1
96574,0
79001,0
89291,0
17954,0
104460,0
70502,1
14319,0
67271,1
71269,1
65043,1
27401,0
63104,1
32900,0
15748,0
53798,1
82327,0
64769,1
37792,0
76844,0
105154,0
79829,1
91151,0
89935,0
35493,0
2499,0
34044,0
24079,0
74918,1
26911,0
14952,0
85604,0
55965,1
117337,0
116796,0
86305,0
19867,0
20080,0
90554,0
90510,0
16430,0
71457,1
87488,0
3925,1
27221,0
87462,0
86952,0
118526,0
54969,1
69884,1
110268,0
62859,1
92065,0
112225,0
104004,0
24371,0
114764,0
82432,0
79462,1
15942,0
79935,1
15912,0
116512,0
83771,0
106375,0
19777,0
52338,1
24813,0
107745,0
83437,0
45708,0
34217,0
96634,0
31975,0
49432,1
100935,0
95474,0
28789,0
100900,0
83618,0
84938,0
2970,0
46548,0
67974,1
98554,0
28422,0
98103,0
80378,1
78343,0
105660,0
100367,0
55723,1
28613,0
103114,0
100445,0
77921,0
110624,0
85786,0
86726,0
112309,0
62302,1
97245,0
114502,0
47887,1
103225,0
84900,0
69291,1
70043,1
9183,1
81373,1
55488,1
28209,0
30282,0
62172,1
33251,0
40117,0
10019,1
98837,0
18734,0
95534,0
72638,1
104765,0
54276,1
42367,1
24840,0
7201,1
38583,0
5740,1
51906,0
6596,1
112135,0
89606,0
62877,1
49899,0
16241,0
98493,0
4390,1
25503,0
108794,0
76755,0
20530,0
50996,1
49189,1
48032,1
80130,1
83581,0
27176,0
10855,1
81371,1
87118,0
106385,0
102932,0
20064,0
36762,0
35777,0
14917,0
57328,1
94909,0
111681,0
26318,0
111712,0
31881,0
71603,1
14162,0
41656,0
64406,1
77607,0
21420,0
6295,0
79456,1
39230,0
38915,0
110595,0
15948,0
73318,1
79262,0
112477,0
1618,1
34504,0
76188,1
58924,1
32404,0
37114,0
40370,0
53856,1
55080,1
110851,0
9771,1
70417,1
11920,1
91718,0
29078,0
2510,0
48906,1
105000,0
16176,0
78062,0
68232,1
61188,1
82629,0
47073,1
72351,1
69830,1
113990,0
97568,0
69332,1
33040,0
18317,0
1060,1
94857,0
26216,0
54253,1
3953,0
74601,1
18850,0
109868,0
109928,0
18049,0
70525,1
98502,0
79687,0
42655,0
21709,0
3438,1
98503,0
118447,0
24157,0
23563,0
52556,1
88489,0
17967,0
24399,0
70670,1
10856,1
24771,0
59378,1
9855,1
102691,0
69258,1
100147,0
47795,0
109300,0
43620,0
39548,0
96652,0
36803,0
5986,1
55952,1
53201,1
92482,0
58368,1
100680,0
98844,0
54871,0
1107,0
75937,1
87471,0
26289,0
82956,0
58634,1
113154,0
115761,0
14372,0
2531,0
58988,1
61909,1
4528,1
33627,0
115024,0
84855,0
113478,0
68165,1
6844,1
53410,1
13105,1
43267,0
105529,0
46150,0
114453,0
73806,1
73672,1
64898,1
101565,0
62216,1
81433,0
79630,0
103099,0
51703,1
12716,1
45547,0
620,0
68684,1
27190,0
34766,0
44643,0
36405,0
68526,1
84755,0
85443,0
100715,0
97947,0
95217,0
82220,1
72438,1
95070,0
14459,0
22429,0
15142,0
3092,1
65955,1
59785,1
90093,0
67619,1
118340,0
90223,0
88720,0
112128,0
33358,0
67774,1
46944,1
34285,0
7867,0
95659,0
76181,1
112510,0
24543,0
10416,1
75510,1
52539,1
55361,1
55248,1
15283,0
8237,1
75354,1
53714,1
6080,1
81246,0
58818,1
18040,0
38298,0
76776,1
104548,0
112608,0
5274,0
67194,1
49651,0
85882,0
38589,0
58571,1
67968,1
116056,0
108955,0
25692,0
94571,0
78323,0
4566,0
63258,1
39303,0
92906,0
103555,0
82291,1
78156,1
17834,0
42680,0
12545,1
95522,0
49714,1
88164,0
111609,0
66907,1
105784,0
115065,0
59666,1
77890,0
109270,0
89114,0
9526,1
36995,0
91874,0
98155,0
79470,1
79047,1
104824,0
32610,0
24931,0
99860,0
112416,0
61091,1
97771,0
59309,1
67340,1
60703,1
78515,0
60564,1
60816,1
52933,1
109709,0
66190,1
3226,0
40850,0
84118,0
76611,0
32170,0
65007,1
82342,1
85451,0
73925,1
14181,1
7329,1
17601,0
18999,1
83590,0
97561,0
27946,0
74198,1
1607,0
58923,1
20962,0
111746,0
36794,0
113503,0
18884,0
29779,0
23841,0
51611,1
73133,1
87623,0
117511,0
110029,0
46210,0
68545,1
75342,1
114153,0
25179,0
52631,1
117637,0
83345,0
80168,1
51005,1
68760,1
96164,0
113513,0
69943,1
37353,0
113390,0
13639,1
87796,0
21928,0
65202,1
29905,0
45673,0
37333,0
25416,0
62191,1
100234,0
30522,0
53694,0
97808,0
83591,0
45981,1
11307,1
7840,1
24884,0
11260,1
34209,0
3206,0
95056,0
75954,1
107956,0
35994,0
20443,0
49549,1
74169,1
80064,0
78996,0
62873,1
57120,1
109378,0
110976,0
94592,0
68982,1
7931,1
34206,0
50124,1
70652,1
19800,0
36347,0
7327,1
109801,0
86173,0
6567,1
68439,1
33844,0
94175,0
91501,0
117659,0
93727,0
13750,1
100955,0
88856,0
117344,0
53268,1
102879,0
100432,0
9612,1
5951,0
17062,0
70916,1
118154,0
82289,0
78808,0
44409,1
114743,0
88540,0
107551,0
96214,0
101786,0
37736,0
58929,1
89009,0
25922,0
81559,1
80585,0
42552,0
93989,0
21178,0
77122,0
8430,1
1064,1
115452,0
48172,1
92443,0
84229,0
47143,1
106384,0
32818,0
64612,1
85170,0
59859,1
100908,0
30028,0
65809,1
64975,1
20658,0
90508,0
2076,0
32041,0
28657,0
72830,1
115383,0
63455,1
96402,0
106289,0
76013,1
15175,1
79691,0
102048,0
44246,0
63944,1
40970,0
81114,1
30691,0
68408,1
112385,0
42639,0
61528,1
56806,0
69242,1
98237,0
52250,1
26647,0
32564,0
75704,1
102929,0
38945,0
109722,0
37814,0
100045,0
103834,0
39087,0
116149,0
34026,0
32345,0
25923,0
58650,1
81583,1
10815,1
111463,0
66076,1
112228,0
86732,0
12965,1
43504,1
78456,0
43611,0
42736,0
81532,1
20696,0
78869,0
53062,1
83829,0
87666,0
34847,0
48960,1
96743,0
52035,1
36397,0
4653,1
72103,1
33804,0
55325,1
8480,1
109444,0
87522,0
12225,1
9155,1
50938,1
70321,1
11474,1
89208,0
48525,1
19071,0
100387,0
18949,0
59776,1
39674,0
927,0
75461,1
25889,0
96587,0
57412,1
36674,0
91112,0
11437,1
52587,1
96022,0
66224,1
37507,0
31558,0
103925,0
18199,0
99555,0
93325,0
11030,1
114676,0
7888,1
92916,0
23863,0
58722,1
7180,1
84270,0
97569,0
69502,1
96610,0
103585,0
61609,1
32855,0
42634,0
55227,1
69512,1
58090,1
100976,0
74822,1
117039,0
42696,0
59985,1
53871,1
96299,0
100232,0
46411,1
85709,0
50651,1
21972,0
43408,1
62124,1
108725,0
48346,1
70125,1
97599,0
23758,0
56857,1
73272,1
39350,0
51662,1
24785,0
7093,1
29452,0
37089,0
62452,1
11087,1
97256,0
105940,0
69467,1
4195,1
81638,1
6419,1
108674,0
35301,0
83014,0
101222,0
39122,0
40656,0
66035,1
59599,1
103221,0
35629,0
114057,0
15541,0
21525,0
65749,1
72031,1
27785,0
35595,0
42596,0
109439,0
5965,1
40275,1
103273,0
87680,0
67651,1
110651,0
105125,0
75539,1
14577,0
89414,0
2210,1
92805,0
34719,0
95645,0
95047,0
112553,0
82360,1
5571,1
20245,0
3891,1
862,0
9228,1
47343,1
57605,1
31633,0
26952,0
64047,1
36545,0
14872,1
109615,0
10893,1
51283,1
53153,1
114119,0
73730,1
72975,1
63248,1
76550,1
24043,0
86781,0
68484,1
13714,1
3363,0
70842,1
38899,0
34020,0
4808,0
71348,1
44536,0
89322,0
19952,0
116706,0
106757,1
81945,1
92500,0
17359,0
52897,1
13340,1
33399,0
84082,0
112926,0
71605,1
35220,0
69831,1
88533,0
47524,1
6175,1
11972,1
53394,1
58748,1
55615,1
13025,1
47742,1
43881,0
48683,0
117208,0
22358,0
111273,0
37913,0
47421,0
83567,0
111620,0
25871,0
30247,0
115227,0
23038,0
1745,1
17692,0
72925,1
56942,1
87587,0
86682,0
102587,0
10634,1
53158,1
31211,0
21588,0
95516,0
54558,1
92653,0
88770,0
47721,1
111970,0
25698,0
102784,0
46755,0
4870,1
12903,1
109010,0
119311,0
76901,0
2879,0
29088,0
90806,0
113610,0
17610,0
32094,0
101390,0
87789,0
24730,0
37893,0
9108,1
93364,0
98639,0
36056,0
69845,1
7918,1
112419,0
37203,0
56406,1
14064,0
97426,0
115826,0
105226,0
113978,0
19930,0
104682,0
94315,0
3720,0
50993,1
30194,0
108290,0
90130,0
83004,0
58725,1
39818,0
32033,0
10135,1
55261,1
110168,0
77432,0
4972,1
38873,0
72640,1
28701,0
107867,0
43511,0
115196,0
43502,0
109645,0
68041,1
102902,0
75969,1
215,0
27712,0
18435,0
91872,0
118599,0
40750,0
105611,0
1520,1
66599,1
30240,0
85219,0
105661,0
105923,0
63677,1
31337,0
119313,0
40106,1
61995,1
19506,0
16745,0
37259,0
115882,0
116759,0
103824,0
43257,0
63,0
30280,0
54227,0
3370,1
21692,0
109966,0
27858,0
75353,1
63223,1
47379,0
5040,1
46385,1
49822,1
98737,0
7747,1
69970,1
21758,0
76846,0
66183,1
55199,0
62819,1
8331,1
12271,1
47134,1
32206,0
65365,1
77417,0
49894,0
78095,0
31361,0
3152,0
97609,0
25067,0
38351,0
59290,1
42829,0
110279,0
22211,0
61123,1
1944,0
64013,1
9710,1
57434,0
67487,1
80662,0
52235,1
110042,0
79211,0
47588,1
93463,0
8226,1
102009,0
14342,0
85684,0
63414,1
28875,0
27759,0
82595,0
44928,1
87418,0
100203,0
30592,0
15393,0
50803,1
22937,0
6378,1
15281,0
8161,0
81940,1
67031,1
62228,1
40219,0
510,0
91549,0
63849,1
75617,1
58273,1
33540,0
43255,0
1968,0
23430,0
42033,0
5516,0
65591,1
30155,0
68341,1
41886,0
22159,0
7945,0
41967,0
40890,0
47363,1
51356,1
85681,0
83138,0
71192,1
90570,0
108377,0
73188,1
11427,1
105389,0
52596,1
54746,1
67746,1
73372,1
87715,0
17000,0
40698,0
31612,0
85995,0
47841,1
462,0
63742,1
49918,1
71255,1
111882,0
70103,1
43044,0
92934,0
93859,0
115863,0
62979,1
72367,1
43607,0
102820,0
70651,1
83319,0
65005,1
41515,1
105502,0
60125,1
62573,1
69305,1
106312,0
30651,0
42465,1
78426,0
105968,0
62493,1
100274,0
28700,0
101363,0
9096,1
87494,0
62435,1
93691,0
44332,0
69973,1
92453,0
116413,0
3150,0
94908,0
109150,0
101618,0
27983,0
8929,1
9817,1
110813,0
108697,0
39845,0
35414,0
26837,0
108746,0
23327,0
93033,0
48787,1
89402,0
34391,0
24018,0
38776,0
37075,0
88025,0
84839,0
36841,0
70348,1
79768,0
35200,0
90057,0
81610,1
34961,0
105053,0
88400,0
114738,0
117119,0
53542,1
84022,0
869,0
77260,1
69846,1
110225,0
14007,0
19005,0
83298,0
6395,1
118223,0
70104,1
69875,1
91053,0
96280,0
49089,1
82591,0
106865,0
98632,0
3763,1
68644,1
6074,0
55256,1
16124,0
44702,0
76478,1
5678,1
87287,0
4629,1
38446,0
32038,0
56786,1
2536,1
23390,0
25980,0
41114,0
46797,0
18655,0
73491,1
109123,0
15726,1
80200,1
59252,1
45872,0
57232,1
85249,0
1732,0
68309,1
102563,0
114767,0
62663,1
51188,0
101420,0
27226,0
25684,0
92072,0
61008,1
40731,0
6502,1
89292,0
2188,1
26625,0
80627,0
46536,0
54836,1
108141,0
26130,0
112650,0
115229,0
3339,1
54088,1
107435,0
97166,0
73153,1
25413,0
83864,0
99396,0
51634,1
33233,0
14967,0
82121,1
36953,0
80488,1
79487,0
54608,1
117861,0
63182,1
93990,0
61003,1
73405,1
43657,0
78474,0
8765,0
67927,1
87220,0
36926,0
61017,1
76798,0
16726,0
13764,1
111083,0
86263,0
112615,0
12192,1
56173,1
16146,0
108821,0
70626,1
7886,0
41438,0
107440,0
41028,0
113469,0
86756,0
6679,0
92505,0
32557,0
86907,0
69147,1
8405,1
61604,1
65861,1
23696,0
22313,0
28301,0
42286,1
117343,0
70886,1
50217,0
61732,1
2045,1
96987,0
59905,1
44577,1
75988,1
13358,1
54116,1
52964,1
16692,0
46892,0
69191,1
18724,0
40748,0
82657,0
64928,1
75340,1
104383,0
110875,0
26884,0
68638,1
116099,0
40364,0
11259,1
70811,1
106614,0
70416,1
6107,1
99929,0
66534,1
71549,1
29153,0
381,1
41273,1
58449,1
106484,0
77368,1
34045,0
8246,0
53435,1
95243,0
71172,1
49994,1
14725,1
42764,0
10630,1
50538,1
46337,1
66335,1
2673,1
72149,1
88430,0
2338,1
2192,1
96114,0
92527,0
7325,1
72222,1
52133,1
77915,0
15752,0
86493,0
110566,0
114120,0
38408,0
45579,1
108341,0
106531,0
106649,0
109061,0
96227,0
114475,0
1397,0
50898,1
81054,1
112475,0
117825,0
15617,0
58639,1
58143,1
20552,0
78878,0
57352,1
88613,0
91759,0
20016,0
97795,0
30740,0
47802,1
74732,1
63645,1
7067,1
72340,1
89959,0
26085,0
102006,0
99185,0
42333,0
102341,0
113992,0
71257,1
83065,0
105602,0
36247,0
9762,1
66392,1
79955,0
15992,0
28536,0
44455,1
79786,0
42727,0
81223,1
115324,0
99494,0
85098,0
55417,1
100907,0
95064,0
21608,0
23405,0
10558,1
74187,1
85486,0
117071,0
117102,0
103007,0
36241,0
73059,1
59139,1
35193,0
102138,0
35055,0
17691,0
78594,0
44082,1
84249,0
28732,0
115386,0
104165,0
45600,1
46655,0
79143,0
73857,1
44505,0
7983,1
94436,0
84596,0
14055,0
115725,0
98715,0
57288,1
39129,0
37548,0
76613,0
117015,0
99611,0
18653,0
73043,1
39940,0
59984,1
84102,0
57758,1
97503,0
116515,0
66511,1
54365,1
1568,0
113858,0
88838,0
44333,0
81123,1
75,0
119369,0
69393,1
81827,1
14105,0
94505,0
83273,0
44713,1
19491,0
66967,1
33664,0
36835,0
37351,0
29855,0
83448,0
34161,0
104932,0
60639,1
4086,1
90757,0
80629,1
65926,1
84853,0
2804,0
27621,0
14126,0
3537,0
88954,0
1506,0
52438,1
101112,0
96329,0
111847,0
58859,1
44117,1
1741,1
25623,0
13941,0
36853,0
27102,0
55991,1
106467,0
70988,1
50749,1
104897,0
65344,1
46416,1
49165,1
71280,1
24712,0
86818,0
51258,1
101202,0
82865,1
5118,0
84890,0
45760,0
24674,0
110353,0
77120,0
26724,0
18056,0
15512,0
76140,1
43175,1
897,1
85169,0
3204,0
41972,0
28407,0
84663,0
68631,1
79870,1
50578,1
64645,1
30951,0
50470,1
9473,1
29205,0
10338,1
111349,0
15739,0
66652,1
104598,0
69623,1
78129,0
55283,1
82417,0
68648,1
81425,0
117530,0
76941,1
50181,1
20648,0
73918,1
72000,1
21445,0
47651,1
78423,0
50491,1
39407,0
39895,0
326,0
207,0
118399,0
54636,1
17055,0
63776,1
66864,1
32431,0
45683,0
90122,0
92447,0
59608,1
110870,0
107257,0
77698,0
18592,1
36994,0
13093,1
17814,0
109587,0
117555,0
33538,0
54716,1
97305,0
8156,0
30140,0
27231,0
44553,0
101705,0
19379,0
31360,0
16893,0
77737,1
46404,1
103722,0
66027,1
22106,0
36627,0
73977,1
103403,0
63449,1
115678,0
66508,1
22481,0
115830,0
26208,0
73112,1
67929,1
41219,0
18446,0
100579,0
95585,0
58260,0
53610,1
95851,0
32898,0
10660,1
8958,1
90079,0
101404,0
48170,1
71691,1
13264,1
84234,0
66955,1
32622,0
61483,1
87358,0
110392,0
15354,0
92561,0
31004,0
21689,0
61442,1
48603,1
30531,0
113306,0
40912,0
117941,0
194,0
65028,1
115206,0
4262,1
62011,1
112981,0
65425,1
32259,0
43795,0
7746,1
110842,0
83602,0
55129,1
109551,0
9404,1
73739,1
115382,0
91285,0
24212,0
57443,1
11727,1
58508,1
118143,0
89522,0
15331,1
25160,0
65021,1
29385,0
22430,0
515,0
9446,1
47714,1
44067,1
89396,0
773,0
85647,1
58610,1
27581,0
59166,1
106191,0
736,0
112110,0
93526,0
60192,1
95003,0
37329,0
36202,0
12633,1
89853,0
49039,1
85195,0
2440,0
28276,0
10505,1
24454,0
16028,0
41692,1
101865,0
92299,0
90187,0
90707,0
60597,1
91562,0
116947,0
12277,1
87364,0
9487,1
102544,0
35068,0
22910,0
79225,1
101732,0
43644,0
102174,0
52113,1
73675,1
83910,0
13811,1
784,0
29106,0
86785,0
81646,0
31262,0
58674,1
100808,0
65013,1
80074,0
4159,0
41924,0
90425,0
36207,0
68295,1
24475,0
103758,0
110372,0
93708,0
79981,0
54737,1
29903,0
64344,1
51577,1
65311,1
78064,0
5426,1
20382,0
99971,0
118067,0
105871,0
22291,0
15065,0
61567,1
66172,1
13549,1
21236,0
3748,1
88081,0
4100,1
112219,0
12231,1
48766,1
98914,0
11316,1
62512,1
40114,1
116063,0
3524,0
101379,0
9229,1
80657,0
98110,0
75222,1
105543,0
58423,1
29842,0
8426,1
96850,0
66794,1
69220,1
97465,0
26579,0
564,0
68632,1
93404,0
44673,1
65417,1
59517,1
94560,0
505,0
17130,0
85273,0
19704,0
19613,0
61767,1
106059,0
62395,1
80281,0
104979,0
93082,0
12725,1
37946,0
99544,0
104025,0
68093,1
2112,0
52370,1
25931,0
82135,1
26664,0
92635,0
110963,0
24322,0
6683,1
47078,1
9263,1
19827,0
72352,1
81255,0
25331,0
57480,1
78636,1
92207,0
18517,0
4866,0
57468,0
79695,0
34011,0
83289,0
47871,1
39837,0
74083,1
99743,0
110997,0
3826,1
99939,0
68671,1
4315,1
46818,0
89149,0
76077,1
4770,0
28223,0
26663,0
76340,0
27259,0
20327,0
21101,0
68095,1
13798,1
60403,1
48914,1
115451,0
38741,0
58788,1
96042,0
115171,0
111371,0
34969,0
57093,1
100545,0
80331,1
71753,1
25839,0
26466,0
41475,0
22594,0
4953,0
110944,0
25628,0
15459,0
34596,0
4594,0
105349,0
106952,0
72770,1
23673,0
44475,1
33994,0
54741,1
104378,0
105618,0
95385,0
73347,1
10231,1
57849,1
39435,0
72916,1
33350,0
43026,0
104197,0
115367,0
19481,0
83646,0
109390,0
54767,1
84373,0
88589,0
113438,0
29395,0
89384,0
41524,1
107796,0
49721,1
27687,0
97404,0
112897,0
94096,0
2917,0
21231,0
19193,1
32726,0
75292,1
38845,0
33440,0
51246,0
83883,0
32553,0
77061,1
55467,1
66095,1
115832,0
79697,0
85228,0
61798,1
5789,1
42722,0
6553,1
52663,1
111686,0
54141,1
62193,1
109706,0
17364,0
22362,0
46715,0
36881,0
114689,0
117141,0
96134,0
69378,1
25089,0
71938,1
36679,0
45117,0
23718,0
18928,0
20778,0
116804,0
76612,0
22979,0
88034,0
48190,1
100162,0
15230,1
79138,0
68556,1
73880,1
109209,0
7215,1
96358,0
27872,0
88217,0
67840,1
2068,0
571,0
21643,0
83736,0
106231,0
16134,0
103637,0
66718,1
98846,0
116994,0
7031,1
55953,1
117840,0
18983,0
39559,0
104303,0
107094,0
41156,0
2498,0
5103,0
17606,0
76395,0
28359,0
116219,0
96198,0
113810,0
3667,1
23558,0
16107,0
109278,0
68690,1
69686,1
73909,1
34968,0
18133,0
5013,1
99249,0
72349,1
62292,1
30921,0
87343,0
86591,0
57733,1
91210,0
34744,0
60667,1
29522,0
48513,1
37048,0
89376,0
56071,1
4378,1
48144,0
96898,0
115912,0
15063,0
15149,1
51421,1
15350,0
8641,1
67299,1
97934,0
20881,0
27826,0
91325,0
7234,1
43346,1
4048,1
49990,1
86467,0
81699,0
20492,0
95133,0
41803,0
52749,1
4691,1
25483,0
35698,0
68468,1
60180,1
101293,0
72488,1
6590,1
64523,1
55335,1
15913,0
62509,1
119261,0
6104,0
87074,0
78501,0
49904,0
86086,0
34338,0
8437,0
110551,0
10548,1
68410,1
63363,1
42646,0
22109,0
39812,0
110386,0
60722,1
112526,0
81144,0
57481,1
7420,1
4570,1
103822,0
67946,1
6782,0
85862,0
14331,0
84760,0
4282,1
117997,0
119107,0
41468,0
30791,0
93645,0
1303,0
49244,1
47361,1
26090,0
85588,0
43437,0
27740,0
72836,1
41609,0
1698,1
46414,1
72712,1
88805,0
14773,1
68370,1
25733,0
73716,1
13702,1
100529,0
81202,0
65792,1
71967,1
118418,0
57123,1
62804,1
52623,1
92106,0
41590,0
110294,0
52843,1
40431,1
56929,1
52176,1
5188,1
46320,1
76473,1
45443,0
79838,1
80917,1
83410,0
43688,0
25348,0
58210,1
7027,1
106656,0
100687,0
47483,1
66965,1
21336,0
87442,0
30648,0
49114,1
29035,0
54476,1
12286,1
106198,0
51354,1
448,0
64990,1
34212,0
31868,0
58041,1
6806,1
54175,1
8879,1
72584,1
8223,0
85741,0
70673,1
41698,0
110604,0
65821,1
77859,1
45204,1
3867,1
28427,0
63557,1
37624,0
3278,0
117331,0
105468,0
107018,0
38242,0
101373,0
51335,1
62211,1
48661,1
59778,1
112,0
63201,1
111476,0
79647,0
57622,1
12430,1
25599,0
56878,1
12499,1
96729,0
110489,0
109126,0
116831,0
61933,1
26330,0
97058,0
11769,1
103671,0
85891,0
101775,0
102476,0
13367,1
95252,0
54974,1
39301,0
54818,1
52249,1
73894,1
8954,1
116680,0
14733,1
103433,0
52874,1
90188,0
16377,0
44707,0
3175,1
67433,1
24316,0
35051,0
33956,0
102493,0
82847,1
58486,1
53564,1
976,1
104677,0
33292,0
102221,0
83460,0
54770,1
99765,0
9200,1
104308,0
9609,1
53052,1
19860,0
17108,0
12129,1
84827,0
97694,0
89773,0
29595,0
16148,0
76922,1
11664,1
16532,0
54785,1
118374,0
65805,1
73106,1
5415,1
72429,1
37443,0
44222,0
73822,1
118087,0
42936,0
8164,0
352,0
89659,0
79764,0
69696,1
31267,0
13987,0
77989,1
25007,0
93744,0
92131,0
59774,1
97888,0
11542,0
91653,0
58683,1
99824,0
17159,0
72704,1
13026,1
98947,0
22079,0
95657,0
62972,1
92071,0
102864,0
41955,0
75205,1
25316,0
67184,1
60123,1
596,0
115354,0
37006,0
99438,0
104707,0
3714,0
11732,1
88585,0
11032,1
25062,0
3424,0
19793,0
104732,0
82648,1
77378,1
11318,1
106016,0
62588,1
52037,1
115603,0
114348,0
80639,0
60083,1
81569,1
44176,0
45665,0
96882,0
92113,0
66795,1
10276,1
17727,0
10266,1
46061,1
50644,1
94677,0
45440,0
105870,0
86256,0
87450,0
36601,0
66880,1
27942,0
25941,0
7812,1
95433,0
85239,0
1703,1
50622,1
113965,0
105713,0
86996,0
27893,0
24361,0
86353,0
39293,0
35456,0
20877,0
86192,0
34258,0
66163,1
96471,0
86580,0
5871,0
53317,1
63922,1
12465,1
44269,0
89097,0
47099,1
3257,1
20884,0
113756,0
12367,1
56696,1
15810,0
30981,0
86559,0
113511,0
44814,0
4736,0
4697,0
84566,0
93962,0
72049,1
60785,1
54728,1
35685,0
19027,1
68570,1
84339,0
54574,1
109252,0
111181,0
44078,0
21291,0
41055,0
64842,1
6948,1
18541,0
33032,0
36385,0
109379,0
46845,0
41110,0
22771,0
82763,1
22051,0
52346,1
46494,0
117413,0
67496,1
23601,0
45411,0
32255,0
13231,1
84145,0
54973,1
21867,0
64342,1
111922,0
115706,0
15025,0
2942,0
91584,0
45011,1
92515,0
62227,1
34898,0
20935,0
60958,1
92780,0
23732,0
104096,0
89193,0
118183,0
98003,0
39672,0
59404,1
44300,1
35853,0
78565,0
46214,1
17211,0
54876,1
105975,0
79676,0
111381,0
19608,0
67890,1
117324,0
17171,0
59236,1
77344,1
104248,0
66503,1
104230,0
4779,0
114357,0
7827,1
75336,1
94545,0
18976,0
8722,0
50464,0
9412,1
48591,1
74089,1
31732,0
51146,1
45892,1
23325,0
51694,1
75849,1
72525,1
70885,1
83708,0
18240,0
55522,1
35066,0
101069,0
47753,1
10710,1
559,1
85143,0
101594,0
100744,0
17466,0
109115,0
106200,0
57372,1
14519,1
107327,0
69603,1
51308,1
61571,1
64565,1
38147,0
80354,1
74721,0
97883,0
56181,0
6776,1
103053,0
6453,1
88169,0
39735,0
29394,0
26520,0
70473,1
43883,1
6337,0
118547,0
93565,0
79232,1
116792,0
33146,0
22216,0
69201,1
86249,0
7834,1
37948,0
94738,0
30031,0
49475,1
113031,0
24576,0
57159,1
2704,0
97806,0
33825,0
62875,1
48090,1
84911,0
42076,0
111560,0
5097,0
9981,1
72323,1
95017,0
100418,0
111875,0
90761,0
79690,0
59260,1
102901,0
25084,0
60999,1
73420,1
36942,0
99290,0
93443,0
28247,0
71822,1
53089,1
5865,1
36972,0
39241,0
74785,1
64362,1
83234,0
14816,1
16172,0
67304,1
21974,0
74687,1
1069,0
27022,0
4571,0
67706,1
90829,0
51910,0
54610,1
8836,1
87363,0
59832,1
1992,1
108439,0
86578,0
26157,0
38696,0
35112,0
67518,1
4490,1
68335,1
48463,1
49875,1
78700,0
69161,1
60306,1
4942,1
3157,1
64689,1
117652,0
89038,0
23338,0
84419,0
43000,0
93837,0
27425,0
18217,0
117345,0
45922,0
85645,0
22710,0
97412,0
51144,0
76416,1
116851,0
108052,0
57419,1
17618,0
116934,0
52148,1
19497,0
2343,0
77582,0
60954,1
71547,1
9384,1
8366,1
75370,1
85662,0
41902,0
20335,0
45022,1
82561,0
40640,0
41202,1
26968,0
16003,0
115285,0
90939,0
103681,0
14609,0
17962,0
48058,1
55470,1
93036,0
76532,1
23402,0
63655,1
4310,0
73444,1
53717,1
2332,0
107151,0
34621,0
75459,1
73414,1
94780,0
106121,0
66017,1
78918,0
9977,1
59061,0
65112,1
103935,0
97632,0
6738,0
55137,1
40380,0
89799,0
7841,1
102351,0
96953,0
110505,0
41311,1
37777,0
58463,1
2322,1
24841,0
104875,0
9653,1
95395,0
57924,1
60623,1
71591,1
16932,0
50675,0
56338,1
36181,0
15399,0
13858,0
63985,1
116376,0
1007,0
113217,0
8709,1
11039,1
79504,0
55027,0
17482,0
43782,1
44491,0
118985,0
40442,0
90512,0
13851,0
44484,1
76394,0
44967,0
73949,1
38916,0
69434,1
62830,1
26638,0
112461,0
75700,1
67484,1
50239,1
38699,0
86259,0
47236,1
6550,0
93870,0
20557,0
87168,0
70048,1
82248,1
88032,0
7547,1
98482,0
85377,0
1621,1
68,1
63760,1
29954,0
105028,0
48512,0
69070,1
33536,0
108195,0
117512,0
82843,1
11996,1
24695,0
112887,0
43985,1
69927,1
23443,0
99989,0
97317,0
107633,0
17979,0
100210,0
51507,1
26015,0
31490,0
97867,0
59059,1
57529,1
112450,0
103743,0
53038,1
87960,0
1862,0
18129,0
94943,0
14103,0
20719,0
2506,0
99945,0
60165,1
46486,0
56906,1
69882,1
69681,1
110503,0
27965,0
1266,0
38213,0
26701,0
29145,0
112100,0
71320,1
48475,0
116000,0
109051,0
114395,0
33647,0
117837,0
61264,1
114610,0
95960,0
116449,0
93797,0
55317,1
118712,0
45637,1
24601,0
71067,1
48182,1
83058,0
71479,1
67239,1
13620,1
61796,1
101018,0
103801,0
49370,1
100485,0
20643,0
44982,1
78020,0
45890,0
20207,0
58031,1
98137,0
106362,0
87090,0
42893,0
110680,0
18185,0
61799,1
93655,0
9951,1
24780,0
96003,0
11258,1
115237,0
90062,0
14889,1
74210,1
91920,0
70614,1
75836,1
25185,0
65993,1
112864,0
108346,0
31377,0
93050,0
47508,1
88851,0
100325,0
2585,1
116932,0
44554,0
5655,1
110318,0
84823,0
75268,1
83395,0
34256,0
42983,1
89245,0
23812,0
90227,0
57279,1
88870,0
79000,0
8542,1
8134,0
72609,1
16089,0
41616,0
102969,0
88647,0
90605,0
84035,0
19378,0
27357,0
73044,1
80837,1
41749,0
68506,1
1381,0
34817,0
29838,0
89706,0
38322,0
73435,1
7989,1
66360,1
16886,0
12730,1
34451,0
87595,1
23787,0
15036,0
43971,1
104743,0
15945,0
10822,1
39842,0
81974,1
103398,0
8678,1
59320,1
118405,0
32356,0
62275,1
112374,0
113372,0
67772,1
47787,0
115757,0
39775,0
68180,1
18543,0
35002,0
73874,1
8158,0
85836,0
82015,1
92494,0
96946,0
29658,0
40943,0
110528,0
75086,1
91138,0
12537,1
23767,0
116535,0
104758,0
96235,0
73974,1
8167,0
116329,0
109533,0
39627,0
67282,1
27443,0
78533,0
15544,0
13018,1
90477,0
80726,0
58320,1
47908,0
16559,1
108332,0
110659,0
12781,1
38319,0
60360,1
29048,0
13383,1
1363,1
76830,0
73124,1
82651,1
96712,0
78889,0
24125,0
18511,0
30626,0
100800,0
70079,1
31469,0
34435,0
63318,1
39142,0
5405,1
100944,0
92657,0
59431,1
89554,0
31553,0
50944,1
65266,1
25565,0
15589,0
24552,0
42627,0
17357,0
73196,1
76943,1
61542,1
92608,0
95995,0
26710,0
73737,1
108011,0
116426,0
4659,0
98267,0
64840,1
94862,0
103111,0
110065,0
65250,1
82823,1
88099,0
109471,0
41968,1
74722,0
3294,1
15595,0
113860,0
83036,0
24409,0
15424,0
51179,1
86954,0
27392,0
72200,1
33899,0
105480,0
56665,1
88177,0
29053,0
99634,0
96137,0
54806,1
41077,0
53584,1
31138,0
46843,0
83841,0
25328,0
113930,0
57092,1
59586,1
28580,0
72112,1
19021,0
11013,1
14081,0
17303,0
29727,0
35423,0
74352,1
39555,0
12024,1
38296,0
94292,0
107230,0
54882,1
21354,0
114311,0
36461,0
108617,0
47782,1
86644,0
109200,0
99946,0
63998,1
76237,1
65860,1
43514,0
98565,0
58038,1
42016,0
96528,0
66412,1
98231,0
105465,0
26746,0
15058,0
89689,0
92523,0
70412,1
17594,0
104385,0
104485,0
14953,0
39457,0
43610,0
114588,0
32850,0
48589,1
68577,1
82165,1
85011,0
2594,0
96229,0
95101,0
11395,1
110316,0
30362,0
36535,0
9723,1
56501,1
77526,0
36621,0
34141,0
13661,1
88339,0
90543,0
49018,0
10118,1
108884,0
103138,0
92358,0
67582,1
49928,1
23511,0
22053,0
70977,1
3331,0
59169,1
115045,0
52800,1
68070,1
87187,0
65854,1
53589,1
90889,0
93237,0
90290,0
18890,0
72422,1
106742,0
29880,0
6495,1
83386,0
30837,0
49777,1
13800,1
71588,1
26267,0
103910,0
86340,0
77077,0
11097,1
60543,1
43774,0
79569,0
61013,1
90730,0
33286,0
42951,0
6054,0
44051,1
36134,0
69532,1
114316,0
37704,0
28633,0
116929,0
322,0
38949,0
20882,0
95302,0
604,0
90718,0
52574,1
59013,1
40358,0
85964,0
59573,1
49129,0
3136,1
59090,1
50113,1
35791,0
65906,1
117500,0
62398,1
27955,0
4423,1
70581,1
108170,0
26993,0
38476,0
102278,0
17008,0
64018,1
77414,0
65340,1
89403,0
103836,0
33036,0
72926,1
94078,0
97839,0
87469,0
95708,0
48856,0
95011,0
11709,1
27620,0
18058,0
86060,0
93428,0
8058,1
41766,0
86979,0
105412,0
14763,1
37272,0
114644,0
16887,0
81656,0
71998,1
87725,0
74071,1
92296,0
88755,0
95084,0
35735,0
8770,0
1124,1
18580,0
70152,1
11668,1
64875,1
64199,1
7979,0
69626,1
96163,0
59092,1
103604,0
31672,0
71216,1
113208,0
61041,1
112579,0
76180,1
42950,0
31094,0
117339,0
74632,1
67377,1
89669,0
117032,0
85222,0
58318,1
85448,0
4899,1
91423,0
958,1
49141,1
85813,0
110484,0
64480,1
84796,0
41681,0
96722,0
2030,0
37079,0
96659,0
70024,1
102593,0
110882,0
74438,1
40825,0
85672,0
117068,0
59697,1
82703,0
68005,1
117632,0
15498,0
67549,1
16020,0
85403,0
99768,0
94167,0
15200,1
67615,1
61813,1
12831,1
105761,0
109653,0
66677,1
96064,0
80694,0
84131,0
54168,1
114093,0
28479,0
9878,1
30638,0
72125,1
75895,1
96911,0
70286,1
93516,0
71074,1
106429,0
34532,0
12591,1
109777,0
54735,1
36931,0
17891,0
116660,0
74470,1
37317,0
12775,1
98977,0
100459,0
18837,0
58049,1
1888,0
112075,0
85385,0
100577,0
23427,0
22250,0
92297,0
102743,0
63415,1
117777,0
62250,1
26620,0
42899,0
32014,0
77963,0
19347,0
15148,1
58341,1
83521,0
61790,1
1031,1
65526,1
58543,1
46388,1
109286,0
78797,0
110832,0
37003,0
116393,0
23806,0
86857,0
23698,0
92050,0
40775,1
50986,1
78116,0
105790,0
106936,0
69962,1
53403,1
46652,1
101660,0
107616,0
64725,1
41456,0
97985,0
85726,0
87907,0
90491,0
44896,1
116941,0
41491,0
90195,0
59184,1
118294,0
68697,1
24940,0
30123,0
110362,0
16611,0
90580,0
113629,0
22778,0
87513,0
108687,0
62027,1
92374,0
32608,0
67383,1
102772,0
78604,0
29322,0
58645,1
105347,0
48600,1
14209,0
8451,1
29558,0
41640,0
54232,1
87331,0
61449,1
16737,0
70312,1
97364,0
40944,1
49230,0
77429,0
47039,1
91335,0
6375,1
84528,0
24102,0
22537,0
84896,0
115363,0
61402,1
118586,0
67225,1
104649,0
78128,0
110282,0
94230,0
62915,1
45483,1
87448,0
64986,1
116927,0
70995,1
104837,0
19138,0
45678,0
70262,1
16050,0
66515,1
115401,0
34196,0
77151,0
19017,0
81097,1
64561,1
4156,1
53681,1
25647,0
393,0
19160,0
109522,0
83704,0
32215,0
61623,1
5308,1
90407,0
8584,1
79875,1
55772,1
32987,0
29362,0
31283,0
110157,0
92707,0
12319,1
112069,0
60824,1
26613,0
83973,0
92885,0
91460,0
51111,1
16679,0
48944,1
110172,0
56882,1
26139,0
64797,1
22948,0
18438,0
99226,0
39959,0
101809,0
78028,0
52899,1
106450,0
63915,1
90209,0
104019,0
98785,0
36012,0
73016,1
45006,0
97570,0
97903,0
55794,1
40399,0
31807,0
84789,0
93937,0
96004,0
9020,1
24699,0
28305,0
111790,0
56975,0
97119,0
32917,0
65978,1
113241,0
39718,0
1305,1
76993,0
33398,0
63786,1
61555,1
27026,0
114486,0
19526,0
16419,0
92571,0
112703,0
74109,1
11662,1
78070,1
44576,0
70055,1
84812,0
17019,0
26097,0
37593,0
21250,0
59971,1
97809,0
97116,0
18398,0
47527,1
95668,0
48669,1
10677,1
106737,0
80544,0
30004,0
14436,0
110790,0
109979,0
5393,1
40403,0
117721,0
109014,0
102761,0
104969,0
6188,0
112371,0
18977,0
65948,1
108704,0
23023,0
88546,0
56587,1
107356,0
55038,1
70446,1
7468,1
12101,1
113420,0
107523,0
15675,0
4151,0
84297,0
57052,1
28760,0
21927,0
24538,0
40086,1
66819,1
61725,1
110647,0
33711,0
73876,1
17572,0
71852,1
106772,0
10726,1
90162,0
44844,0
112131,0
24682,0
11365,1
95636,0
61070,1
57680,1
115190,0
58255,1
58181,1
30778,0
23859,0
96195,0
55125,1
77869,1
23712,0
24248,0
100349,0
108903,0
111376,0
114439,0
73951,1
15812,0
4383,1
158,0
66367,1
27331,0
95343,0
9915,1
33792,0
95121,0
82352,1
26848,0
42241,0
25190,0
90847,0
12189,1
4333,1
76148,1
71227,1
113702,0
104916,0
113893,0
52590,1
62713,1
87043,0
4274,1
38014,0
6166,1
12355,1
74160,1
38701,0
93909,0
28481,0
39899,0
9449,1
7591,1
81853,1
45868,0
40476,1
93804,0
93467,0
12080,1
98719,0
39408,0
41933,1
36943,0
3833,1
52467,1
68060,1
49818,0
58939,1
55478,1
28498,0
58078,1
92664,0
51030,0
64911,1
2593,0
117877,0
29442,0
97822,0
5825,0
31767,0
61714,1
16850,0
37487,0
10027,1
16732,0
111545,0
26131,0
84537,0
99035,0
108147,0
35699,0
95245,0
40504,1
36869,0
58519,1
61147,1
101655,0
100805,0
6613,1
58986,1
15546,0
54734,1
118398,0
112077,0
57069,1
15996,0
35796,0
37886,0
83006,0
88566,0
99250,0
19008,0
73058,1
30573,0
49962,1
111297,0
102065,0
31754,0
9403,1
118870,0
110100,0
111846,0
5906,0
83111,0
92064,0
15031,0
99915,0
20802,0
110639,0
85941,0
26326,0
53383,0
28374,0
49440,1
19306,0
75990,1
70141,1
111506,0
79175,0
45463,0
12899,1
16249,0
35489,0
50322,1
56962,1
66435,1
79274,0
54671,1
65198,1
62389,1
17947,0
16368,0
44960,0
15818,0
101719,0
61553,1
35514,0
9592,1
42782,1
70528,1
97580,0
115528,0
52382,0
90114,0
94786,0
4288,1
42173,0
81256,0
3108,0
22077,0
67049,1
118810,0
65188,1
15277,0
44198,0
110253,0
58418,1
18548,0
106291,0
112338,0
89995,0
33677,0
48235,1
74091,1
72350,1
45456,0
15934,0
48634,1
59088,1
63586,1
45542,0
117824,0
60425,1
69445,1
27781,0
97762,0
95656,0
7929,0
42577,0
91352,0
17113,0
57009,1
62744,1
57640,1
55846,1
21827,0
117367,0
96995,0
60032,1
13200,1
2596,0
2260,0
63340,1
41360,0
58394,1
61142,1
106005,0
909,1
110075,0
104261,0
70394,1
37286,0
104373,0
26188,0
115307,0
14429,0
65078,1
112770,0
79962,0
23623,0
11707,1
4126,0
54071,1
112094,0
62037,1
93781,0
63037,1
87654,0
73579,1
14308,0
42766,0
86134,0
77246,1
95258,0
115142,0
71003,1
17473,1
68764,1
4332,1
113292,0
111134,0
93251,0
54057,1
39133,0
49469,1
64230,1
5076,0
10552,1
35932,0
27642,0
27934,0
31143,0
102395,0
59494,1
40817,0
91775,0
43382,1
84705,0
104553,0
43996,0
69299,1
94,1
11152,1
77742,0
76984,0
9022,1
8956,1
55132,1
107835,0
61376,1
80454,1
13663,1
27552,0
99894,0
2252,0
34814,0
108478,0
108992,0
6406,1
93938,0
77857,0
27350,0
97096,0
14486,0
33268,0
18687,0
11786,1
36622,0
73493,1
2134,1
49937,1
14910,0
75455,1
65975,1
59112,1
114736,0
2099,0
23540,0
6385,1
39273,0
79677,0
47208,1
84874,0
70512,1
27339,0
112334,0
91997,0
19904,0
107514,0
46758,0
52306,1
959,0
60345,1
62467,1
109358,0
51277,1
21722,0
88490,0
23691,0
115066,0
46897,1
28859,0
48092,1
404,0
24669,0
90367,0
63876,1
14568,0
54906,1
108789,0
74518,1
89671,0
86152,0
14275,0
62571,1
110094,0
18191,0
37495,0
87052,0
4740,0
31256,0
86488,0
13288,1
29321,0
84281,0
87731,0
44256,1
112427,0
20871,0
61370,1
16343,0
109025,0
115495,0
12603,1
94651,0
70133,1
23778,0
69171,1
9213,1
61938,1
93255,0
80384,1
52224,1
30760,0
32309,0
53294,1
9397,1
8180,0
38023,0
37543,0
20356,0
7390,1
18136,0
30539,0
29370,0
51318,0
112114,0
42386,0
89642,0
60311,1
59636,1
11753,1
34828,0
34652,0
61267,1
114508,0
9891,1
92262,0
8323,1
106765,0
47384,1
108940,0
3069,0
39705,0
27169,0
42563,0
28393,0
49225,1
106324,0
1371,1
89115,0
112350,0
4839,0
17597,0
102377,0
46816,1
112572,0
13581,1
22806,0
16189,0
114947,0
97690,0
52105,1
29673,0
17798,0
3578,0
52965,1
86853,0
23389,0
29073,0
7473,1
86321,0
35298,0
91697,0
114114,0
24226,0
6883,1
26764,0
10657,1
118370,0
109271,0
28901,0
106989,0
113520,0
77523,0
44671,1
90410,0
3429,1
104126,0
54289,1
93729,0
52554,1
36098,0
16285,0
98447,0
4178,1
86995,0
70051,1
35144,0
49922,1
21407,0
81125,1
21136,0
91376,0
60818,1
15214,1
28115,0
95006,0
87255,0
90284,0
95458,0
95422,0
6391,1
60990,1
86890,0
31743,0
109018,0
63087,1
90009,0
95670,0
85533,0
44059,0
32902,0
19232,1
4264,1
22147,0
62603,1
102398,0
66261,1
49236,1
87214,0
103548,0
33422,0
33272,0
57081,1
67265,1
17065,0
106934,0
107743,0
4285,1
13795,1
78019,0
373,0
95448,0
109305,0
68548,1
47302,0
45253,0
21372,0
19519,0
96223,0
108472,0
71838,1
72812,1
25071,0
69133,1
6261,0
24627,0
80530,0
15986,0
29829,0
78588,0
54415,1
57739,1
1697,0
54355,1
115929,0
91354,0
24067,0
25443,0
20125,0
119289,0
3058,0
100809,0
68647,1
43231,0
28487,0
117845,0
118503,0
91011,0
35941,0
26828,0
17972,1
22296,0
31602,0
62810,1
6706,1
30963,0
59024,1
9645,1
40373,0
98298,0
27995,0
4902,1
51665,1
49341,1
34700,0
87463,0
108717,0
47194,1
25504,0
87691,0
14405,0
93263,0
86008,0
106135,0
88200,0
15166,1
31006,0
68125,1
107935,0
101131,0
39455,0
18846,0
115131,0
85362,0
61195,1
95018,0
79378,0
5641,1
17027,0
30024,0
45532,1
44177,0
5217,0
98468,0
14240,0
37021,0
75389,1
110204,0
108610,0
118611,0
16972,0
98454,0
16648,0
34877,0
33702,0
42476,0
1209,1
105974,0
42379,1
41831,0
72503,1
114895,0
60702,1
1411,0
79640,0
20204,0
57743,1
18991,0
3731,0
34445,0
27912,0
103228,0
106494,0
30265,0
91084,0
78226,0
110444,0
63369,1
25323,0
75444,1
111000,0
69088,1
67077,1
20442,0
107034,0
33266,0
63537,1
89719,0
59317,1
67422,1
18545,0
63472,1
23792,0
2089,0
9003,1
76273,1
91663,0
41205,1
86920,0
1149,1
53872,1
10917,1
52282,1
29737,0
88258,0
18594,1
22218,0
68195,1
69710,1
26312,0
43903,0
5424,1
3562,0
102471,0
40569,1
85216,0
64781,1
90935,0
67022,1
89312,0
46877,1
74078,1
61792,1
65513,1
21821,0
163,0
33597,0
33697,0
72908,1
96356,0
25890,0
55811,1
24858,0
101977,0
7557,1
93489,0
78023,0
2144,1
8293,1
59472,1
5413,1
36666,0
93588,0
70917,1
117223,0
90030,0
58409,1
67829,1
107110,0
43252,0
2125,0
57263,1
109657,0
53976,1
37738,0
40250,0
84466,0
105493,0
109604,0
71973,1
92145,0
5493,1
62415,1
110950,0
36855,0
87114,0
35773,0
42636,0
47565,1
34165,0
76426,1
64190,1
78497,0
107946,0
48206,1
31522,0
40332,1
53671,1
39220,0
69606,1
107074,0
38572,0
34687,0
97214,0
24167,0
104958,0
49866,1
32261,0
22163,0
95255,0
73658,1
31105,0
44544,1
85769,0
105381,0
55562,1
37861,0
17824,0
90573,0
3266,1
99798,0
119242,0
74009,1
11180,1
39033,0
11583,1
70443,1
88635,0
42886,1
81963,1
69652,1
35460,0
16016,0
84576,0
59580,1
97066,0
70137,1
39593,0
5993,1
7651,1
5292,1
98401,0
45068,0
24631,0
87156,0
84724,0
116372,0
2411,0
5686,0
62962,1
80840,1
90474,0
114889,0
78751,0
100206,0
57425,1
27472,0
90124,0
31181,0
93149,0
89201,0
68920,1
72392,1
9834,1
113283,0
14379,0
17391,0
95368,0
56154,1
58242,1
118980,0
19029,0
109103,0
516,1
52972,1
85364,0
24634,0
34502,0
8417,0
67230,1
27432,0
63936,1
49153,1
103566,0
43358,1
1815,0
74532,1
54102,1
5374,1
117951,0
32956,0
25999,0
110510,0
26925,0
103254,0
27265,0
87416,0
64976,1
102806,0
31217,0
91511,0
40664,1
84364,0
88767,0
48194,0
65628,1
24995,0
97664,0
11751,1
116281,0
80938,0
4216,1
88125,0
95388,0
12878,1
66063,1
99753,0
13152,1
97850,0
64704,1
35337,0
103148,0
116261,0
44732,1
38187,0
54897,0
35049,0
61316,1
69295,1
97124,0
15840,0
114369,0
70076,1
42455,0
112041,0
1813,0
98360,0
117460,0
20487,0
92676,0
16973,0
69928,1
117127,0
87385,0
13767,1
105774,0
18078,0
63189,1
107359,0
35361,0
10449,1
11885,1
6394,0
99324,0
39955,0
44314,1
64378,1
83291,0
58601,1
95931,0
14590,0
105417,0
107471,0
70287,1
94178,0
78913,0
28908,0
4648,1
94498,0
77355,1
14427,0
47127,1
36427,0
114618,0
24825,0
100164,0
45506,1
15666,1
27497,0
60316,1
5650,1
83274,0
78150,0
8647,1
14817,1
110317,0
48965,1
68358,1
105760,0
57857,1
91347,0
22934,0
86405,0
114887,0
28710,0
69361,1
43403,1
34152,0
62696,1
3222,0
103736,0
56108,1
22108,0
58654,1
14815,1
65754,1
107056,0
65131,1
42280,0
113118,0
52025,1
91962,0
91383,0
55411,1
11063,1
45038,1
71929,1
54644,1
10602,1
16358,1
43233,0
88551,0
59133,1
109728,0
90525,0
4840,0
48577,1
32252,0
41012,0
42543,0
118211,0
65873,1
39561,0
112799,0
27927,0
40557,0
6647,1
605,0
37233,0
66577,1
41247,1
103625,0
51196,1
42022,1
42071,1
831,1
80500,1
117628,0
95546,0
88329,0
38724,0
6475,1
67810,1
71493,1
79086,0
110376,0
50372,1
19981,0
10351,1
71858,1
119041,0
40624,1
28240,0
104268,0
81923,1
51629,1
24227,0
25324,0
112280,0
55855,1
107731,0
96232,0
22082,0
83382,0
80370,0
109094,0
94755,0
82361,1
23100,0
116648,0
96523,0
108917,0
64357,1
4210,1
86239,0
118396,0
101269,0
108702,0
85229,0
31014,0
5933,0
16304,0
6210,0
30695,0
75904,1
65919,1
62545,1
113448,0
43553,0
31007,0
77731,0
71304,1
12085,1
26944,0
104270,0
13713,1
55476,1
31301,0
41449,0
5674,1
41523,0
26648,0
38617,0
94232,0
72827,1
9659,1
92098,0
66482,1
94633,0
99238,0
93387,0
93072,0
24566,0
74184,1
88020,0
41082,0
35689,0
17411,0
53238,1
46237,0
74203,1
37821,0
67324,1
9377,1
118630,0
2573,0
100645,0
90438,0
51985,1
76738,0
114123,0
31372,0
19518,0
112516,0
63344,1
106422,0
37019,0
72008,1
104169,0
13213,1
11481,1
19574,0
69939,1
72526,1
74201,1
18160,0
97343,0
76733,0
1854,0
41991,0
28032,0
57720,1
109487,0
28562,0
98779,0
3422,1
73887,1
67080,1
22542,0
76522,1
51140,0
82781,1
75982,1
53305,0
10760,1
63036,1
13145,1
33778,0
116185,0
60813,1
54854,1
84888,0
63342,1
32989,0
24920,0
62625,1
89744,0
14332,1
7543,1
11074,1
114847,0
93113,0
113428,0
21485,0
73073,1
117823,0
1379,0
113245,0
28404,1
99037,0
93498,0
22166,0
23094,0
24855,0
60676,1
9296,1
1005,1
43884,1
20183,0
85303,0
34130,0
85621,0
2640,1
101626,0
71980,1
93321,0
56451,1
25241,0
76849,0
1913,1
88194,0
21453,0
46419,0
11887,1
33819,0
18061,0
89037,0
11701,1
77400,0
8240,1
117864,0
114864,0
73470,1
92028,0
29883,0
66384,1
64556,1
102166,0
79186,0
14106,0
65143,1
11724,1
77923,1
109030,0
84965,0
59353,1
108848,0
103942,0
41654,0
89517,0
62221,1
9113,1
100233,0
47117,0
50151,1
96755,0
70487,1
67991,1
14989,1
28522,0
7790,0
114849,0
85683,0
108051,0
66872,1
115616,0
22698,0
79530,1
74190,1
92305,0
27448,0
105179,0
35332,0
32606,0
51349,1
70190,1
48489,0
104926,0
19555,0
65560,1
21982,0
90622,0
31423,0
95957,0
4427,0
116965,0
8362,1
33042,0
93959,0
17545,0
105772,0
99828,0
57903,1
6775,1
51357,1
68525,1
70755,1
14659,0
3303,0
93697,0
62114,1
53730,1
398,0
107367,0
55901,1
15647,0
108887,0
99543,0
103336,0
119266,0
80591,0
85975,0
99410,0
91575,0
41634,0
27665,0
8577,1
47377,0
78709,0
31505,0
25997,0
92659,0
61306,1
1789,0
38714,0
57936,1
43491,0
27075,0
91484,0
96600,0
92922,0
54001,0
80674,0
112196,0
69530,1
54832,1
118438,0
27871,0
95494,0
103461,0
115765,0
107708,0
116327,0
61894,1
2021,0
34990,0
31317,0
84802,0
97322,0
101361,0
47986,1
83229,0
18392,0
51904,0
13147,1
16110,0
34417,0
118675,0
99252,0
71248,1
26454,0
29769,0
48441,1
106457,0
40095,1
109131,0
40272,1
61427,1
70681,1
115585,0
85012,0
66529,1
93631,0
214,0
22392,0
45733,1
101216,0
74827,1
95005,0
82290,0
40536,0
3191,0
60893,1
13598,1
33545,0
25867,0
10800,1
14877,1
98700,0
25195,0
65046,1
14622,0
84974,0
21962,0
78007,0
112258,0
67234,1
21394,0
54523,1
45545,0
104304,0
14040,0
61874,1
22436,0
33944,0
91339,0
21678,0
21989,0
7281,1
72840,1
83911,0
112612,0
33786,0
95284,0
103302,0
117302,0
25679,0
26247,0
97860,0
33856,0
15896,1
104855,0
21864,0
88261,0
23456,0
44833,0
60022,1
63418,1
98633,0
13232,1
104337,0
40728,1
99706,0
89350,0
91387,0
102340,0
77230,1
4745,0
84616,0
27900,0
93939,0
70848,1
3959,0
87800,0
83794,0
26510,0
12733,1
108657,0
109168,0
79757,0
61865,1
115593,0
38183,0
78418,1
4723,0
35744,0
16770,1
79857,1
95860,0
39508,0
107969,0
60269,1
73187,1
35589,0
67517,1
89931,0
27828,0
116483,0
51054,1
24557,0
88675,0
115867,0
102814,0
43229,1
115191,0
85846,0
86278,0
107472,0
28525,0
84758,0
33625,0
85554,0
44373,1
15177,1
24679,0
11987,1
74062,1
60976,1
66512,1
7223,1
94799,0
93661,0
109424,0
8418,0
91828,0
65352,1
93956,0
37830,0
81228,0
85793,0
30145,0
71485,1
54193,1
13398,1
43706,0
56781,1
79956,0
104466,0
100334,0
117972,0
91464,0
1153,0
73744,1
3165,1
105453,0
115615,0
29352,0
69029,1
33459,0
91029,0
19048,0
43481,1
118904,0
20704,0
15678,0
85460,0
14860,1
50613,0
70158,1
70911,1
26865,0
81059,1
52982,1
54752,1
15965,0
103811,0
27377,0
102002,0
25943,0
34827,0
68868,1
30399,0
39970,0
112810,0
5572,1
117626,0
61355,1
77430,0
61828,1
56293,1
14915,0
16688,1
93303,0
78526,0
96211,0
66650,1
64652,1
71933,1
103423,0
68218,1
83202,0
104109,0
53742,1
108378,0
43916,1
8723,0
56559,1
38987,0
93943,0
81182,0
51474,1
76600,0
4641,1
40733,0
42343,1
83819,0
93548,0
91207,0
70639,1
18075,0
34366,0
92832,0
19489,0
67309,1
81491,0
90039,0
22015,0
105193,0
45427,0
79167,0
22404,0
26098,0
100826,0
110578,0
58855,1
102602,0
56089,1
11894,1
54599,1
64384,1
109176,0
118694,0
49797,1
4772,0
25806,0
103498,0
79797,0
11065,1
3860,1
110040,0
40762,0
22566,0
63802,1
47398,0
34865,0
38585,0
97545,0
45955,1
32555,0
43117,0
60557,1
32909,0
67434,1
110124,0
22318,0
22634,0
119158,0
74157,1
80295,1
7796,1
35386,0
88544,0
67597,1
93876,0
116375,0
50420,1
45640,0
10331,1
86403,0
18766,0
6110,0
60407,1
44008,0
25651,0
62383,1
36738,0
38332,0
9920,1
60456,1
32321,0
79700,0
14517,0
35479,0
77622,0
31242,0
21712,0
45829,1
77323,1
956,0
64690,1
25768,0
67372,1
116425,0
96276,0
24117,0
51593,0
39076,0
92272,0
88140,0
39392,0
114022,0
43939,1
94266,0
62496,1
118406,0
93640,0
9707,1
74702,0
71418,1
24701,0
90045,0
34879,0
15571,0
67918,1
118751,0
9416,1
73502,1
88559,0
69078,1
59849,1
39171,0
55431,1
4441,1
22402,0
46421,1
74351,1
62376,1
15518,0
24651,0
63847,1
97734,0
88945,0
104963,0
86617,0
116291,0
78115,0
22208,0
47010,1
95677,0
108175,0
112791,0
9694,1
68243,1
47974,1
44734,1
104872,0
11929,1
112914,0
32304,0
89999,0
5389,1
11997,1
118379,0
112163,0
105817,0
110868,0
114878,0
118333,0
40080,1
41288,1
73369,1
21851,0
22094,0
43228,0
48444,0
40609,1
22785,0
119340,0
43317,1
80246,0
110956,0
39839,0
58763,1
22865,0
108289,0
95685,0
37070,0
32089,0
60134,1
41583,0
66653,1
110323,0
8224,0
56680,1
108483,0
62722,1
44700,1
11185,1
57667,1
98217,0
109916,0
51361,1
2060,0
48018,1
698,1
61482,1
18312,0
23805,0
22299,0
2641,1
29480,0
91833,0
10020,1
33131,0
47764,0
87925,0
112183,0
28984,0
31293,0
80954,0
41255,0
92930,0
483,0
65361,1
46925,0
31951,0
109341,0
10617,1
57512,1
52963,1
61681,1
97828,0
27628,0
69528,1
37232,0
43586,0
113592,0
90222,0
93159,0
71407,1
57814,1
2841,0
92503,0
3745,1
47259,0
96989,0
22627,0
36456,0
3523,1
40466,1
2096,0
5953,1
105545,0
40565,1
41420,0
42174,0
7144,1
42710,0
106625,0
72499,1
84167,0
109727,0
10896,1
42082,0
60147,1
28795,0
34369,0
53205,1
113703,0
46282,0
51081,1
20237,0
118711,0
116917,0
78113,0
71648,1
39502,0
16005,0
31638,0
84497,0
92372,0
5077,0
19570,0
107344,0
66714,1
100423,0
22790,0
20619,0
49923,1
94674,0
97324,0
6099,0
1044,1
41066,0
31297,0
30646,0
76704,0
64376,1
82329,0
21065,0
111561,0
41158,0
72672,1
53135,1
97012,0
99579,0
9781,1
102937,0
15791,0
87172,0
30022,0
89537,0
79920,0
58474,1
67759,1
106074,0
51292,1
50370,1
74981,1
75657,1
71752,1
62531,1
74619,1
81041,1
35723,0
43684,0
17540,0
119033,0
45948,1
21134,0
77759,0
71344,1
97611,0
114510,0
93431,0
11273,1
7212,1
110467,0
95956,0
80821,0
90658,0
99092,0
55229,1
85438,0
93331,0
85434,0
67494,1
20939,0
31265,0
79730,1
56555,1
109137,0
104781,0
43170,0
82007,1
115328,0
8318,0
24800,0
73300,1
91212,0
58428,1
99574,0
44441,1
94977,0
15303,0
78706,0
106492,0
79197,0
104474,0
115681,0
1375,1
107166,0
63518,1
46956,1
21195,0
98004,0
67256,1
3218,0
14502,0
41522,0
75626,1
77562,0
80030,0
37904,0
115741,0
37410,0
3994,0
432,0
49738,0
78046,0
35697,0
35409,0
11404,1
71092,1
49607,1
57247,1
28153,0
25434,0
91386,0
29594,0
65401,1
5822,0
106401,0
76501,1
6232,1
2138,0
28952,0
24892,0
71853,1
49517,1
93135,0
1178,0
55180,1
109955,0
45521,0
47938,0
89546,0
9763,1
9389,1
115096,0
82801,1
45347,0
28651,0
98051,0
82681,0
36401,0
95570,0
63203,1
90710,0
54258,0
21243,0
114867,0
52845,1
44970,0
52893,1
70742,1
107798,0
42504,1
9092,1
83844,0
108442,0
96665,0
13583,1
52383,0
9641,1
107980,1
42029,1
70536,1
28182,0
108555,0
62881,1
66014,1
29564,0
65157,1
19698,0
36946,0
70644,1
70777,1
63405,1
100759,0
103092,0
2202,1
41542,0
71971,1
47474,1
94495,0
111189,0
104978,0
96040,0
103916,0
5949,1
16895,0
79106,0
17826,0
25810,0
99541,0
28085,0
67935,1
94912,0
62164,1
28929,0
9646,1
78924,0
9824,1
65104,1
52989,1
93555,0
66812,1
48868,0
89411,0
76605,0
63932,1
107897,0
70023,1
101117,0
70485,1
26913,0
75391,1
114450,0
107482,0
22356,0
78388,0
1682,0
114808,0
61222,1
12836,1
110700,0
37816,0
53441,1
103785,0
114017,0
55863,1
7423,1
98168,0
106469,0
22107,0
18767,0
339,0
66952,1
51462,1
61841,1
76450,1
75350,1
23127,0
11176,1
31822,0
100950,0
35188,0
38230,0
46095,1
79008,0
59953,1
20726,0
93796,0
17352,0
52310,1
8600,1
49285,0
55243,1
47667,1
96173,0
85989,0
25269,0
43181,0
53198,1
16935,0
117021,0
96171,0
37637,0
26538,0
78237,1
93342,0
82598,0
79260,1
52203,1
67107,1
44788,0
10557,1
17401,0
3346,1
72518,1
91334,0
85996,0
77974,0
73593,1
5966,1
85070,0
97997,0
80879,0
112122,0
10072,1
79384,0
21385,0
9368,0
56774,1
114548,0
75440,1
89261,0
70484,1
47629,1
30552,0
9703,1
29241,0
38780,0
17720,0
11598,1
27948,0
103267,0
3468,0
5327,1
79731,1
64010,1
40954,0
28678,0
73674,1
105183,0
77073,0
113921,0
63057,1
118184,0
61853,1
85346,0
46228,0
48107,1
33777,0
15233,0
90430,0
47597,1
66818,1
25325,0
55890,1
37136,0
81768,1
77250,1
64445,1
64356,1
76653,0
42276,0
48025,0
24870,0
38811,0
12551,1
44689,0
44433,1
28817,0
7065,1
106558,0
6545,1
101558,0
115129,0
75492,1
100582,0
110756,0
109350,0
115226,0
109040,0
59124,1
27671,0
29332,0
28103,0
84993,0
113097,0
53295,1
23241,0
42141,0
8883,1
23154,0
60049,1
51253,1
102945,0
100718,0
8712,1
51207,1
2539,1
44195,0
108016,0
8707,0
30132,0
103778,0
37102,0
26725,0
94034,0
60222,1
105778,0
87930,0
18473,0
10023,1
44662,0
92951,1
30159,0
29008,0
29335,0
834,1
87144,0
86769,0
45272,0
69210,1
50030,1
69322,1
60128,1
6360,1
14520,0
34320,0
67932,1
95669,0
50655,1
4524,1
53914,0
97454,0
113634,0
46267,1
84547,0
21348,0
24401,0
58559,1
84428,0
87278,0
28241,0
30726,0
20876,0
56593,1
83624,0
28224,0
70208,1
2924,0
108989,0
33011,0
37379,0
58077,1
69164,1
111803,0
113034,0
112967,0
29244,0
877,0
50740,1
111558,0
11984,1
62052,1
53553,1
47877,1
30968,0
45514,1
49353,0
34689,0
80253,0
23561,0
33901,0
23912,0
97073,0
47590,1
65336,1
8132,1
79239,1
32620,0
46136,0
54695,1
66448,1
90957,0
48345,1
116570,0
63424,1
74490,1
47375,0
47557,1
4871,1
6412,1
7523,1
61162,1
12636,1
107649,0
117935,0
35933,0
116569,0
41461,0
29369,0
60795,1
86869,0
43652,0
16821,1
117233,0
15756,1
18454,0
38964,0
7581,1
118869,0
15242,0
8779,1
61214,1
38399,0
63943,1
87716,0
59129,1
106827,0
119150,0
26240,0
33553,0
116007,0
2227,0
67125,1
107887,0
99680,0
86992,0
5629,1
87807,0
98261,0
89511,0
39956,0
114066,0
105992,0
93566,0
6442,1
281,0
52644,1
31808,0
20447,0
4764,0
97992,0
70071,1
45748,1
101906,0
13219,1
8507,1
103691,0
98964,0
108612,0
33034,0
27354,0
75425,1
95152,0
14806,1
30797,0
29337,0
92120,0
14956,0
3730,1
111208,0
49106,1
49082,1
102557,0
15321,1
84995,0
92834,0
23261,0
48595,1
107269,0
81976,1
12118,1
26371,0
33751,0
2759,0
95530,0
112446,0
110602,0
51511,1
13520,1
81153,0
100796,0
49992,1
36682,0
93848,0
4643,1
114969,0
59045,1
66066,1
3190,0
5055,1
28512,0
104292,0
31266,0
83550,0
11710,1
507,0
104659,0
84589,0
118743,0
11170,1
37889,0
85673,0
7091,1
46801,1
90755,0
61107,1
56720,1
19765,0
25797,0
113856,0
73884,1
52402,1
6702,0
21756,0
52225,1
118582,0
13871,0
12068,1
60259,1
62060,1
81203,0
9634,1
32472,0
39115,0
107963,0
103047,0
55296,1
82408,0
102082,0
56601,1
27631,0
62876,1
95975,0
113170,0
105281,0
30925,0
91306,0
71972,1
100262,0
65843,1
79377,0
54565,1
2328,1
81685,0
91850,0
97922,0
66754,1
82524,0
46410,1
89800,0
27487,0
12629,1
91267,0
92231,0
91655,0
85178,0
73067,1
15227,0
106021,0
21215,0
39295,0
114189,0
118825,0
76345,0
21599,0
35967,0
87284,0
38357,0
74484,1
63208,1
19679,0
75161,1
35810,0
27341,0
31026,0
34674,0
42788,1
110967,0
28668,0
96917,0
111539,0
41408,1
8992,1
53063,1
15095,1
107374,0
99166,0
115687,0
105383,0
50991,1
72052,1
100053,0
41815,0
22848,0
70964,1
1111,1
86315,0
40385,0
71175,1
22573,0
16482,0
101450,0
92328,0
86310,0
79361,0
116572,0
17185,0
31497,0
39575,0
46366,1
29334,0
91066,0
57526,1
95684,0
5714,1
69754,1
48610,1
30033,0
69773,1
90868,0
75059,1
1533,0
107706,0
59915,1
67091,1
37074,0
12533,1
52930,1
11029,1
55591,1
14676,0
48243,1
73540,1
8657,1
24291,0
116986,0
87749,0
79319,0
9637,1
87631,0
35973,0
92329,0
114545,0
109761,0
94252,0
58335,1
76199,0
63630,1
60803,1
108924,0
3866,0
84389,0
90153,0
105136,0
21942,0
72361,1
1529,0
64680,1
106648,0
112489,0
23975,0
46911,0
41723,1
24127,0
13891,0
54904,0
82582,0
86364,0
9930,1
74041,1
40739,0
44164,0
98275,0
75737,1
20023,0
9911,1
29333,0
94128,0
96608,0
81410,0
80402,1
60450,1
82371,1
113162,0
68495,1
36396,0
113682,0
84194,0
25846,0
44383,0
102301,0
39860,0
7218,1
8596,1
16829,0
23605,0
73305,1
24215,0
53463,1
38123,0
75742,1
23708,0
111867,0
76969,1
80869,0
107787,0
97963,0
29718,0
94760,0
112112,0
23633,0
31015,0
46329,1
103193,0
29738,0
33219,0
47832,0
70895,1
5060,0
68188,1
48993,1
65890,1
98630,0
63014,1
48467,1
112483,0
72369,1
22885,0
59563,1
6951,1
72375,1
111291,0
22751,0
79172,0
26691,0
84599,0
118464,0
25607,0
111135,0
68724,1
10968,1
101214,0
20449,0
66733,1
107443,0
9818,1
180,0
33923,0
33060,0
74124,1
82004,1
62507,1
113171,0
43730,0
63724,1
28203,0
30759,0
81539,1
110133,0
111097,0
100585,0
62510,1
90366,0
36896,0
14386,0
8878,1
62189,1
115711,0
71707,1
87262,0
65052,1
44260,0
69232,1
83215,0
87992,0
112118,0
33793,0
35266,0
42410,1
27913,0
16250,0
63940,1
35512,0
74645,1
108598,0
91390,0
68142,1
2234,1
70671,1
79645,0
70646,1
73570,1
28772,0
13176,1
42839,1
93472,0
91576,0
47549,0
37771,0
89116,0
39898,0
73425,1
5176,1
21776,0
35013,0
59986,1
109978,0
93980,0
3756,1
82560,0
86659,0
58849,1
88499,0
28695,0
98868,0
66604,1
103764,0
65105,1
111993,0
64029,1
56263,1
37143,0
115516,0
79868,1
80491,1
106500,0
7520,1
55732,1
81389,0
91470,0
106597,0
7953,1
44917,1
25258,0
61073,1
36085,0
47154,1
100285,0
104795,0
185,0
80292,1
66893,1
92078,0
82435,0
86997,0
55676,1
117750,0
104381,0
25616,0
90427,0
63147,1
57753,1
116160,0
56769,1
116728,0
29622,0
6869,1
30725,0
93822,0
110350,0
85897,0
11457,1
51192,0
32733,0
98536,0
61878,1
75216,1
76511,1
107643,0
96615,0
89877,0
77458,0
92095,0
56820,1
89616,0
11278,1
16257,1
80015,0
71073,1
45026,1
38537,0
43724,0
82655,0
46648,0
82318,0
42640,0
57995,1
71582,1
103142,0
47551,1
40371,0
32787,0
61750,1
108931,0
6792,1
104618,0
98611,0
1234,0
5738,1
33600,0
96749,0
101652,0
33826,0
82526,0
56777,1
68202,1
109602,0
25049,0
56909,1
57799,1
2466,1
19544,0
43879,0
89320,0
52460,1
32679,0
44770,0
74516,1
2903,0
99801,0
69802,1
49765,1
63911,1
103395,0
76491,1
108297,0
75961,1
68969,1
94907,0
24694,0
86803,0
116378,0
19718,0
73070,1
88693,0
53712,1
37709,0
113471,0
101542,0
79372,0
59014,1
9715,1
98551,0
99578,0
37768,0
109655,0
106747,0
15482,0
41419,0
97924,0
76961,1
29983,0
74891,1
44816,1
99258,0
83625,0
66787,1
51373,1
40829,1
111764,0
109954,0
40162,0
62368,1
79498,1
19320,0
50835,0
92777,0
95200,0
109910,0
55884,1
93214,0
85889,0
21162,0
54326,1
103418,0
64067,1
52478,1
56445,1
22367,0
91588,0
119221,0
18893,0
103654,0
751,1
53923,1
67986,1
40409,0
13966,0
81541,1
72839,1
105604,0
51383,1
102630,0
113080,0
77710,0
26953,0
81678,1
14730,1
62971,1
15995,1
58897,1
55121,1
29284,0
12097,1
64753,1
91839,0
70067,1
94463,0
88774,0
43588,0
2360,0
79477,0
64779,1
405,0
67103,1
20296,0
21161,0
103374,0
14738,1
85895,0
110101,0
47888,1
90102,0
14062,0
66519,1
93246,0
14441,0
4755,0
49844,0
117365,0
12437,1
79986,0
83278,0
102980,0
79701,0
69572,1
80161,1
5842,1
13205,1
76142,1
77525,0
3877,1
114748,0
48562,1
97318,0
61019,1
42581,0
8149,0
29717,0
20919,0
90673,0
104571,0
80528,0
72315,1
91227,0
94577,0
36825,0
35533,0
115675,0
73183,1
61721,1
31949,0
39813,0
52561,1
97041,0
90300,0
40774,1
87597,0
43515,0
77520,1
79536,1
63918,1
119059,0
102555,0
76869,1
41080,0
13468,1
93860,0
96644,0
59066,1
2697,0
17993,0
116288,0
61337,1
77336,0
81461,0
5682,1
29136,0
63161,1
94028,0
41143,1
99237,0
75566,0
23341,0
28616,0
81027,1
40182,1
35211,0
69506,1
61875,1
50245,1
13560,1
27892,0
54660,1
9237,1
81450,0
69380,1
90973,0
67553,1
119009,0
5747,1
35217,0
53386,1
84838,0
76358,0
12375,1
49665,1
46153,0
115291,0
79063,0
103879,0
76834,1
97280,0
24593,0
25893,0
26274,0
25096,0
22964,0
22496,0
6404,1
42973,0
5835,1
23162,0
53016,1
77834,0
78582,0
51755,1
43574,0
77957,0
37123,0
51653,1
60916,1
22317,0
61456,1
56932,1
10511,1
3979,1
119371,0
75335,1
10858,1
59635,1
117382,0
75113,1
10496,1
116118,0
16369,0
63973,1
57788,1
36163,0
74256,1
50068,1
102624,0
80050,0
84999,0
84146,0
110315,0
37923,0
51000,1
67339,1
7360,1
25440,0
63042,1
96675,0
56514,1
78793,0
67625,1
46756,1
38764,0
83512,0
13052,1
11790,1
85725,0
97724,0
107948,0
13534,1
20422,0
44073,0
94016,0
67335,1
109765,0
59102,1
98994,0
3751,1
35573,0
36929,0
41838,1
10051,1
13556,1
44237,0
107876,0
13996,0
65522,1
11062,1
105113,0
26986,0
2698,1
118086,0
72344,1
107141,0
23471,0
95187,0
76326,0
55746,1
78461,0
13964,0
51066,0
19268,0
2808,0
84571,0
104995,0
71544,1
66321,1
91754,0
68971,1
62706,1
42302,0
16341,0
8983,1
49321,1
94328,0
109360,0
104918,0
26290,0
89155,0
56309,1
60898,1
13298,1
61848,1
73465,1
69930,1
31779,0
6728,1
33436,0
108197,0
78014,0
29208,0
9265,1
66834,1
95384,0
77427,0
34487,0
31432,0
69054,1
107779,0
37015,0
67691,1
54935,1
239,0
6825,1
95229,0
113980,0
6962,1
23576,0
94793,0
63563,1
67568,1
27762,0
118080,0
9594,1
71655,1
16765,0
71554,1
80364,1
52033,1
17645,0
79541,1
70039,1
53495,1
68473,1
45001,1
98269,0
53041,1
58256,1
929,1
118994,0
49457,1
40124,1
14756,1
66772,1
3774,1
44817,1
10060,1
17738,0
32504,0
93418,0
2885,0
34929,0
89325,0
83620,0
66058,1
95194,0
116123,0
99151,0
60137,1
74324,1
16437,0
100993,0
89787,0
81069,1
69952,1
51925,0
73053,1
116567,0
60401,1
20961,0
46053,1
385,0
92594,0
114252,0
61918,1
71058,1
36567,0
9402,1
1425,0
7070,1
15622,1
114366,0
74173,1
15808,0
14849,1
101973,0
65885,1
63017,1
57446,1
9567,1
91738,0
39598,0
32251,0
51377,1
115723,0
16757,0
45930,0
66723,1
570,0
110079,0
87747,0
114647,0
77529,0
75681,1
58451,1
114117,0
80696,0
77485,1
74767,0
31914,0
113627,0
45778,0
24787,0
39078,0
82136,1
41613,0
19348,1
78171,0
57613,1
79316,1
59006,1
7546,1
57674,1
90121,0
84787,0
99180,0
40302,0
59154,1
59197,1
93160,0
86471,0
9209,1
109362,0
21455,0
95953,0
55868,1
95020,0
99011,0
83037,0
104937,0
9939,1
118470,0
30144,0
81993,1
56841,1
43012,0
118268,0
96738,0
52092,1
116068,0
117991,0
31774,0
38700,0
17236,0
73528,1
101781,0
94887,0
1689,1
37125,0
40955,0
60114,1
5950,0
66563,1
33636,0
72603,1
24047,0
80436,1
51978,0
28829,0
21378,0
101135,0
65573,1
14396,0
19443,0
91300,0
55830,1
88185,0
94976,0
89461,0
111199,0
85778,0
114152,0
48365,1
36442,0
58429,1
96561,0
61560,1
113076,0
84334,0
77143,0
23011,0
67923,1
17406,0
45759,1
50342,1
141,0
23134,0
38826,0
41589,0
16826,0
53321,1
82559,0
70504,1
60955,1
106487,0
182,0
89964,0
28559,0
95665,0
71713,1
13046,1
111484,0
69424,1
9338,1
96139,0
72118,1
27183,0
22872,0
67137,1
16034,0
91161,0
30553,0
86699,0
62199,1
6057,1
18603,1
74010,1
71237,1
2667,1
23420,0
59434,1
73708,1
59662,1
15762,1
96983,0
86932,0
68782,1
59950,1
55819,1
44953,1
72130,1
41856,0
113523,0
9359,1
11504,1
49207,1
62736,1
55284,1
35309,0
66326,1
9590,1
102286,0
64660,1
110629,0
106711,0
83940,0
53510,1
62832,1
10736,1
48291,1
85649,0
107878,0
8917,1
15051,0
81863,1
101506,0
37631,0
3682,0
77342,1
106659,0
87940,0
109691,0
28377,0
99275,0
61320,1
39185,0
921,1
81926,1
14074,0
64646,1
100263,0
10226,1
48149,1
32885,0
115123,0
106453,0
20031,0
68411,1
54256,1
67589,1
32851,0
76143,1
75103,1
22760,0
57315,1
92055,0
109824,0
10538,1
1671,0
111639,0
91119,0
31632,0
13168,1
100756,0
50066,1
64577,1
101623,0
16985,0
45168,0
17136,0
36749,0
68489,1
41607,0
115327,0
70479,1
10833,1
32624,0
41087,0
28003,0
36277,0
85767,0
20014,0
97450,0
109770,0
8462,1
38853,0
2686,0
4443,1
98259,0
93568,0
60892,1
108464,0
31556,0
20141,0
17266,1
66591,1
28150,0
98245,0
71032,1
28992,0
50818,1
86161,0
60369,1
30375,0
62269,1
31072,0
81170,0
83385,0
81544,1
789,1
4082,1
41826,0
64649,1
32995,0
8072,1
98391,0
54984,1
119336,0
29119,0
63806,1
31156,0
91070,0
106739,0
31237,0
28774,0
17765,0
29476,0
63159,1
117876,0
89454,0
17987,0
17494,0
100332,0
86026,0
37833,0
44642,1
41905,0
22177,0
90013,0
84306,0
13786,1
6558,0
11799,1
90677,0
99337,0
70469,1
8547,0
50146,1
15900,0
87951,0
90727,0
38937,0
95987,0
7103,1
29411,0
51786,1
106398,0
53024,1
86348,0
63027,1
71830,1
53640,1
69641,1
61550,1
82980,0
11453,1
19191,1
19492,0
73729,1
66994,1
72337,1
12400,1
77491,0
78394,0
78477,0
37437,0
52023,1
38813,0
97662,0
1915,0
106538,0
46382,1
3246,0
56920,1
8520,1
77319,0
544,1
104935,0
93458,0
19736,0
50811,1
110564,0
109505,0
91735,0
102523,0
22995,0
18144,0
36765,0
100542,0
30431,0
98649,0
53265,1
14039,0
112495,0
27730,0
76377,0
69596,1
88004,0
97737,0
96709,0
90629,0
119133,0
57392,1
43391,1
99802,0
48895,1
98620,0
7321,1
107396,0
49216,0
63254,1
108123,0
91671,0
109637,0
31032,0
13299,1
13631,1
188,0
53956,1
100182,0
22393,0
36928,0
97121,0
53903,1
4699,0
112990,0
50909,1
40704,0
46002,0
19713,0
29491,0
30434,0
91794,0
29468,0
19929,0
40236,1
77751,0
23874,0
82456,1
110819,0
97926,0
76596,1
26755,0
8757,0
108766,0
99996,0
106038,0
106789,0
38841,0
26251,0
36449,0
70782,1
116279,0
76145,1
24962,0
76403,0
20548,0
44808,1
75378,1
111487,0
35416,0
114179,0
79200,1
75142,1
4759,0
57662,1
39334,0
48561,1
103009,0
31535,0
54879,1
112185,0
65697,1
15164,1
54251,1
83239,0
48800,1
73254,1
88535,0
33656,0
9859,1
113571,0
86352,0
15381,0
15077,1
95485,0
58659,1
91475,0
86746,0
37693,0
33868,0
27777,0
24211,0
56521,1
95829,0
75077,1
32158,0
50172,1
9015,1
81169,0
27208,0
967,1
3944,0
30126,0
3071,0
34722,0
39764,0
111044,0
110666,0
103706,0
3780,1
65772,1
56110,1
107119,0
23789,0
14313,0
103662,0
31657,0
88155,0
46619,0
81211,0
66020,1
92760,0
88498,0
64124,1
99619,0
10471,1
41645,0
113234,0
99172,0
74134,1
3974,1
47657,1
92878,0
16924,0
48459,1
57837,1
95182,0
4413,1
108827,0
21070,0
104320,0
11578,1
57816,1
56546,1
90196,0
110230,0
36441,0
109268,0
117145,0
80540,0
24155,0
41030,0
25493,0
14078,0
65101,1
18953,0
953,1
101801,0
66609,1
58478,1
23586,0
33879,0
5589,0
73227,1
78595,0
60853,1
32133,0
45386,0
62833,1
87010,0
80110,1
80767,1
63120,1
72,0
55858,1
27649,0
40043,0
76457,1
14376,0
60602,1
31500,0
59165,1
24706,0
91689,0
29446,0
40669,0
43456,1
95614,0
113408,0
94480,0
29014,0
116724,0
72214,1
74979,1
118105,0
10946,1
107595,0
46511,0
79872,0
117782,0
59735,1
39308,0
104556,0
7119,1
117360,0
63268,1
88233,0
21640,0
56838,1
87625,0
9566,1
77082,0
35314,0
79230,1
8870,1
108305,0
19387,0
4757,0
31716,0
52126,1
36073,0
9293,1
97964,0
103207,0
41987,1
53281,1
17642,0
61031,1
59164,1
46198,0
102740,0
113248,0
111958,0
39606,0
43779,0
100077,0
15173,1
79929,0
103744,0
48478,1
66248,1
116946,0
3793,1
8512,1
62029,1
80250,0
93749,0
67732,1
109736,0
41608,0
44717,0
97293,0
103966,0
101239,0
34054,0
5528,1
6517,1
57873,1
67853,1
16370,0
96703,0
1265,0
67497,1
39296,0
57293,0
88723,0
44619,0
102648,0
32030,0
50310,1
62695,1
64435,1
117977,0
114455,0
115021,0
100962,0
34641,0
31460,0
26423,0
12435,1
6772,1
82387,1
72292,1
45958,1
5665,1
107610,0
97933,0
47493,0
11418,1
53071,1
73307,1
17978,0
17010,0
57771,1
36403,0
82058,0
13051,1
2843,0
22868,0
85666,0
81281,0
28462,0
91917,0
116486,0
92267,0
44085,1
40472,1
49205,1
17403,0
86607,0
86801,0
113897,0
116313,0
4365,0
77048,1
81795,1
84467,0
37134,0
96736,0
60761,1
41757,0
47313,1
35850,0
93139,0
12752,1
11378,1
3573,0
9039,1
28476,0
98931,0
81777,1
58838,1
25855,0
32200,0
40963,0
28733,0
65789,1
49296,1
6674,1
407,0
103582,0
75554,0
104040,0
68516,1
39879,0
100613,0
66564,1
73114,1
105736,0
62633,1
67127,1
108183,0
20553,0
89924,0
63678,1
23621,0
53621,1
36170,0
103485,0
108202,0
25211,0
61407,1
45927,0
117711,0
113367,0
16579,0
84983,0
94532,0
49396,1
28534,0
69890,1
2566,0
66173,1
115164,0
61724,1
106427,0
16083,0
4557,0
17873,0
1997,1
59672,1
56974,1
43732,0
111489,0
55389,1
3056,0
76159,1
9976,1
2555,0
118621,0
106076,0
17732,0
30486,0
92622,0
6084,0
112792,0
64119,1
33072,0
42490,0
78427,0
100956,0
114414,0
53554,1
77019,0
84970,0
40002,0
87454,0
85380,0
73259,1
11643,1
84486,0
92068,0
117122,0
73454,1
25993,0
43339,1
68702,1
106948,0
46981,1
5531,0
82108,0
40406,1
33648,0
87828,0
82831,1
6452,1
1113,1
50139,1
108473,0
118001,0
86649,0
91860,0
43079,0
108210,0
85903,1
70747,1
40964,0
54,0
84923,0
118108,0
66500,1
52541,1
67380,1
53638,1
8004,1
25964,0
35321,0
94878,0
36029,0
114631,0
101968,0
93549,0
103678,0
29343,0
23502,0
7502,1
20606,0
10387,0
341,0
13455,1
59610,1
72143,1
77204,0
21511,0
69106,1
14087,0
71630,1
54184,1
105972,0
11440,1
100917,0
55466,1
35014,0
92109,0
67444,1
26094,0
12673,1
45647,0
16964,0
39479,0
47395,1
87247,0
109506,0
108418,0
47104,0
5004,1
30077,0
85861,0
28212,0
102130,0
80518,0
3237,1
103816,0
25682,0
41092,0
60188,1
35590,0
116328,0
74269,1
109891,0
6980,1
105732,0
77577,0
56628,1
98421,0
98742,0
53486,1
46000,1
857,1
98438,0
44685,0
84120,0
57834,1
7189,1
62355,1
85701,0
70206,1
78396,0
15968,0
39809,0
60661,1
104138,0
64030,1
112299,0
104888,0
76667,0
77797,0
48819,1
7123,1
53436,1
12657,1
114498,0
104061,0
40804,0
112291,0
97090,0
24637,0
9264,1
13177,1
87281,0
2834,0
52609,0
2365,0
50119,1
3802,0
63717,1
40163,0
66720,1
52426,1
13782,1
19924,0
42914,0
102052,0
25087,0
117198,0
91275,0
111408,0
115535,0
58196,1
119359,0
106867,0
46250,0
98484,0
22822,0
87250,0
70869,1
117568,0
765,0
118549,0
59447,1
118598,0
42541,1
50864,0
74660,1
85993,0
70007,1
79936,1
57083,1
73270,1
456,0
29625,0
18859,0
25497,0
53134,1
56714,1
50295,1
24932,0
530,1
111492,0
96793,0
85250,0
59529,1
28658,0
29958,0
82630,0
79142,0
93892,0
37910,0
94460,0
97880,0
40394,0
250,0
39640,0
36936,0
116306,0
73962,1
18967,0
47299,1
48285,1
287,1
97877,0
23119,0
38076,0
42325,1
45282,0
4652,1
99710,0
10036,1
116156,0
3377,1
22469,0
26294,0
51512,1
87407,0
7107,1
41807,1
8282,0
106660,0
72091,1
28664,0
33107,0
5068,0
13588,1
12554,1
44013,1
97007,0
10384,1
4614,1
78222,1
7315,1
87365,0
93728,0
25718,0
57766,1
68249,1
39036,0
17686,0
69718,1
81051,1
114805,0
79140,0
95710,0
46737,1
50041,1
95434,0
60819,1
115175,0
90771,0
86016,0
87424,0
83817,0
100476,0
101161,0
112586,0
65280,1
114893,0
94810,0
68479,1
113038,0
83678,0
45983,0
84395,0
58387,1
65165,1
106954,0
108067,0
111839,0
93675,0
26172,0
30043,0
78359,0
63885,1
117420,0
105980,0
30413,0
69249,1
76361,0
116510,0
34096,0
40319,0
80028,1
97137,0
83951,0
62711,1
44394,1
116666,0
117003,0
56469,1
115541,0
95503,0
76743,1
63723,1
84761,0
12477,1
57250,1
21629,0
92569,0
50375,1
60065,1
62433,1
93530,0
90330,0
52774,1
50959,0
77357,1
57630,1
50313,1
98039,0
44867,0
49413,1
15388,0
55081,1
103218,0
19277,0
93312,0
91453,0
60331,1
98873,0
115792,0
115135,0
100735,0
78609,0
44512,0
90415,0
2602,0
117978,0
74493,1
31415,0
33690,0
76274,1
104274,0
31537,0
10853,1
59633,1
50073,1
68083,1
104377,0
113279,0
43703,0
12950,1
29724,0
107682,0
3789,1
18189,0
56621,1
36948,0
112319,0
32495,0
33734,0
68627,1
29198,0
98792,0
36829,0
118261,0
86883,0
67656,1
87541,0
113351,0
6500,1
43401,0
4844,0
15265,0
74942,1
74259,1
56332,1
48406,1
35758,0
3596,1
1587,1
108901,0
117470,0
8634,1
72425,1
30112,0
115791,0
95328,0
37918,0
109145,0
117052,0
101059,0
95862,0
97213,0
57116,1
16608,0
62572,1
49707,1
6523,0
33976,0
79712,1
21051,0
24128,0
93351,0
118168,0
30256,0
62849,1
66734,1
101096,0
32600,0
33250,0
73823,1
101371,0
71650,1
6384,1
68652,1
107300,0
54399,1
99527,0
86100,0
101295,0
88874,0
56172,1
32791,0
95815,0
85697,0
87739,0
74067,1
50333,1
35507,0
31327,0
106831,0
80885,0
4712,1
88190,0
114971,0
59035,1
47176,1
86455,0
10722,1
29948,0
106523,0
115634,0
90874,0
59883,1
98907,0
109023,0
91378,0
90145,0
115133,0
23360,0
65084,1
69477,1
11916,1
82613,0
111324,0
43512,0
60822,1
26059,0
73143,1
8265,1
45402,0
64633,1
56883,1
110165,0
108496,0
66351,1
47137,1
11346,1
29803,0
48802,1
38087,0
34241,0
43315,0
81104,1
55520,1
12883,1
54066,1
91527,0
118361,0
25363,0
68736,1
35156,0
7815,1
69002,1
56575,1
91017,0
25777,0
72726,1
26283,0
29868,0
91889,0
84506,0
51547,1
59273,1
63552,1
67002,1
54581,1
46208,0
89457,0
29812,0
1131,0
101188,0
44499,0
70666,1
41601,0
8995,1
95450,0
97638,0
19882,0
8413,1
97951,0
15039,1
115374,0
119200,0
35736,0
84475,0
77813,0
105563,0
30793,0
37936,0
17002,0
2541,0
11425,1
39667,0
42405,0
16652,0
113526,0
11444,1
23650,0
4346,1
29222,0
89379,0
1250,0
22828,0
33968,0
5896,1
43180,0
62116,1
54501,1
102783,0
42292,1
29396,0
90218,0
89958,0
11154,1
86878,0
311,0
57928,1
26784,0
47638,1
32551,0
102196,0
73709,1
119347,0
48320,1
33773,0
30887,0
104562,0
110403,0
9926,1
92225,0
17160,0
787,1
71025,1
118433,0
39630,0
62070,1
49662,1
92004,0
67786,1
76841,0
46940,1
25057,0
91450,0
71096,1
84769,0
65541,1
21645,0
4352,1
54262,1
39904,0
94023,0
44641,0
44839,0
76736,1
63633,1
90237,0
30666,0
104498,0
55827,1
10208,1
72163,1
50144,1
72501,1
24108,0
2126,1
111613,0
27220,0
2336,1
25025,0
7058,1
56407,1
31065,0
111453,0
80584,0
46709,1
13761,1
63975,1
105218,0
16631,0
116591,0
80704,0
32724,0
56998,1
7946,1
40839,1
42352,1
32203,0
80775,1
69957,1
93740,0
108029,0
63610,1
37809,0
1667,0
72699,1
5329,1
64696,1
29577,0
82359,1
55616,1
47983,1
47023,1
41848,1
58452,1
89064,0
113072,0
92420,0
117645,0
76223,1
90186,0
48340,1
11519,1
94438,0
110241,0
114918,0
76575,1
6676,0
3917,1
99950,0
57805,1
86245,0
87211,0
90811,0
74316,1
102375,0
98409,0
21160,0
118352,0
38562,0
78446,0
55074,1
43451,0
77730,1
75069,1
108705,0
70881,1
22735,0
87894,0
35747,0
24686,0
69609,1
5335,1
65370,1
22499,0
59914,1
94574,0
18231,0
86250,0
80559,0
66315,1
44202,0
83010,0
88598,0
61071,1
51472,1
28874,0
91672,0
17369,0
46589,1
58577,1
65419,1
47113,0
49291,1
87338,0
29784,0
45425,0
96327,0
99264,0
83479,0
74550,1
39515,0
72309,1
62176,1
84707,0
93315,0
17526,0
28787,0
69359,1
35637,0
43060,0
60002,1
91600,0
5263,1
70134,1
100789,0
13785,1
84635,0
62666,1
18412,0
16166,0
32439,0
45003,0
76909,1
32063,0
52068,1
106655,0
90643,0
60655,1
102383,0
68726,1
82370,1
23315,0
13597,1
65210,1
26506,0
20769,0
113915,0
37817,0
47636,1
6398,0
105033,0
756,1
18014,0
81932,1
55803,1
59072,1
17823,0
22898,0
111351,0
98471,0
6344,1
94691,0
46341,0
115223,0
27347,0
43335,0
60671,1
41474,1
36422,0
31261,0
34606,0
6737,1
102598,0
26504,0
28342,0
89345,0
74043,1
2374,1
76920,1
6301,1
35570,0
111758,0
109333,0
61845,1
86809,0
105875,0
75972,1
2273,0
91630,0
89950,0
114769,0
86055,0
43070,0
30020,0
12022,1
38803,0
18413,0
9287,1
2457,0
5035,1
41691,0
113625,0
74496,1
93759,0
107123,0
16067,0
118817,0
4123,1
2752,0
87400,0
85292,0
118410,0
3552,0
108242,0
69757,1
32480,0
55554,1
90034,0
82395,1
75020,1
23168,0
98671,0
116632,0
53588,1
4094,0
13831,0
37672,0
92682,0
68438,1
13961,0
101146,0
68727,1
4527,1
21613,0
3849,1
67755,1
46459,1
32013,0
7527,1
62878,1
87643,0
50967,1
117875,0
57639,1
53718,1
97026,0
67966,1
17733,0
93760,0
30329,0
40957,0
45018,1
96515,0
27495,0
50954,1
36961,0
3868,1
52013,1
25763,0
37061,0
113285,0
94509,0
72320,1
43977,1
104689,0
54074,1
20996,0
61491,1
116999,0
4810,0
70325,1
56553,1
40481,0
60523,1
38687,0
3551,0
105473,0
13604,1
98453,0
6586,1
95148,0
20413,0
32071,0
29168,0
71819,1
30827,0
50107,0
49113,1
40270,0
75924,1
6148,0
70690,1
27951,0
109211,0
87833,0
102848,0
64068,1
83882,0
65695,1
31486,0
58816,1
82834,1
19258,0
809,1
108564,0
102347,0
78725,0
39892,0
40716,0
102700,0
100100,0
114317,0
60504,1
75487,1
84491,0
29847,0
31119,0
24329,0
29517,0
16725,0
70460,1
60162,1
35763,0
41569,0
75415,1
28556,0
3683,1
82874,1
96111,0
8482,1
43450,0
49186,1
11712,1
47918,1
100573,0
10713,1
82130,1
22752,0
29003,0
93910,0
92315,0
6974,1
107477,0
59326,1
87778,0
79405,1
109047,0
102683,0
96588,0
23933,0
71572,1
48081,0
108680,0
57887,1
31018,0
89128,0
24708,0
117303,0
58313,1
54416,1
72904,1
90977,0
72574,1
79084,0
96777,0
74821,1
92910,0
35348,0
89079,0
107053,0
70910,1
29706,0
49034,1
52341,1
57998,1
40897,0
69663,1
597,1
46313,1
47267,1
75380,1
82787,1
61873,1
32384,0
60828,1
17129,0
100384,0
13437,1
117484,0
40673,1
45116,0
37216,0
88625,0
13908,0
110176,0
62031,1
632,0
11052,1
115959,0
80166,1
28597,0
47235,1
3211,0
37446,0
67150,1
75621,1
86053,0
34221,0
99967,0
61181,1
43612,1
88632,0
14052,0
106986,0
68666,1
69887,1
48016,1
114592,0
14525,0
111055,0
29051,0
103091,0
43857,1
107102,0
94411,0
37847,0
80425,1
65027,1
107120,0
117056,0
42222,0
67061,1
85295,0
70112,1
85152,0
37679,0
60418,1
117848,0
89611,0
3927,1
118311,0
44752,0
89032,0
27917,0
102244,0
24921,0
80372,1
73521,1
117199,0
99407,0
47196,0
80860,1
114557,0
104828,0
63033,1
95208,0
4539,0
66033,1
20153,0
17512,0
18713,1
560,0
56404,1
48738,0
16910,0
54691,1
116258,0
41000,0
57682,1
12278,1
44691,0
98090,0
79203,0
103569,0
12376,1
14809,1
116654,0
97279,0
69832,1
53751,1
13066,1
66830,1
1762,0
67720,1
87727,0
90667,0
13810,0
25773,0
57867,1
86135,0
6622,1
105055,0
66695,1
19719,0
60036,1
45639,0
7778,1
14535,1
49599,0
25297,0
92152,0
85579,0
49300,1
4157,1
44815,1
34030,0
8988,1
12952,1
52293,1
118739,0
33643,0
38733,0
44113,1
10205,1
32830,0
76616,0
31479,0
26723,0
85177,0
92170,0
76919,1
51340,0
18204,0
75985,1
85745,0
45152,1
43147,0
59799,1
94882,0
53072,1
105503,0
5000,1
36273,0
71078,1
55148,1
82428,0
61787,1
96359,0
56199,1
102318,0
51663,1
20126,0
110852,0
100048,0
2170,0
1868,0
30477,0
116499,0
94107,0
67071,1
6431,0
92823,0
11218,1
80019,0
114031,0
38631,0
105325,0
58455,1
32661,0
85985,0
68192,1
59700,1
9678,1
70959,1
3074,0
7675,1
96464,0
46546,0
94074,0
18822,1
38404,0
17662,0
90560,0
30298,0
28541,0
83601,0
101306,0
114979,0
64539,1
53075,1
58089,1
69666,1
2361,0
44215,0
13547,1
96507,0
52391,0
9711,1
55403,1
99177,0
69575,1
4102,1
26434,0
115368,0
12523,1
2357,0
88045,0
51872,0
53299,1
86214,0
49007,1
86778,0
44530,0
82769,1
26718,0
45027,0
23069,0
109432,0
29991,0
42315,0
47568,1
7442,1
8131,1
33202,0
21181,0
72972,1
76916,1
84680,0
56486,1
84849,0
52514,1
46435,0
43434,0
100716,0
11760,1
69419,1
100181,0
7430,1
28570,0
15140,1
103126,0
71179,1
602,1
95910,0
94689,0
59627,1
49869,1
76940,1
98091,0
104931,0
55249,1
102445,0
19842,0
60359,1
102237,0
52783,1
33722,0
29308,0
84749,0
27370,0
33758,0
77428,0
104790,0
32209,0
91577,0
10951,1
94182,0
47085,0
1072,1
114324,0
117766,0
77182,0
92458,0
84175,0
116117,0
50610,0
14513,0
88517,0
36041,0
98697,0
110306,0
91641,0
97061,0
62631,1
42166,0
79514,0
22408,0
14503,0
38677,0
10037,1
53284,1
89401,0
54496,1
19990,0
53884,1
51326,1
64800,1
58894,1
53012,1
68287,1
73602,1
54087,1
67060,1
20856,0
54542,1
83745,0
103900,0
108582,0
41462,0
16729,0
2446,0
107278,0
26044,0
64279,1
33093,0
98712,0
22924,0
20826,0
36336,0
67762,1
78371,0
31619,0
70116,1
62662,1
7009,1
48673,1
81282,0
76306,0
92795,0
39177,0
9082,1
99849,0
113195,0
111627,0
22626,0
118555,0
82944,1
115607,0
70142,1
18652,0
65701,1
113565,0
47292,1
87405,0
48127,1
15635,0
9922,1
70252,1
84190,0
45472,1
74218,1
37111,0
32470,0
30732,0
32595,0
96497,0
70597,1
50539,1
101125,0
75259,1
79192,1
3589,1
30745,0
92649,0
11883,1
119094,0
98405,0
91451,0
82481,0
57671,1
43655,0
90098,0
56147,1
106592,0
49124,1
62240,1
32328,0
103278,0
41865,0
84394,0
107441,0
72996,1
12627,1
27754,0
12737,1
49942,1
80535,0
74364,1
68623,1
36199,0
64834,1
88031,0
67910,1
4860,0
4613,1
95849,0
62793,1
12689,1
4915,1
30404,0
15131,0
31974,0
41291,1
84721,0
99535,0
11676,1
22097,0
19688,0
89790,0
3825,0
3407,1
93881,0
76422,1
104475,0
22538,0
61231,1
79952,0
14774,1
118769,0
78610,0
32952,0
6220,1
99036,0
32950,0
99744,0
13101,1
87297,0
113735,0
17090,0
72240,1
55015,0
117650,0
88394,0
91367,0
28899,0
42708,0
67112,1
53829,1
19096,0
45066,0
71623,1
62542,1
33417,0
63533,1
81876,1
70377,1
41155,0
22993,0
46232,1
96001,0
24025,0
73640,1
91170,0
52095,1
61891,1
65799,1
88139,0
110718,0
106173,0
62712,1
42534,0
114599,0
45181,0
54215,1
114041,0
42883,0
90335,0
42310,0
59438,1
28143,0
14180,0
111286,0
54040,1
115581,0
81039,1
69331,1
14964,0
78993,0
29404,0
34186,0
53334,1
40290,1
48933,1
113357,0
98411,0
35364,0
2464,0
81604,0
96642,0
1670,1
23095,0
55751,1
78331,0
41305,1
62541,1
8356,1
39450,0
51720,1
82642,0
114996,0
18407,0
86229,0
72614,1
61234,1
32134,0
36264,0
18865,0
38621,0
26171,0
83366,0
82414,0
19036,0
113103,0
96658,0
71413,1
75150,1
80273,1
3285,0
68749,1
47571,0
23543,0
81812,1
90032,0
70384,1
18236,0
56604,1
29870,0
99500,0
60056,1
11737,1
78469,0
9505,1
102271,0
88686,0
95483,0
90258,0
57648,1
36206,0
80105,1
93006,0
100313,0
28684,0
1497,0
98661,0
17422,0
63904,1
16458,0
31343,0
102883,0
57784,1
91473,0
25286,0
110250,0
49026,0
50395,1
84643,0
118964,0
91040,0
101301,0
26408,0
19202,1
95274,0
26099,0
60337,1
111370,0
12460,1
73399,1
31707,0
10241,1
115325,0
56643,1
56318,1
75262,1
2754,0
64196,1
19001,0
75671,1
29392,0
29112,0
62801,1
99060,0
68511,1
53098,1
20337,0
57742,1
110474,0
69368,1
10315,1
225,0
96375,0
105092,0
60883,1
8948,1
88827,0
70665,1
51930,0
76862,1
101408,0
112949,0
49900,1
23265,0
111853,0
85063,0
104561,0
100622,0
118210,0
19442,0
103350,0
49965,1
13783,1
318,0
115537,0
76791,1
51297,0
62359,1
83795,0
33742,0
584,1
33649,0
14596,0
63125,1
73668,1
25113,0
27058,0
27960,0
98798,0
100766,0
100382,0
45124,0
41321,1
46998,1
56247,1
35842,0
32070,0
69615,1
40078,0
107845,0
106551,0
86770,0
10482,1
113766,0
88202,0
65271,1
73946,1
59595,1
52497,1
21910,0
110871,0
32160,0
54692,1
29886,0
80475,1
61496,1
101861,0
84809,0
13075,1
99598,0
96209,0
11086,1
22092,0
32028,0
4273,1
64184,1
80635,0
6336,0
73364,1
13773,1
22894,0
98998,0
9978,1
21107,0
110821,0
58264,1
12715,1
40956,0
110707,0
29342,0
23092,0
113998,0
104782,0
28021,0
62067,1
97149,0
45042,0
77516,0
44995,0
70684,1
82777,1
59179,1
54077,1
95213,0
114977,0
76980,0
31660,0
117954,0
113964,0
7509,1
12181,1
3574,1
90967,0
30892,0
75394,1
68852,1
48242,1
101283,0
116414,0
39210,0
49632,1
3702,0
76470,1
96390,0
79888,1
17780,0
89274,0
37221,0
111706,0
98711,0
115808,0
54880,0
21674,0
116837,0
91077,0
27885,0
7500,1
21993,0
68485,1
13094,1
7427,1
117354,0
115625,0
84555,0
32039,0
90331,0
76035,1
50462,1
83182,0
68856,1
20597,0
28934,0
105959,0
44874,0
82383,1
91405,0
20186,0
9886,1
81826,1
113111,0
3693,0
114346,0
102830,0
50048,1
59538,1
109627,0
101881,0
29635,0
79862,1
85743,0
6328,1
7783,1
82809,1
98791,0
102356,0
81258,0
37046,0
14112,0
63921,1
45096,0
43912,1
51180,1
18011,0
9382,1
27831,0
107955,0
75889,1
36645,0
6766,1
44931,1
35494,0
80352,0
8044,1
92952,0
42135,0
19316,0
13054,1
68447,1
9815,1
117291,0
33126,0
34973,0
874,0
15073,0
76453,1
86855,0
88493,0
22461,0
30496,0
84754,0
92478,0
7551,1
1188,0
98581,0
68744,1
70761,1
34507,0
435,0
48349,0
56335,1
59767,1
7235,1
113078,0
19228,1
55372,1
9129,1
103352,0
35481,0
73344,1
21187,0
74136,1
39465,0
50616,0
21012,0
99276,0
55150,1
84728,0
64020,1
32533,0
96156,0
43297,0
62586,1
111359,0
11284,1
115332,0
88999,0
68981,1
39882,0
113933,0
14301,0
15054,1
42413,0
7671,0
25150,0
70087,1
53022,1
115247,0
61174,1
103367,0
4247,1
12455,1
58172,1
74238,1
21073,0
53500,1
43123,0
65414,1
16223,0
10971,1
62369,1
4959,0
117308,0
47756,1
10213,1
115974,0
4414,1
31753,0
38277,0
36889,0
39146,0
134,0
31291,0
51844,1
32298,0
24929,0
11417,1
54105,1
7253,1
45320,0
18956,0
114231,0
106851,0
84520,0
55838,1
64154,1
79632,0
4497,1
111402,0
67130,1
82116,0
15884,0
43575,0
18020,0
40463,1
69333,1
118948,0
114563,0
92833,0
94869,0
20365,0
71341,1
52750,1
9316,1
47262,1
69554,1
94431,0
98670,0
22580,0
91106,0
63733,1
82340,1
99451,0
94361,0
57469,0
24683,0
74783,1
95156,0
99062,0
15219,1
84465,0
85751,0
13008,1
85390,0
43398,1
72330,1
92744,0
85477,0
61100,1
98818,0
13394,1
84892,0
90694,0
48000,1
106811,0
63662,1
22041,0
26602,0
54247,0
77686,1
28950,0
101998,0
1051,1
60692,1
111858,0
95068,0
9380,1
59836,1
72136,1
7688,1
40799,0
111592,0
6208,0
34864,0
21717,0
102773,0
49126,1
69996,1
105498,0
54321,1
51142,0
72592,1
89626,0
31781,0
22323,0
53880,1
76279,1
98218,0
89104,0
46844,0
59170,1
3298,0
5977,1
25053,0
115890,0
101525,0
54902,0
77163,0
23686,0
93630,0
20268,0
91708,0
110877,0
11796,1
39769,0
76267,1
35616,0
102350,0
75616,1
45435,0
95978,0
79411,1
45383,0
2185,1
106552,0
7730,1
20783,0
99533,0
5606,0
27309,0
48983,1
70796,1
37051,0
21480,0
55305,1
63011,1
79105,0
108981,0
70320,1
89602,0
111290,0
112024,0
75524,1
50024,1
22877,0
86107,0
72139,1
26698,0
25069,0
55503,1
26980,0
112546,0
7505,1
77272,0
66260,1
29264,0
70891,1
5994,0
4043,1
259,0
86548,0
42105,0
46116,0
8805,1
83464,0
57119,1
94456,0
63230,1
112004,0
92846,0
77044,1
35147,0
30802,0
104241,0
96896,0
88835,0
51524,1
53328,1
10312,1
68058,1
4992,1
67174,1
32628,0
24308,0
112276,0
89718,0
111285,0
115875,0
50388,1
18726,0
61664,1
114383,0
97717,0
19751,0
39797,0
70389,1
49726,1
46383,1
5104,0
31275,0
16262,0
111108,0
61583,1
91380,0
22618,0
51726,1
81918,1
102979,0
11004,1
108671,0
110918,0
43753,0
90329,0
30915,0
71816,1
63870,1
75615,1
25968,0
110466,0
82243,1
52951,1
57178,1
77882,0
23468,0
31019,0
56671,1
90276,0
32460,0
69410,1
84291,0
105707,0
84144,0
25956,0
97234,0
38896,0
51873,0
41863,0
52722,1
76594,1
88006,0
82336,0
102094,0
20346,0
77078,0
44540,0
38206,0
9428,1
33738,0
2214,1
54443,1
109173,0
39412,0
94508,0
10612,1
53648,1
49997,1
77199,1
49861,0
87078,0
2095,0
82893,1
77874,1
103286,0
34541,0
95845,0
92085,0
25778,0
49409,0
117579,0
26491,0
110952,0
103552,0
37198,0
62085,1
72952,1
72311,1
49040,1
89304,0
92056,0
108653,0
86873,0
109652,0
44976,0
80703,0
112543,0
44096,1
7948,1
29197,0
13686,1
78826,1
61701,1
57926,1
41343,1
44880,0
4076,1
7129,1
107458,0
64879,1
110669,0
12618,1
98101,0
21881,0
68696,1
47195,1
20762,0
116162,0
29309,0
97727,0
15914,0
21945,0
69678,1
33857,0
279,0
115646,0
21235,0
33714,0
86071,0
97498,0
50403,0
38836,0
38994,0
52084,1
88989,0
68694,1
46469,0
88680,0
58753,1
2478,0
26448,0
116387,0
65089,1
79014,0
42923,1
113880,0
61363,1
61847,1
86329,0
3142,1
112730,0
40630,0
116719,0
38104,0
15820,0
28252,0
87525,0
103534,0
28264,0
103077,0
73621,1
97233,0
89469,0
110038,0
80766,1
95529,0
86068,0
55977,1
9863,1
8761,0
23619,0
1206,0
30999,0
108347,0
81445,0
87863,0
74140,1
61951,1
21621,0
84851,0
85039,0
119358,0
14509,0
94045,0
19402,0
81233,0
13422,1
33271,0
71081,1
95004,0
91048,0
44697,1
47160,0
32452,0
71178,1
3228,0
65659,1
111002,0
13982,0
7275,0
85268,0
71219,1
22543,0
95344,0
85867,0
16091,0
89010,0
77149,1
44295,1
27668,0
109345,0
79346,0
95509,0
97321,0
51864,0
58642,1
119325,0
1260,0
100369,0
81839,1
13276,1
104332,0
20958,0
104118,0
33102,0
40493,0
82254,0
112732,0
18756,0
73040,1
30669,0
43265,0
1165,1
28825,0
40129,1
68053,1
58169,1
49134,0
67250,1
85155,0
54986,1
58371,1
109347,0
36813,0
106205,0
26324,0
65353,1
41183,1
35276,0
80552,1
43271,0
1948,0
42094,1
39808,0
23738,0
96546,0
99531,0
18376,0
111647,0
72824,1
66518,1
16413,0
112119,0
76517,1
81339,0
4607,1
111969,0
53758,1
38953,0
31435,0
58146,1
5421,1
21961,0
82722,0
66913,1
93973,0
103928,0
116337,0
28676,0
67912,1
61987,1
26567,0
70603,1
101575,0
30326,0
88162,0
42511,0
5759,1
109191,0
73605,1
88245,0
84932,0
91458,0
23785,0
96592,0
32893,0
74931,1
31179,0
42759,1
89391,0
18472,0
66844,1
88263,0
84186,0
50572,1
4665,1
6042,1
76386,0
13002,1
4520,0
57166,1
6024,0
78836,0
35377,0
55701,1
115956,0
115857,0
50936,1
60716,1
96541,0
16957,0
33696,0
37515,0
4777,1
89976,0
114649,0
49698,0
55434,1
61782,1
64039,1
24570,0
83129,0
114279,0
1495,0
80712,0
97988,0
34645,0
72705,1
51529,1
34845,0
58472,1
76723,0
15328,1
65124,1
55946,1
21964,0
52131,1
59807,1
24905,0
22155,0
96640,0
70645,1
49193,1
6711,1
107377,0
27658,0
112006,0
89610,0
55523,1
88817,0
32940,0
117832,0
11661,1
90175,0
74534,1
45792,1
93522,0
94621,0
58809,1
81834,1
85238,0
30160,0
2828,1
11991,1
42007,1
105250,0
6228,1
113274,0
115261,0
16647,0
98857,0
93570,0
74563,1
31292,0
6694,1
90297,0
49102,1
56474,1
76728,0
21283,0
8136,0
8746,0
78037,0
7120,1
76721,0
101288,0
52108,1
48425,1
5924,1
43664,0
99490,0
548,1
5830,0
105681,0
85427,0
103079,0
38330,0
29656,0
24671,0
1439,0
114070,0
25371,0
28914,0
89496,0
114514,0
29233,0
107270,0
48691,1
31541,0
98030,0
86252,0
11499,1
85029,0
105120,0
109555,0
1212,0
65892,1
24696,0
10000,1
86625,0
25154,0
61825,1
73094,1
65189,1
11603,1
103010,0
63160,1
39971,0
98597,0
17874,0
99868,0
101405,0
86363,0
86281,0
27512,0
5964,1
17976,0
114142,0
16513,0
27609,0
1938,0
76285,1
89179,0
70020,1
89986,0
83148,0
47255,1
58203,1
17503,0
46104,1
115214,0
23867,0
68350,1
66461,1
64886,1
82001,1
65281,1
49402,0
42837,0
72934,1
75200,1
2454,0
80698,0
95563,0
109335,0
110175,0
48055,0
87915,0
12221,1
52846,1
21812,0
67708,1
36528,0
2598,0
103754,0
85405,0
33049,0
85302,0
63073,1
2391,0
42334,0
64989,1
108435,0
43331,0
15551,0
58023,1
91736,0
101136,0
69221,1
89495,0
90650,0
78946,0
112780,0
70205,1
81269,0
81891,1
90553,0
34172,0
112359,0
70070,1
7793,1
95674,0
49224,1
9497,1
67682,1
4168,1
30294,0
47355,1
105017,0
12509,1
90035,0
48851,1
36189,0
29588,0
84687,0
27988,0
40139,1
95140,0
21408,0
107836,0
55202,0
68732,1
2711,0
39957,0
110271,0
16227,0
97680,0
56061,1
82418,0
20632,0
102474,0
12258,1
31989,0
113233,0
77496,0
102631,0
28752,0
118169,0
118342,0
20690,0
85211,1
44908,0
51217,1
29509,0
83877,0
4169,1
40603,0
45454,0
94969,0
39320,0
71120,1
84017,0
105807,0
114827,0
114746,0
96876,0
69741,1
105865,0
108413,0
94250,0
14282,0
15171,1
100638,0
39581,0
118417,0
37553,0
89012,0
23795,0
106817,0
116823,0
109994,0
111949,0
31269,0
112030,0
53721,1
22812,0
1560,0
17272,0
109216,0
21192,0
117009,0
99088,0
93629,0
23584,0
4509,1
19380,0
103661,0
57145,1
87864,0
88648,0
107442,0
12359,1
55502,1
86696,0
27610,0
7344,1
35809,0
69,1
33645,0
119092,0
56997,1
43519,0
25953,0
11430,1
68225,1
66911,1
84177,0
73316,1
67070,1
41125,0
115963,0
86080,0
95230,0
108263,0
82746,1
77051,1
27906,0
43629,1
24918,0
87569,0
106048,0
86128,0
45662,0
64672,1
43101,0
109210,0
18469,0
4434,1
8923,1
74390,1
8389,1
53883,1
26938,0
76644,0
85738,0
115887,0
43284,0
108545,0
90306,0
86906,0
23328,0
9240,1
93348,0
79064,0
93481,0
97595,0
106723,0
104112,0
63252,1
7425,1
34000,0
18368,0
114859,0
36122,0
46484,1
64905,1
50612,1
96533,0
6465,0
117605,0
30588,0
118190,0
53586,1
66275,1
1818,0
36215,0
89142,0
99846,0
91519,0
10354,1
116065,0
106163,0
86787,0
64427,1
8193,1
82901,1
37630,0
57361,1
5449,1
28098,0
19020,0
60604,1
8606,1
51885,0
99887,0
73057,1
289,0
21204,0
31484,0
13020,1
70397,1
95325,0
30341,0
50434,0
6556,0
98528,0
40315,1
30224,0
102418,0
99457,0
64549,1
5030,1
104870,0
13734,1
48865,1
23926,0
21858,0
11777,1
114063,0
98200,0
117736,0
13716,1
58241,1
74101,1
32761,0
15163,1
24649,0
48693,1
53352,1
60461,1
114851,0
62705,1
117163,0
8085,0
9205,1
60563,1
26335,0
61930,1
81273,0
116952,0
72594,1
100102,0
35680,0
50862,1
112511,0
89846,0
76410,1
42519,0
21382,0
18439,0
110093,0
56270,1
63738,1
90735,0
47699,1
34424,0
32666,0
65790,1
11376,1
50309,1
51395,0
78165,0
41004,0
104692,0
55799,1
31235,0
45211,1
25737,0
73688,1
36768,0
9690,1
35131,0
101939,0
97907,0
75913,1
58012,1
82780,1
62315,1
30850,0
45562,0
41912,1
14797,1
58801,1
74339,1
16481,0
93302,0
21958,0
62253,1
9227,1
18918,1
10427,1
47515,1
30151,0
29581,0
43524,0
108351,0
10728,1
99299,0
85068,0
92988,0
28302,0
92679,0
18241,0
31961,0
9259,1
111296,0
48704,1
39440,0
113769,0
38466,0
83765,0
48637,1
43164,0
256,0
50816,0
83734,0
26793,0
98316,0
50033,1
57642,1
13970,0
106110,0
40813,0
47106,1
100797,0
41152,0
28641,0
76226,1
22992,0
23248,0
42576,0
50023,1
4592,0
98037,0
2778,0
93835,0
95293,0
38867,0
69049,1
11130,1
28535,0
82488,0
10947,1
15569,0
71757,1
41730,0
77327,0
9423,1
37391,0
38518,0
102393,0
109931,0
114710,0
90996,0
980,0
71066,1
1185,1
78816,0
14716,1
115276,0
41189,0
76172,1
41263,1
37618,0
87147,0
14454,0
20292,0
34889,0
90722,0
31345,0
97579,0
64598,1
19996,0
62148,1
84361,0
84495,0
47226,1
115256,0
20452,0
80554,1
37550,0
27468,0
46991,1
83147,0
29147,0
82699,0
69817,1
67606,1
77170,0
77538,1
117306,0
110288,0
46642,1
18452,0
107129,0
18883,1
63453,1
35610,0
88983,0
53889,1
45408,0
109668,0
47068,0
36460,0
1822,1
47324,1
102092,0
102976,0
66868,1
13575,1
105166,0
14177,0
72180,1
2508,0
96292,0
30555,0
97441,0
74862,1
48907,1
33452,0
87027,0
59452,1
24571,0
75981,1
104089,0
70457,1
5638,1
16541,0
116133,0
171,0
100914,0
29400,0
42918,0
12392,1
58869,1
118045,0
75527,1
66383,1
88331,0
111869,0
111968,0
53748,1
107206,0
61240,1
98517,0
102504,0
30774,0
102662,0
17436,0
84065,0
107198,0
7310,1
110533,0
24986,0
76157,1
44864,0
103439,0
48959,1
113276,0
32396,0
13487,1
47883,1
116922,0
93934,0
61624,1
48954,1
51109,1
79067,0
117346,0
12735,1
81093,0
73619,1
20502,0
101747,0
96772,0
93145,0
117869,0
59424,1
9367,1
5908,0
106305,0
64687,1
80485,1
110327,0
104139,0
8218,1
2453,0
66817,1
119240,0
6853,1
6257,0
35848,0
112302,0
23284,0
100710,0
9219,1
16836,0
39105,0
42044,1
76390,0
29565,0
67607,1
109732,0
53888,1
77995,1
25009,0
31299,0
55452,1
24238,0
34012,0
83349,0
17245,1
78766,0
33984,0
85944,0
70503,1
49935,1
42115,0
56663,1
48356,0
95313,0
117390,0
22687,0
64347,1
16278,0
117983,0
68843,1
61468,1
100490,0
6856,1
50253,1
63156,1
95282,0
107462,0
117660,0
100390,0
118485,0
117400,0
19779,0
74585,1
21941,0
77185,1
61778,1
71342,1
80439,1
724,0
802,1
50814,1
73469,1
843,1
27640,0
70227,1
7320,1
41812,0
98859,0
66355,1
3553,0
99970,0
87005,0
35546,0
91292,0
79836,1
113708,0
56452,1
69308,1
94293,0
79370,0
50716,1
66114,1
109502,0
42786,1
46728,0
2525,0
28805,0
45925,0
11639,1
4110,1
7122,1
56005,1
59127,1
5919,0
47613,1
73792,1
71671,1
70100,1
80128,1
119188,0
14906,0
68327,1
19545,0
97869,0
58999,1
66144,1
51042,1
19986,0
39700,0
17799,0
13658,1
17434,0
104085,0
1196,1
40596,0
38117,0
102439,0
48676,1
89810,0
99609,0
32213,0
48137,1
11697,1
85563,0
80521,0
9080,1
71898,1
84732,0
61507,1
82821,1
67415,1
28958,0
52375,1
118095,0
59775,1
61684,1
87753,0
69228,1
116059,0
52551,1
47423,1
93189,0
109871,0
57458,0
102464,0
65099,1
2471,0
51468,1
110951,0
110454,0
110823,0
107769,0
54387,1
38654,0
64997,1
56524,1
17176,0
81426,0
40154,1
91403,0
8,1
11306,1
23672,0
22348,0
3220,0
87191,0
4502,1
26542,0
33330,0
101780,0
46761,0
62093,1
36291,0
102005,0
17913,0
52576,1
43354,1
32695,0
70300,1
4371,1
56421,1
90884,0
1211,0
100763,0
49049,0
54140,0
56107,1
64873,1
94039,0
8375,1
26177,0
5630,1
17400,0
82723,0
90869,0
82062,0
3428,1
89086,0
96346,0
8354,1
60905,1
34867,0
107607,0
15594,0
79890,1
88307,0
64135,1
12678,1
15667,1
24365,0
102930,0
54858,1
107520,0
65408,1
30886,0
96499,0
74622,1
47476,1
93377,0
72095,1
23747,0
34820,0
54014,1
57525,1
32,1
108239,0
73642,1
73432,1
104515,0
4155,1
20528,0
61475,1
18114,0
45658,0
13050,1
81762,1
1354,0
118855,0
47963,0
5563,0
52642,1
44095,1
25188,0
80867,0
15101,1
106332,0
88470,0
21432,0
104047,0
15078,1
26878,0
101737,0
82743,1
113284,0
60940,1
90989,0
51044,0
24180,0
21028,0
106488,0
90598,0
58679,1
97373,0
109262,0
56632,1
48145,1
28013,0
66481,1
88708,0
78437,0
75556,0
5320,1
35446,0
109799,0
43960,1
89984,0
113745,0
86564,0
98781,0
4560,1
23228,0
102854,0
43853,1
80892,0
31887,0
8107,1
115031,0
42817,0
11405,1
60458,1
21683,0
25742,0
91901,0
54846,0
19493,0
82170,1
98573,0
87373,0
81715,1
117156,0
108990,0
100760,0
116244,0
98980,0
84507,0
14615,0
2653,1
106392,0
94981,0
110544,0
27735,0
93625,0
93075,0
112829,0
90413,0
57846,1
70362,1
118110,0
93168,0
84095,0
111072,0
50081,1
110674,0
20275,0
106673,0
95023,0
88539,0
8862,1
10350,1
55883,1
115917,0
39474,0
2900,0
23802,0
85692,0
7741,1
57755,1
60001,1
64714,1
48655,1
98321,0
105420,0
51362,1
3772,1
32790,0
98109,0
10997,1
71199,1
75648,1
112313,0
72784,1
61773,1
78193,0
71709,1
4293,1
4308,1
54670,1
96147,0
7255,1
95876,0
75732,1
61905,1
94794,0
96786,0
47171,0
56664,1
87124,0
53573,1
88168,0
52884,1
100784,0
104444,0
108010,0
47311,1
26046,0
38067,0
58887,1
88848,0
5615,1
80158,1
34498,0
74427,1
70016,1
12979,1
115465,0
66466,1
64197,1
9452,1
64166,1
34859,0
35843,0
39535,0
33989,0
46127,0
88597,0
69462,1
77397,0
113196,0
22884,0
75153,1
58687,1
74689,1
83787,0
50725,0
9469,1
109058,0
44519,0
58603,1
36848,0
80808,0
11132,1
23146,0
77462,0
94384,0
63698,1
11912,1
59145,1
64272,1
13135,1
19591,0
105376,0
118532,0
106564,0
59942,1
2447,0
37464,0
11469,1
52423,1
54934,1
86678,0
74123,1
71233,1
66538,1
116702,0
37658,0
62591,1
18982,0
676,0
55360,1
99559,0
55768,1
27242,0
96696,0
36099,0
57432,0
67924,1
94979,0
66747,1
37668,0
6946,1
44124,1
29033,0
84637,0
105228,0
83457,0
2734,1
104094,0
65225,1
33585,0
3513,0
40417,1
99839,0
106071,0
118098,0
54717,1
101296,0
11187,1
45437,0
19750,0
52372,1
68893,1
43191,0
66469,1
13277,1
23768,0
114149,0
7353,1
106161,0
74951,1
47957,1
104481,0
9439,1
34975,0
99378,0
76136,1
1760,1
84242,0
63588,1
60261,1
34791,0
115553,0
70955,1
102757,0
78508,0
73532,1
9696,1
20326,0
105109,0
77787,0
16704,0
62440,1
31730,0
97563,0
77636,0
44640,0
102804,0
102817,0
32376,0
48756,1
12857,1
42981,1
30790,0
86391,0
83263,0
32379,0
53338,1
26770,0
59033,1
42568,0
63241,1
81379,0
52582,1
107921,0
100230,0
71405,1
32052,0
17961,0
106459,0
87726,0
18276,0
26112,0
78861,0
23849,0
56326,1
29174,0
92284,0
81502,0
41349,0
114901,0
82392,1
101635,0
42754,0
91978,0
9928,1
41257,1
76745,1
27623,0
73922,1
35733,0
78302,0
118795,0
53312,1
7776,1
44360,0
68975,1
112324,0
64789,1
64512,1
75470,1
60295,1
7429,1
97702,0
104529,0
96925,0
81408,0
61755,1
34492,0
114432,0
32087,0
105964,0
89008,0
39998,0
22414,0
68166,1
59101,1
106758,0
35764,0
86835,0
91916,0
79925,0
72028,1
8975,1
58145,1
18582,0
107235,0
13130,1
27083,0
41493,0
60807,1
31855,0
96654,0
13507,1
88414,0
14432,0
41936,0
48125,0
111775,0
11139,1
55609,1
11370,1
104750,0
72635,1
92752,0
56923,1
22958,0
44657,0
39570,0
116046,0
111596,0
79959,0
50286,1
86117,0
35011,0
84691,0
45127,1
100166,0
54708,1
74806,1
94632,0
23551,0
4828,0
115455,0
111159,0
63316,1
27836,0
85580,0
47670,1
49548,0
116667,0
61884,1
115626,0
94123,0
1717,1
80858,0
49156,1
74966,1
35831,0
42383,0
2118,0
67723,1
43630,0
34546,0
101353,0
69597,1
21963,0
19325,0
13707,1
41641,1
66443,1
20603,0
69778,1
107770,0
78785,0
63364,1
749,0
89871,0
29969,0
40528,0
103335,0
119314,0
80077,0
50637,1
76587,1
112330,0
5474,1
109503,0
85330,0
112565,0
98740,0
103769,0
97872,0
87455,0
73499,1
58847,1
98869,0
73119,1
69055,1
56717,1
33173,0
15508,0
20085,0
106517,0
16078,0
10727,1
17915,0
99976,0
106180,0
16169,0
110766,0
103757,0
7331,1
14034,0
24062,0
40335,1
37174,0
26773,0
86505,0
65631,1
37250,0
19188,1
48938,0
31379,0
14695,1
81771,1
71165,1
27682,0
10314,1
85598,0
109593,0
72229,1
59115,1
28194,0
87353,0
43742,0
28569,0
2503,0
104341,0
98703,0
114896,0
30470,0
118943,0
13391,1
94937,0
36290,0
53424,1
59880,1
104541,0
15100,1
97106,0
16115,0
10809,1
97224,0
62773,1
14242,0
56797,1
34880,0
11797,1
3456,0
114482,0
83900,0
100119,0
96061,0
33934,0
111457,0
85792,0
115109,0
113446,0
119081,0
81238,0
9390,1
5350,1
83630,0
46241,0
36963,0
28340,0
107736,0
103275,0
68629,1
115338,0
31980,0
99949,0
22174,0
63901,1
7780,1
27802,0
24243,0
2032,1
8321,0
111081,0
60466,1
80259,0
91744,0
53116,0
83068,0
53254,1
98481,0
30046,0
111230,0
80606,0
106595,0
10339,1
81134,1
11368,1
31864,0
76189,1
48334,1
19848,0
89705,0
76256,1
22197,0
76427,1
38252,0
64826,1
101236,0
7987,1
88182,0
90161,0
18112,0
110067,0
13255,1
3671,0
13618,1
6271,1
111113,0
101912,0
119141,0
26597,0
63170,1
43997,0
21497,0
73177,1
108475,0
115351,0
3231,0
97103,0
30220,0
104807,0
59626,1
34915,0
80580,1
91187,0
51750,1
55580,1
1538,0
46803,0
67577,1
43465,1
16139,0
46074,0
90548,0
33480,0
59519,1
35518,0
82795,1
89604,0
100365,0
97301,0
7685,1
3726,1
42570,0
39855,0
48096,1
57977,1
84148,0
40572,0
99014,0
42350,1
12394,1
97386,0
86243,0
11522,1
91943,0
18086,0
65527,1
41206,1
74555,1
80285,1
116187,0
55144,1
5857,1
90898,0
79032,0
66852,1
105989,0
33532,0
41925,0
79206,0
86864,0
51972,0
41801,1
36496,0
18427,0
10362,1
15201,1
26516,0
115253,0
58843,1
98215,0
106297,0
73818,1
54566,1
117265,0
76924,1
7382,1
51664,1
57670,1
52602,1
39187,0
57729,1
25562,0
12020,1
71564,1
5310,0
101683,0
76396,0
72316,1
97506,0
102172,0
24288,0
83903,0
13723,1
4801,1
107423,0
41427,0
50373,1
13448,1
29300,0
43663,1
44990,0
103741,0
15448,0
50601,0
22294,0
59842,1
25593,0
55029,1
3669,0
12911,1
91483,0
80727,0
103189,0
67235,1
6485,1
17534,0
1932,1
63322,1
61988,1
9078,1
84628,0
70069,1
53946,0
48299,1
103224,0
81649,1
4281,1
28402,0
55894,1
58128,1
30203,0
12186,1
88353,0
37837,0
36271,0
5347,0
69117,1
62423,1
44448,1
32370,0
3170,1
80889,0
680,0
29365,0
109670,0
18423,0
92288,0
23977,0
77035,1
85825,0
15495,0
95333,0
76037,1
12534,1
86172,0
91050,0
55331,1
1964,0
28610,0
51080,1
23797,0
85236,0
8349,1
26479,0
16625,0
108209,0
13460,1
79150,0
3319,0
16142,0
94514,0
68892,1
74461,1
33723,0
3653,0
62857,1
74458,1
103846,0
74906,1
29237,0
36659,0
26751,0
22967,0
33852,0
55767,1
63285,1
111994,0
37447,0
79714,0
107839,0
17570,0
28928,0
55933,1
23509,0
94840,0
56837,1
11575,1
106700,0
57770,1
68701,1
106969,0
58698,1
29999,0
109196,0
14903,1
71037,1
45953,0
5313,1
51011,1
20946,0
56485,1
54988,1
33121,0
77997,0
75472,1
2345,0
81660,0
8742,0
75628,1
4218,1
9990,1
60416,1
81980,1
39137,0
37498,0
69268,1
101997,0
49801,1
17722,0
69449,1
104921,0
14227,1
102079,0
14208,0
90203,0
6222,1
96935,0
20609,0
110021,0
14449,0
71800,1
1362,1
17882,0
87914,0
114276,0
57894,1
23798,0
32510,0
23014,0
4842,0
1353,1
54249,1
19330,0
73956,1
29382,0
99889,0
95789,0
104568,0
79308,0
53434,1
33626,0
68547,1
69039,1
118159,0
77820,0
51293,0
15071,0
18743,1
66995,1
25818,0
55079,0
5914,0
78236,1
57371,1
60068,1
48835,1
3706,0
41753,0
97432,0
81115,1
71150,1
44531,0
103780,0
29254,0
15082,1
77817,1
98151,0
94864,0
38075,0
55873,1
45807,0
4827,0
43994,1
61789,1
67989,1
47666,1
20036,1
91587,0
84652,0
61232,1
65557,1
43495,0
7905,1
66368,1
112264,0
33917,0
35312,0
58492,1
20624,0
81305,0
26715,0
82148,1
12525,1
65343,1
114195,0
14336,0
99312,0
12336,1
61896,1
25650,0
37767,0
14183,0
86950,0
46042,0
61893,1
28077,0
24008,0
24807,0
96066,0
24881,0
33289,0
119093,0
1054,0
23902,0
43135,1
9252,1
10050,1
19586,0
28996,0
59070,1
107290,0
110445,0
80628,0
97633,0
18556,0
22740,0
97698,0
7056,1
79486,0
42545,0
3976,1
65718,1
109048,0
31991,0
59258,1
49032,1
82137,1
52492,1
47570,1
51064,0
28070,0
37903,0
117654,0
85414,0
53637,1
76201,0
106539,0
97779,0
65259,1
76777,1
110196,0
55738,1
42110,0
106546,0
44796,0
117662,0
98930,0
88318,0
2488,0
15318,1
97627,0
63077,1
13615,1
23132,0
46065,1
40768,0
100293,0
109628,0
69581,1
10973,1
83483,0
25114,0
64434,1
85977,0
48330,0
107010,0
62346,1
97244,0
36912,0
69495,1
52704,1
62582,1
41320,1
39375,0
94823,0
109876,0
99746,0
32363,0
212,0
85455,0
82372,1
60013,1
117714,0
31853,0
104508,0
103635,0
93494,0
59810,1
24320,0
20908,0
107425,0
6817,1
81363,0
69762,1
64930,1
45774,1
114072,0
7753,1
79,0
35962,0
32675,0
60624,1
65857,1
60445,1
33957,0
1635,0
28218,0
1940,0
116477,0
109353,0
39551,0
38843,0
76414,1
75291,1
102948,0
39353,0
21029,0
23746,0
69990,1
88273,0
43751,0
66751,1
10223,1
93487,0
74554,1
20025,0
24967,0
98443,0
24270,0
20678,0
3362,1
85591,0
38721,0
69483,1
96175,0
96274,0
111998,0
105907,0
36042,0
25036,0
7699,1
71901,1
57476,1
94929,0
16622,0
43645,0
105823,0
33355,0
12126,1
25644,0
77706,0
112700,0
98872,0
25078,0
116461,0
70241,1
55865,1
45464,0
31394,0
93014,0
75310,1
112502,0
79431,1
7349,1
87926,0
48648,1
57661,1
75571,0
38497,0
79886,1
26927,0
113222,0
34557,0
4976,1
99440,0
82687,0
91096,0
101928,0
105048,0
58595,1
90015,0
99157,0
87977,0
80144,0
67915,1
90493,0
114525,0
67367,1
101049,0
114811,0
88472,0
51820,1
38748,0
78231,1
52081,1
17429,0
82354,1
110697,0
71719,1
92715,0
41221,0
112619,0
73234,1
64972,1
67830,1
22777,0
111752,0
65022,1
117115,0
45920,0
31099,0
40724,0
19026,0
84345,0
64514,1
45808,0
72988,1
113982,0
73463,1
85181,0
73833,1
30554,0
22156,0
90193,0
74150,1
23101,0
61201,1
21152,0
112447,0
111719,0
84681,0
70049,1
39897,0
56578,1
27288,0
92908,0
17892,0
73138,1
18707,0
66765,1
5690,1
114898,0
117190,0
39085,0
89622,0
63628,1
107840,0
80022,0
28358,0
93143,0
25252,0
48049,0
108302,0
65174,1
79595,0
21835,0
50975,1
97770,0
118831,0
21853,0
53516,1
37708,0
61378,1
83463,0
60379,1
72978,1
119238,0
109853,0
71592,1
117738,0
65284,1
87158,0
102117,0
25576,0
117368,0
39118,0
84942,0
89365,0
78579,0
116159,0
73035,1
71091,1
9807,1
107142,0
41504,1
115449,0
22460,0
75824,1
6864,1
26215,0
86804,0
95711,0
27467,0
67084,1
43999,1
93573,0
100806,0
73919,1
72331,1
108604,0
117330,0
1264,0
11629,1
15625,1
33067,0
116745,0
99830,0
93585,0
42994,0
93101,0
31792,0
60660,1
47418,0
73049,1
66218,1
63307,1
67197,1
44561,1
44290,1
30494,0
101315,0
78737,1
25480,0
100737,0
80556,1
41927,0
100058,0
10191,1
68178,1
41921,0
80841,1
1610,0
58868,1
83881,0
493,0
28834,0
117769,0
95566,0
34943,0
21741,0
5978,1
5987,1
2122,0
65141,1
21334,0
1904,1
114167,0
64338,1
66121,1
73445,1
43109,1
67152,1
41502,0
57973,1
108115,0
22390,0
27172,0
4684,1
67975,1
44799,0
79226,1
66209,1
12402,1
100616,0
86742,0
47396,1
28765,0
102640,0
39966,0
77317,0
34934,0
12484,1
113863,0
52185,1
70219,1
103161,0
79996,1
44429,1
114121,0
16472,0
90041,1
55992,1
111692,0
108097,0
114224,0
4198,1
86546,0
40948,0
41013,0
26049,0
14113,0
111556,0
7990,1
51303,1
93357,0
98295,0
83980,0
80678,0
33613,0
92700,0
5047,0
110189,0
101772,0
38634,0
24964,0
116696,0
2578,0
21504,0
113553,0
39236,0
115601,0
53058,1
56773,1
87528,0
37421,0
25193,0
116021,0
94281,0
58658,1
54895,1
90116,0
71609,1
98865,0
29776,0
27296,0
29551,0
42341,0
25122,0
114021,0
49943,1
56828,1
44261,0
100986,0
35561,0
60986,1
3841,1
95083,0
26608,0
90739,0
89951,0
98021,0
57453,1
24783,0
66862,1
6905,1
8050,1
42480,0
4796,1
47929,1
79519,1
19055,0
50974,1
4863,0
57776,1
22567,0
64546,1
48490,1
6699,1
104759,0
105164,0
49890,1
112601,0
90317,0
16106,0
25101,0
98813,0
77412,0
111187,0
80596,0
14805,1
102406,0
65960,1
82207,1
75129,1
76684,0
63505,1
16055,0
44736,0
72659,1
92309,0
70461,1
55959,1
107791,0
100024,0
70952,1
35157,0
51442,1
107959,0
82152,1
6709,0
107941,0
20250,0
62501,1
55490,1
87007,0
7447,1
17237,0
82833,1
6156,0
91033,0
111178,0
18008,0
101810,0
79711,0
83645,0
33380,0
49757,1
92534,0
18018,0
87179,0
5384,1
6818,1
89106,0
106938,0
69619,1
51931,0
111288,0
37586,0
42806,0
50265,1
56875,1
30150,0
93105,0
41622,0
42158,0
56946,1
13879,0
28568,0
38781,0
38608,0
109520,0
57124,1
96630,0
15910,0
13428,1
58406,1
28366,0
449,0
101033,0
87319,0
47640,1
105542,0
84501,0
6426,1
80038,0
5849,1
105110,0
80223,0
5768,1
39091,0
111818,0
57797,1
46966,0
58158,1
99569,0
103813,0
118420,0
81558,1
72343,1
90119,0
31733,0
1735,0
85410,0
22799,0
21832,0
147,0
16801,0
32696,0
49231,1
94948,0
7294,0
92418,0
6241,1
35360,0
1393,0
27030,0
42998,0
31357,0
30674,0
82156,1
39488,0
34082,0
98463,0
101264,0
86170,0
80589,0
113894,0
18952,0
78351,0
90151,0
76184,1
112725,0
78989,0
15413,0
113522,0
33119,0
114206,0
33215,0
17139,0
6954,1
46581,0
106879,0
103151,0
100615,0
88987,0
29099,0
76243,1
98388,0
93226,0
69270,1
86789,0
71983,1
97311,0
38588,0
43670,1
113760,0
17771,0
42867,1
7622,1
74064,1
50921,0
60386,1
103038,0
85574,0
80000,1
21782,0
12656,1
21131,0
102178,0
114722,0
12314,1
32242,0
46367,1
46723,0
81737,1
117905,0
28082,0
47018,1
31488,0
52057,1
24514,0
114339,0
34989,0
92992,0
84843,0
23415,0
31424,0
1657,0
48187,1
22637,0
119152,0
102140,0
46467,1
78478,0
58385,1
103184,0
63976,1
87229,0
109057,0
3814,1
89882,0
49317,1
98995,0
97009,0
42227,0
113048,0
12486,1
54789,1
48929,1
33048,0
90408,0
52195,1
51206,1
102760,0
23843,0
27139,0
82685,0
116223,0
99534,0
92156,0
34731,0
17217,0
31518,0
118388,0
10936,1
65883,1
87568,0
2468,0
92163,0
92782,0
97979,0
11330,1
113912,0
91980,0
18863,0
108723,0
13475,1
94928,0
103125,0
26817,0
20226,0
72269,1
26165,0
6289,1
81367,0
22816,0
5161,0
99105,0
20853,0
54782,1
48226,1
38010,0
33974,0
23676,0
51614,0
85837,0
68255,1
43771,0
97382,0
44487,1
49332,1
69919,1
36148,0
76402,0
40320,1
69534,1
53622,1
37381,0
109798,0
102641,0
48818,1
58457,1
38552,0
48472,1
17875,0
35022,0
34632,0
83827,0
22779,0
72567,1
27378,0
7272,1
104610,0
72845,1
67798,1
29924,0
31620,0
33859,0
67165,1
23255,0
59,0
27967,0
59713,1
59187,1
67448,1
84393,0
45541,1
94211,0
56815,1
43299,0
64027,1
75624,1
104643,0
50278,1
43938,1
64492,1
31918,0
112532,0
37703,0
24757,0
114241,0
24968,0
45554,0
23398,0
65331,1
70126,1
58230,1
41124,0
64703,1
26478,0
39182,0
10440,1
52429,1
72804,1
60735,1
50389,1
44725,1
102512,0
104947,0
79195,0
106124,0
30415,0
47178,1
19859,0
20732,0
114026,0
93140,0
95114,0
30556,0
48832,1
67320,1
28185,0
43880,0
62943,1
19671,0
37500,0
60370,1
78563,0
2102,1
23345,0
41745,1
103827,0
46100,1
95694,0
69383,1
92042,0
43277,0
32179,0
88343,0
101204,0
108364,0
33546,0
35491,0
18222,0
19966,0
42003,0
96016,0
34319,0
6163,1
11322,1
42293,0
60726,1
16047,1
71795,1
94493,0
93769,0
111217,0
100795,0
97910,0
87375,0
86739,0
72176,1
89764,0
40490,0
22915,0
95902,0
115729,0
100739,0
52873,1
116629,0
70078,1
99834,0
55102,1
65544,1
81668,1
39103,0
79132,0
7210,1
27136,0
22301,0
51339,1
11075,1
99057,0
12676,1
83315,0
115637,0
18569,0
111221,0
89926,0
64586,1
20713,0
13434,1
95227,0
11933,1
15640,0
110843,0
46098,1
114054,0
109971,0
34355,0
30026,0
50,0
82941,1
78541,0
6144,0
53989,1
49429,1
95296,0
97520,0
45292,0
117693,0
32329,0
55304,1
20977,0
30332,0
34520,0
95492,0
22467,0
85852,0
108748,0
94573,0
49306,1
60991,1
117348,0
15717,1
67132,1
106604,0
56098,1
1327,1
55536,1
20405,0
44826,0
87011,0
24582,0
41602,0
22850,0
82479,0
106991,0
35180,0
27577,0
19391,0
55587,1
98066,0
56944,1
81266,0
16051,0
22960,0
31572,0
113107,0
12653,1
28615,0
98291,0
52714,0
20282,0
98439,0
73854,1
24578,0
79583,0
41479,0
101210,0
110155,0
70638,1
47130,1
108627,0
24338,0
74398,1
96325,0
36377,0
2753,0
54600,1
60911,1
14948,1
113951,0
45761,0
26566,0
12121,1
108286,0
38451,0
56415,1
98920,0
78392,0
80699,0
60998,1
3368,0
50906,0
72295,1
40588,1
118606,0
62357,1
28550,1
97188,0
51091,0
74506,1
93190,0
55025,1
19985,0
32646,0
103505,0
9124,1
33384,0
101213,0
45216,1
36694,0
114341,0
82871,1
154,0
97383,0
30751,0
35847,0
4430,1
108423,0
84461,0
17417,0
107513,0
31954,0
15423,0
40554,0
74293,1
4874,1
104302,0
74147,1
56325,1
19410,0
82975,0
104157,0
60364,1
47238,0
96236,0
59396,1
54968,1
34004,0
58584,1
63127,1
11339,1
6050,0
106512,0
54941,1
3062,0
30545,0
97023,0
44992,0
10097,1
104717,0
14076,0
48718,1
95592,0
112985,0
112838,0
80608,0
67344,1
10681,1
24904,0
83391,0
110527,0
94662,0
103131,0
28229,0
76689,0
14110,0
104103,0
41765,0
13462,1
105576,0
91859,0
44986,1
35415,0
21852,0
22354,0
112986,0
78435,0
106086,0
81048,1
36922,0
118918,0
117352,0
25994,0
19147,0
75003,1
23416,0
106852,0
12912,1
59060,1
46493,1
27792,0
116765,0
73075,1
15333,0
55171,1
57305,0
58772,1
74892,1
109614,0
39908,0
69655,1
110724,0
93403,0
25614,0
93864,0
28414,0
83120,0
3330,1
42926,1
48554,1
34658,0
82021,1
11045,1
25433,0
81975,1
972,1
75829,1
66046,1
17808,0
63993,1
92740,0
39423,0
32888,0
116942,0
12674,1
20608,0
37374,0
87428,0
82611,0
115679,0
63526,1
8656,0
42335,0
113500,0
40437,0
22270,0
72358,1
76026,1
46687,1
116924,0
107591,0
59546,1
41710,0
36132,0
24089,0
30139,0
87069,0
30250,0
96633,0
80693,0
67797,1
74445,1
113602,0
45171,0
37518,0
11129,1
21634,0
25159,0
18247,0
79502,0
115279,0
23545,0
78786,0
86697,0
103609,0
54833,1
15612,0
115185,0
53538,1
30422,0
103394,0
107168,0
59826,1
101670,0
32759,0
14353,0
16243,0
100277,0
106057,0
94889,0
30281,0
85816,0
117089,0
43750,0
41083,0
63391,1
64935,1
65601,1
2415,0
47285,0
99321,0
79045,0
110211,0
4518,1
87413,0
119297,0
36612,0
45880,0
83381,0
33186,0
103908,0
111005,0
47886,1
109664,0
4809,1
95938,0
68366,1
23704,0
111325,0
55778,1
118669,0
74308,1
57731,1
29050,0
110335,0
45180,0
6873,1
107158,0
76577,1
36696,0
36661,0
115333,0
104398,0
5623,1
109414,0
47878,0
117338,0
28919,0
27396,0
62483,1
14029,0
10005,1
73999,1
115559,0
69894,1
108820,0
19266,1
18579,0
50577,1
41086,0
46754,0
69048,1
90875,0
113042,0
47279,1
45084,1
99818,0
112152,0
112701,0
56079,1
63100,1
98379,0
90225,0
64893,1
48124,1
42750,0
86425,0
47442,0
108659,0
88391,0
65036,1
99363,0
70004,1
113317,0
61593,1
92544,0
75515,1
21647,0
16070,0
9362,1
43427,0
78306,0
118774,0
108798,0
66875,1
36774,0
55693,1
54425,1
18632,0
12041,1
52358,1
49987,1
66516,1
74573,1
37986,0
53019,1
102603,0
92893,0
98871,0
30755,0
17726,0
94435,0
70698,1
58102,1
494,0
64803,1
34977,0
108910,0
52228,1
92101,0
51410,1
107070,0
47271,1
13272,1
105941,0
100229,0
45893,1
9370,1
87485,0
86953,0
13215,1
6717,1
1571,0
89605,0
92003,0
21980,0
38871,0
1795,0
88892,0
24837,0
84693,0
114929,0
10758,1
20020,0
15090,1
114138,0
22368,0
112149,0
28937,0
94031,0
59029,1
90671,0
94011,0
43366,0
116690,0
57205,1
66227,1
87163,0
116131,0
37397,0
12677,1
62598,1
36572,0
21315,0
70345,1
93872,0
3111,0
85227,0
95089,0
110237,0
35428,0
32625,0
101497,0
34843,0
92689,0
33224,0
96926,0
35001,0
78143,0
92562,0
18370,0
117374,0
89101,0
75168,1
86990,0
27738,0
74385,1
80706,0
15935,0
103648,0
61194,1
94712,0
44131,1
72675,1
24086,0
83339,0
20515,0
70063,1
97400,0
11896,1
23967,0
78509,0
53503,1
2062,0
53355,1
22813,0
98720,0
55323,1
38122,0
58251,1
95751,0
76762,1
14988,1
26332,0
57946,1
9221,1
41332,1
51262,1
11337,1
77530,0
46836,1
97718,0
89213,0
13249,1
11156,1
52976,1
60539,1
30946,0
115795,0
48853,1
33345,0
23070,0
74456,1
80408,1
92340,0
30287,0
95211,0
37477,0
78740,0
47504,1
118199,0
82093,1
102149,0
24625,0
6508,0
80193,0
89899,0
115108,0
70890,1
77870,1
57712,1
52065,1
63191,1
11689,1
91544,0
75085,1
94614,0
86768,0
70096,1
60682,1
104614,0
47606,1
119243,0
96371,0
50465,1
94432,0
63551,1
42256,0
23641,0
11230,1
40870,0
112708,0
111619,0
38956,0
117955,0
52289,1
40989,0
102305,0
72148,1
24559,0
66475,1
89229,0
16982,0
5864,1
94353,0
25237,0
62954,1
61486,1
109490,0
85033,0
29869,0
90322,0
83712,0
50950,1
81444,0
109536,0
106528,0
78576,0
58512,1
29846,0
39151,0
1213,0
116613,0
79611,1
78148,1
26810,0
17031,0
19487,0
80874,0
3248,0
10721,1
8446,1
27300,0
63111,1
113635,0
84099,0
11331,1
25221,0
20922,0
4724,0
115696,0
9099,1
35785,0
9531,1
76186,1
38328,0
14066,0
44178,0
57580,1
57067,1
1748,1
101604,0
45534,1
98031,0
82859,1
41132,0
44802,1
72061,1
46840,1
64070,1
82976,0
36909,0
55936,1
48784,1
32123,0
40509,1
67209,1
3947,1
13988,1
95192,0
87801,0
17674,0
9478,1
16526,0
49991,1
50285,1
93164,0
6253,1
79337,0
45946,0
81718,1
110262,0
97079,0
32148,0
58425,1
108114,0
88844,0
80004,0
58440,1
30734,0
34482,0
6147,0
24859,0
10563,1
14563,0
42069,1
7838,1
28033,0
34121,0
64915,1
113617,0
26337,0
71881,1
34538,0
82492,0
24596,0
46101,1
14684,1
43656,0
29518,0
95496,0
66832,1
87316,0
105205,0
51809,1
56311,1
47278,0
104166,0
11313,1
39831,0
112568,0
106465,0
82528,0
25475,0
109952,0
14385,0
11442,1
218,1
38053,0
67213,1
99365,0
66215,1
36772,0
57498,1
30806,0
63644,1
63727,1
51569,1
95894,0
22743,0
41963,0
96109,0
3909,1
74459,1
55808,1
97658,0
27250,0
151,0
46468,1
11509,1
66557,1
60336,1
62045,1
13844,0
26011,0
106509,0
70863,1
10321,1
51456,1
72798,1
103709,0
57845,1
115476,0
79587,0
75042,1
18738,0
48699,1
96839,0
84554,0
88371,0
15564,0
43276,0
1993,1
28608,0
50365,1
104744,0
68672,1
88735,0
9876,1
116891,0
60923,1
9560,1
88437,0
27264,0
118242,0
72586,1
52255,1
86710,0
19124,0
37157,0
31063,0
80690,0
50928,1
84343,0
40495,1
117569,0
84914,0
100823,0
323,1
1985,0
96893,0
61477,1
84057,0
37371,0
4296,1
26508,0
103984,0
85423,0
107292,0
24198,0
29424,0
69046,1
10793,1
52756,1
94213,0
92434,0
75048,1
61768,1
92779,0
103088,0
61983,1
103456,0
9961,1
91559,0
50411,1
75967,1
103246,0
57086,1
27580,0
43638,0
105012,0
88440,0
93005,0
45295,0
104084,0
119231,0
9189,1
17044,0
109339,0
37854,0
88813,0
78694,0
96433,0
33295,0
116583,0
58285,1
20421,0
7127,1
23169,0
15637,0
100995,0
58803,1
106949,0
93368,0
14639,0
56149,1
10453,1
111585,0
62607,1
65811,1
31240,0
110876,0
107561,0
46566,1
52039,1
71930,1
55455,1
80327,1
31648,0
53578,1
101836,0
44439,1
95455,0
23452,0
95923,0
117763,0
44768,1
118423,0
32461,0
89050,0
73893,1
60107,1
82438,0
28993,0
101738,0
26745,0
49808,0
79961,0
19123,0
94623,0
49036,1
41060,0
19758,0
60981,1
97670,0
7569,1
55400,1
76276,1
83507,0
114190,0
32369,0
41528,0
57272,1
39132,0
102385,0
111581,0
4694,1
70615,1
53261,1
59397,1
36195,0
73964,1
45597,1
28715,0
39344,0
22793,0
82770,1
64044,1
41576,1
104147,0
98126,0
79720,0
115467,0
101158,0
97861,0
6597,1
49155,1
62120,1
59345,1
7923,0
79661,0
16088,0
27308,0
100108,0
41736,0
12611,1
32284,0
11297,1
93520,0
47009,0
24161,0
34075,0
91656,0
46405,1
98367,0
39343,0
36473,0
63374,1
5560,0
58259,1
112657,0
105461,0
76750,0
53470,1
4085,1
82870,1
29494,0
92866,0
18729,0
22269,0
65067,1
85306,0
47284,1
20544,0
63706,1
103849,0
96726,0
56918,1
86093,0
21322,0
8519,1
31412,0
74917,1
7693,1
110303,0
34831,0
18973,1
86602,0
99245,0
73332,1
80977,0
76471,1
5603,1
36826,0
61225,1
53524,1
59695,1
21355,0
88515,0
105173,0
15626,1
111226,0
46461,1
98197,0
13324,1
15273,0
25556,0
76958,1
74826,1
113141,0
14458,0
55886,1
47843,0
110145,0
42400,1
73539,1
1167,1
47896,1
10333,1
67128,1
57024,1
3013,0
37927,0
74313,1
72483,1
29573,0
76933,1
62680,1
19590,0
15355,0
98887,0
97215,0
65964,1
48536,1
59930,1
48057,1
82825,1
14253,0
69862,1
66473,1
112556,0
36325,0
4391,1
25466,0
21218,0
39288,0
19783,0
14651,0
64553,1
2646,1
4657,1
93469,0
26805,0
109011,0
46977,0
99966,0
25173,0
98997,0
39180,0
3447,0
63434,1
59918,1
117466,0
57273,1
14265,0
2937,1
72652,1
64526,1
117203,0
99210,0
96068,0
45672,0
91779,0
18808,0
22932,0
58018,1
58412,1
42242,0
41804,0
51531,1
59298,1
48218,0
113639,0
106734,0
35934,0
112111,0
71440,1
101629,0
36214,0
17063,0
55926,1
999,0
70778,1
76887,0
20694,0
6354,0
104279,0
59464,1
55712,1
21224,0
95199,0
9383,1
64069,1
63351,1
33203,0
117014,0
93747,0
86334,0
26998,0
95312,0
102036,0
19057,0
24309,0
118735,0
63461,1
67824,1
30647,0
104143,0
97115,0
31419,0
19945,0
62489,1
2427,0
49503,1
102816,0
94951,0
17541,0
62835,1
76626,0
23593,0
71500,1
27753,0
114343,0
87033,0
6770,1
100686,0
108383,0
67295,1
48894,0
25554,0
6933,1
54161,1
18650,0
20574,0
18270,0
36746,0
108419,0
79866,1
54098,1
112281,0
13491,1
15170,1
66665,1
45129,0
47309,1
36472,0
36571,0
30502,0
89965,0
73982,1
42240,0
92216,0
19634,0
60814,1
36112,0
30069,0
48404,1
75794,1
36766,0
86415,0
64405,1
111176,0
6562,1
8424,1
91581,0
75124,1
1067,1
22571,0
69726,1
104184,0
67987,1
103558,0
96734,0
15769,0
9018,1
93561,0
115810,0
32576,0
26543,0
6254,1
104055,0
67752,1
15234,0
65160,1
25472,0
34549,0
78336,0
801,1
95766,0
32497,0
99822,0
68842,1
728,0
64411,1
60749,1
52706,1
106066,0
55623,1
75549,0
83498,0
91067,0
14175,0
800,1
98515,0
46605,1
34962,0
101576,0
78287,0
118667,0
47960,1
90608,0
83093,1
113494,0
9204,1
11722,1
90025,0
40116,1
73479,1
91303,0
77381,1
55817,1
95254,0
114978,0
98210,0
10247,1
24142,0
97006,0
40501,0
49789,1
15385,0
68220,1
64130,1
74055,1
24085,0
26954,0
16450,0
5138,0
42297,0
57487,1
54234,1
110431,0
67594,1
75689,1
112261,0
48492,0
24276,0
93514,0
107903,0
71171,1
107183,0
29921,0
77635,0
86365,0
67861,1
41168,0
49647,1
1534,0
75184,1
18966,0
4099,1
32199,0
16697,1
34660,0
119337,0
27521,0
60308,1
9068,1
100543,0
13259,1
36026,0
115067,0
112894,0
30048,0
2497,0
113001,0
52251,1
48323,0
7916,1
45099,1
68146,1
103143,0
81145,0
989,0
93257,0
104955,0
118696,0
88579,0
82605,0
11875,1
49130,1
93918,0
17565,0
74118,1
50179,1
106618,0
58136,1
100059,0
18461,0
55697,1
25633,0
100501,0
57761,1
52234,1
104031,0
31524,0
84248,0
44606,1
51582,1
93857,0
25219,0
1329,0
38615,0
36779,0
59181,1
87908,0
70920,1
12906,1
40913,0
34552,0
16550,1
33019,0
63548,1
79447,1
5854,1
85581,0
3859,0
30562,0
34025,0
37529,0
47561,1
58220,1
63232,1
1291,0
66369,1
72664,1
36129,0
10089,1
58206,1
97253,0
23339,0
85017,0
3320,0
47851,1
66647,1
21934,0
95233,0
86828,0
33325,0
97335,0
74695,1
36969,0
60254,1
62923,1
2600,0
52546,1
14360,0
103042,0
30655,0
90182,0
118766,0
118995,0
7109,1
105776,0
8160,0
11057,1
35382,0
13357,1
26114,0
13862,0
96245,0
39900,0
30244,0
76822,0
96116,0
60882,1
84429,0
32730,0
75215,1
76734,1
75667,1
33961,0
71587,1
84935,0
25621,0
3767,1
7752,1
50627,1
55664,1
12567,1
63220,1
35859,0
38571,0
76953,1
88751,0
75225,1
41121,0
100982,0
33188,0
74668,1
4269,1
17412,0
17548,0
13538,1
8069,1
60877,1
66756,1
93027,0
91435,0
83830,0
108466,0
26181,0
31896,0
101690,0
47829,1
110296,0
95967,0
74776,1
117312,0
24430,0
8018,1
8724,0
44132,0
14082,0
77776,0
7525,1
26219,0
14533,0
64487,1
111480,0
90678,0
69450,1
27922,0
116565,0
4970,1
68138,1
64451,1
31752,0
21063,0
104786,0
46875,0
69605,1
60914,1
72407,1
43342,1
75284,1
114044,0
71831,1
51245,1
46374,1
100104,0
38752,0
65098,1
24828,0
101048,0
46030,0
78153,0
78453,0
75177,1
27952,0
3446,0
62436,1
37902,0
35480,0
20627,0
50990,1
82603,0
115359,0
23108,0
102815,0
103556,0
50371,1
76248,1
63891,1
102798,0
92464,0
75780,1
48275,1
99580,0
6994,1
111726,0
75494,1
32193,0
113475,0
67036,1
108879,0
63595,1
63375,1
70453,1
80222,0
5546,0
27114,0
15686,0
115054,0
61866,1
90544,0
35304,0
118150,0
67679,1
17505,0
57245,1
99234,0
9184,1
82297,0
64505,1
71724,1
3026,0
59530,1
20843,0
99933,0
12672,1
82169,1
93955,0
84026,0
99224,0
75276,1
65476,1
27344,0
63116,1
50301,1
69971,1
97334,0
97516,0
94722,0
21751,0
65298,1
103923,0
30688,0
80926,0
85246,0
47717,1
7847,0
60472,1
37808,0
96347,0
62232,1
79685,0
89858,0
75034,1
61720,1
30570,0
60984,1
38171,0
43132,0
12053,1
51490,1
55060,1
26349,0
62417,1
29771,0
66975,1
80444,1
65086,1
91896,0
43188,0
59618,1
52262,1
63221,1
49684,1
116383,0
7116,1
90569,0
108007,0
37951,0
106730,0
71202,1
21317,0
4986,1
17471,0
59359,1
63328,1
29582,0
55771,1
99726,0
36355,0
50505,1
835,1
21481,0
112630,0
54350,1
99777,0
45030,0
105694,0
82364,1
43282,0
99695,0
35453,0
50005,1
24022,0
7657,1
112620,0
49605,1
86620,0
17853,0
76135,1
3557,0
31090,0
104314,0
81733,1
42178,0
114401,0
52353,1
78445,1
23429,0
16226,0
96444,0
58958,1
13328,1
79190,0
42058,1
43507,0
113260,0
723,1
81778,1
105231,0
11267,1
114163,0
58872,1
52368,1
108906,0
95180,0
23231,0
47599,1
14894,1
106788,0
103577,0
79408,1
96034,0
10887,1
92732,0
109909,0
37414,0
12713,1
72787,1
115515,0
52651,1
109295,0
37153,0
40835,0
80442,1
95331,0
5564,1
40396,0
103537,0
36671,0
64667,1
27999,0
77677,1
47158,1
40465,1
65524,1
114361,0
74865,1
9170,1
89791,0
103375,0
54016,1
84031,0
105449,0
20004,0
111666,0
21042,0
14224,0
11834,1
45957,1
96294,0
113775,0
55775,1
71731,1
106773,0
26301,0
34608,0
5084,0
63668,1
80479,1
11246,1
5698,1
46810,0
84536,0
69259,1
106891,0
98208,0
118932,0
97993,0
7947,1
117901,0
14654,0
47388,1
68574,1
97472,0
116323,0
78131,0
35695,0
72838,1
51758,1
106859,0
11198,1
93241,0
60924,1
84560,0
15106,1
87304,0
29202,0
74148,1
62657,1
113972,0
103965,0
91521,0
114481,0
67877,1
777,1
40906,0
1147,1
40711,0
36009,0
20133,0
76793,0
96123,0
44120,1
86265,0
9185,1
20162,0
69134,1
45972,1
49576,1
24533,0
83977,0
51403,1
54710,1
96202,0
113102,0
67341,1
66142,1
1489,0
96687,0
116877,0
105184,0
65388,1
8249,1
92728,0
21894,0
106425,0
4576,0
41543,0
88142,0
99754,0
83034,0
75369,1
21045,0
91864,0
76288,1
105735,0
58349,1
69585,1
34131,0
112117,0
100112,0
4280,1
69715,1
87337,0
118048,0
37176,0
58875,1
18494,1
90641,0
54474,1
41638,1
17564,0
90348,0
75209,1
72040,1
15543,0
81046,1
108328,0
89145,0
52350,1
81234,0
38545,0
31734,0
76832,1
11103,1
109304,0
59394,1
92895,0
30700,0
64225,1
699,1
32609,0
105454,0
32649,0
17254,1
3984,1
84025,0
102309,0
52466,1
105157,0
64367,1
64092,1
35239,0
7415,1
22003,0
2334,0
74990,1
14463,0
92165,0
14705,1
64974,1
6684,1
93782,0
114840,0
82829,1
82423,0
67285,1
28262,0
27910,0
10746,1
17035,0
57698,1
74403,1
80958,1
114349,0
102203,0
67676,1
104822,0
48385,1
41147,0
33772,0
24659,0
2755,0
74866,1
77579,0
58607,1
38989,0
22473,0
95898,0
41451,0
108957,0
47159,1
80787,0
62766,1
96432,0
63565,1
68375,1
92493,0
18360,1
90785,0
45933,0
66669,1
110948,0
60232,1
48883,1
41400,0
75562,0
38103,0
99197,0
28711,0
25991,0
58375,1
20329,0
93682,0
104416,0
78195,0
41107,0
105725,0
16578,0
70582,1
101813,0
43172,0
118652,0
100316,0
68355,1
11725,1
75593,0
89656,0
81186,0
38111,0
65869,1
91121,0
65849,1
65379,1
109455,0
69285,1
87479,0
22100,0
33427,0
55234,1
64129,1
100605,0
24936,0
91522,0
97608,0
31483,0
48082,1
81402,0
50830,1
69633,1
40877,1
88868,0
42064,1
48288,1
114903,0
92425,0
110496,0
101256,0
94371,0
81661,0
47420,0
20180,0
94417,0
7831,1
62168,1
85689,0
74151,1
90354,0
77116,0
68715,1
10963,1
96157,0
102591,0
71266,1
110965,0
58239,1
614,0
12615,1
112557,0
81429,0
74641,1
4578,1
64626,1
39094,0
6758,1
12805,1
77515,0
48902,1
33618,0
45014,1
64541,1
28064,0
81674,1
47641,1
103819,0
82018,1
5797,0
40488,1
93739,0
13343,1
118249,0
75743,1
6369,1
20287,0
55837,1
101227,0
16490,0
56739,1
106671,0
76877,1
67914,1
102084,0
45061,1
54601,1
73582,1
4424,1
37933,0
6108,1
118592,0
43811,0
39106,0
41025,0
107615,0
97038,0
38219,0
48791,1
68755,1
33713,0
24519,0
77903,1
111129,0
104909,0
76429,1
65393,1
16546,1
68900,1
15099,1
80185,0
42881,1
114995,0
79365,1
83848,0
110701,0
32246,0
27739,0
28178,0
91927,0
75183,1
60241,1
83942,0
111920,0
61411,1
98753,0
29449,0
6795,0
20373,0
89135,0
62420,1
37195,0
91773,0
83224,0
110881,0
37925,0
75464,1
98896,0
54004,1
118990,0
65049,1
112249,0
119259,0
12778,1
93601,0
68989,1
94890,0
8515,1
8790,1
94773,0
99010,0
51476,1
103377,0
49825,0
18057,0
71798,1
107775,0
31056,0
95553,0
119099,0
53013,1
63657,1
41242,0
32835,1
14980,1
5793,0
72492,1
51138,1
60217,1
31506,0
28916,0
36062,0
55049,1
86522,0
118049,0
37505,0
29238,0
58390,1
44991,0
6751,1
96962,0
16093,0
94472,0
88894,0
26526,0
103242,0
102145,0
68903,1
42643,0
35244,0
47906,1
79271,0
99107,0
33962,0
98979,0
101800,0
63809,1
112089,0
45119,0
52045,0
20988,0
86231,0
16681,0
302,1
27366,0
6653,0
20058,0
48709,1
37795,0
58444,1
77825,0
37169,0
97898,0
93784,0
107406,0
14947,1
41018,0
98428,0
93099,0
83510,0
7242,1
23685,0
110685,0
75305,1
92153,0
116433,0
102949,0
37436,0
22998,0
27453,0
76559,1
50480,1
60989,1
33052,0
95714,0
49352,1
78475,0
79500,0
84154,0
61554,1
73515,1
103682,0
23811,0
70028,1
20539,0
29327,0
17668,0
78364,1
88791,0
49135,1
104449,0
18711,0
113941,0
68266,1
32949,0
92808,0
102856,0
104700,0
76317,1
116653,0
13484,1
101762,0
78712,0
31928,0
53929,1
58554,1
75588,0
14814,1
75693,1
15378,0
114794,0
101682,0
16937,0
31120,0
82868,1
47682,1
78673,0
72741,1
4519,1
115995,0
468,0
25626,0
92110,0
33270,0
32217,0
106196,0
108685,0
36229,0
111330,0
68215,1
119137,0
1505,1
96791,0
105123,0
19764,0
43844,1
49439,1
52507,1
114758,0
69704,1
8037,1
88065,0
23178,0
51763,1
30753,0
35621,0
49512,1
85145,0
81639,1
77877,0
97320,0
118944,0
37026,0
101562,0
34109,0
65233,1
108956,0
74515,1
99479,0
98072,0
115373,0
116212,0
11204,1
97263,0
47490,1
52403,1
23301,0
20331,0
9454,1
74872,1
47141,1
102826,0
3356,1
70330,1
117917,0
112793,0
6633,0
52422,1
97991,0
82702,0
97369,0
62018,1
1253,0
29914,0
46085,1
60748,1
18167,0
51240,1
44012,0
62526,1
84909,0
17984,0
24809,0
27185,0
113891,0
47498,1
101667,0
107710,0
82192,0
15366,0
22024,0
96832,0
111604,0
89860,0
103896,0
39369,0
85503,0
33876,0
60698,1
69279,1
59897,1
10662,1
34544,0
21326,0
44848,0
106515,0
80636,0
6739,1
34277,0
22426,0
53767,1
93701,0
9632,1
24095,0
56846,1
110962,0
53528,1
90990,0
71797,1
114286,0
33086,0
13072,1
73626,1
30914,0
36151,0
82030,1
10537,1
118656,0
21290,0
58743,1
91108,0
23620,0
100427,0
113393,0
93347,0
99988,0
8699,0
72185,1
9375,1
101647,0
31860,0
37342,0
113871,0
95698,0
44723,1
37935,0
99811,0
62802,1
48974,0
95583,0
8875,1
5351,1
89579,0
59771,1
45050,1
86590,0
84551,0
7565,0
108939,0
110249,0
854,0
85894,0
35905,0
11927,1
92298,0
48136,1
30209,0
111464,0
91578,0
94443,0
104426,0
30102,0
37802,0
100629,0
38600,0
34061,0
79301,0
39445,0
9413,1
4138,0
88213,0
117175,0
110265,0
33223,0
4479,1
70629,1
72756,1
75567,0
26921,0
88500,0
61312,1
33243,0
64420,1
25381,0
39676,0
9596,1
3771,1
6245,1
112232,0
103123,0
100552,0
3977,1
101228,0
23951,0
94489,0
107703,0
48228,1
75723,1
5627,0
10451,1
86066,0
77172,1
103633,0
88618,0
43143,0
30446,0
13493,1
33807,0
1909,1
27714,0
28287,0
87121,0
50629,1
86139,0
14481,0
53283,1
46576,1
116023,0
95955,0
115052,0
61775,1
58918,1
15954,0
85531,0
59654,1
119202,0
36384,0
70346,1
38471,0
3212,0
102284,0
75640,1
56598,1
62118,1
69801,1
465,1
46596,0
45188,1
110185,0
88895,0
81092,0
68723,1
14116,0
35564,0
50609,0
95945,0
107203,0
97172,0
104160,0
47310,1
18733,0
4545,1
50248,1
22966,0
66841,1
72758,1
111106,0
61643,1
46695,1
63521,1
70989,1
851,0
78657,0
73033,1
53319,0
22176,0
71080,1
7540,1
48660,1
68529,1
56074,1
26734,0
99016,0
28502,0
83105,0
36859,0
53907,1
12417,1
99138,0
57523,1
16007,0
9591,1
23209,0
30246,0
105331,0
4513,1
59019,1
76082,1
9724,1
57447,1
100353,0
108918,0
45130,0
105705,0
12557,1
93863,0
65562,1
94669,0
8775,0
50108,0
48857,1
32604,0
102867,0
8057,1
82090,0
97204,0
31096,0
57552,1
118561,0
26272,0
53243,1
60747,1
93816,0
48011,1
1547,0
88317,0
62760,1
39697,0
21560,0
992,1
53955,1
5804,0
62771,1
54526,1
80358,0
92870,0
88914,0
8549,0
46458,0
82505,0
97435,0
105196,0
100110,0
62034,1
22214,0
111850,0
99483,0
93878,0
115803,0
118627,0
33158,0
66585,1
75102,1
115340,0
64573,1
39335,0
16736,0
27367,0
36201,0
10094,1
109694,0
66871,1
30937,0
97767,0
97065,0
35762,0
55829,1
3710,1
3260,0
41896,0
41079,0
28557,0
67157,1
66068,1
38431,0
115224,0
46783,1
42023,0
107938,0
62936,1
2479,0
101328,0
22004,0
20792,0
119250,0
94825,0
54787,0
48445,0
17462,0
60078,1
43379,1
68352,1
22570,0
85025,0
53995,1
87953,0
79395,0
88821,0
45205,1
40076,1
117326,0
42941,1
44552,0
83316,0
74310,1
59540,1
74780,1
108561,0
80151,1
17366,0
40014,0
45074,0
21246,0
110794,0
118973,0
109817,0
619,0
23624,0
52854,1
118957,0
73630,1
108822,0
71970,1
12141,1
114307,0
31544,0
103358,0
89313,0
108409,0
20430,0
80691,0
109283,0
76094,1
25881,0
13989,0
1903,0
87070,0
13952,0
58173,1
21574,0
117912,0
115056,0
106763,0
41720,0
69987,1
8279,0
27337,0
69958,1
90557,0
22679,0
23719,0
93274,0
86465,0
7669,1
83245,0
67881,1
99675,0
62670,1
108348,0
4412,1
94667,0
84116,0
55575,1
67135,1
40950,0
73322,1
1496,0
91658,0
15545,0
73240,1
29471,0
39291,0
48311,0
52600,1
1551,0
21433,0
27574,0
106990,0
15187,1
100324,0
47459,0
9575,1
35760,0
63451,1
56953,1
79263,0
115259,0
100709,0
50698,0
22030,0
8061,1
104594,0
10169,1
104622,0
52999,1
864,0
33467,0
68099,1
79371,0
64327,1
39765,0
98169,0
36956,0
94226,0
10763,1
72508,1
37163,0
107414,0
2833,1
98750,0
65385,1
36624,0
22595,0
53831,1
25027,0
61637,1
64743,1
109795,0
62309,1
73477,1
84430,0
115072,0
77237,1
54308,1
5434,1
103258,0
67241,1
64618,1
110560,0
68091,1
30034,0
75785,1
46140,1
108947,0
103513,0
80980,1
55545,1
8739,0
71774,1
58396,1
19478,0
19916,0
87173,0
39583,0
1022,0
12274,1
73717,1
22526,0
32010,0
93215,0
50486,1
20681,0
70187,1
34644,0
22745,0
53444,1
87396,0
35502,0
36993,0
84752,0
46078,1
67486,1
66977,1
57309,1
22614,0
90205,0
48236,1
75968,1
66148,1
23748,0
6290,1
104626,0
45895,1
102485,0
61099,1
74547,1
15982,0
58062,1
10046,1
66855,1
108962,0
29120,0
54922,1
18084,0
96683,0
118019,0
57142,1
117490,0
3217,0
117879,0
96418,0
87206,0
60798,1
23140,0
25950,0
31011,0
1601,1
18079,0
102473,0
11682,1
32882,0
21229,0
43006,0
101871,0
108701,0
112184,0
18858,0
113910,0
95221,0
82006,1
64910,1
71028,1
5755,1
88803,0
39044,0
40602,0
79970,0
46804,1
8510,1
17040,0
64880,1
48850,1
63350,1
110971,0
14276,0
74167,1
38459,0
12874,1
44920,1
21008,0
75930,1
16451,0
79278,0
101837,0
6075,0
57182,1
23591,0
98085,0
117527,0
27557,0
17567,0
112907,0
30328,0
116849,0
88370,0
89816,0
21337,0
18179,0
41319,0
24873,0
15191,1
30440,0
93815,0
15320,1
86786,0
61098,1
37804,0
79071,0
58649,1
117007,0
64810,1
71088,1
6847,1
16601,0
4240,0
74287,1
24252,0
50542,0
114213,0
30634,0
16044,1
11194,1
31233,0
61998,1
80902,0
86105,0
92100,0
51219,1
109671,0
117438,0
29679,0
35889,0
73733,1
16161,0
24066,0
96567,0
115989,0
43909,1
65624,1
50110,1
53280,1
101437,0
31750,0
62260,1
52500,1
20968,0
24112,0
82185,1
10472,1
41799,0
67903,1
92606,0
52754,0
66918,1
51588,1
36509,0
72761,1
65532,1
17938,0
105443,0
96043,0
75958,1
44477,1
104220,0
54694,1
91415,0
118156,0
46636,0
106266,0
103762,0
69215,1
29270,0
30320,0
18929,0
105721,0
108816,0
105657,0
92675,0
8008,1
5934,0
48095,0
92319,0
92224,0
59327,1
1377,1
16813,0
31597,0
9442,1
4931,1
65326,1
90796,0
44994,0
35788,0
26322,0
9069,1
38611,0
79917,0
1391,0
95551,0
15043,0
72907,1
80260,0
89748,0
65164,1
30904,0
1342,1
6732,1
112092,0
15967,1
72851,1
25332,0
90833,0
89520,0
27616,0
88397,0
5487,0
49223,0
10754,1
8845,1
26531,0
78824,0
57108,1
106752,0
69458,1
109265,0
63725,1
85408,0
104450,0
102667,0
103605,0
104017,0
24636,0
36002,0
29689,0
191,0
56412,1
29788,0
48004,1
60105,1
81275,0
116538,0
59561,1
9819,1
74231,1
4689,1
113665,0
19938,0
20676,0
21328,0
92749,0
108023,0
97051,0
62291,1
12985,1
54701,1
18731,0
101892,0
104693,0
69414,1
41917,0
7254,1
22737,0
101770,0
38972,0
8066,1
109181,0
22796,0
54545,1
2765,0
3788,1
86512,0
81530,0
72162,1
95928,0
67488,1
78312,0
114578,0
101750,0
11304,1
111960,0
46995,0
85732,0
89553,0
39985,0
87107,0
66037,1
76946,1
98535,0
49252,1
61250,1
98646,0
19629,0
79751,1
28395,0
89034,0
23985,0
102781,0
89046,0
25680,0
10081,1
14801,1
77911,0
22501,0
7371,1
68164,1
113353,0
61784,1
76086,1
111152,0
8968,1
46412,0
112529,0
66049,1
47872,1
2342,0
11669,1
38458,0
27363,0
118335,0
79284,0
118570,0
81767,1
91706,0
118708,0
89326,0
98010,0
48864,1
68568,1
37014,0
2249,0
57318,0
67001,1
28999,0
18006,0
37937,0
77669,0
83165,1
15422,0
116628,0
81423,0
78194,0
4958,0
62237,1
21874,0
6995,1
25209,0
80785,1
106577,0
66970,1
80809,0
105425,0
44626,0
103166,0
81521,0
104788,0
7179,1
82433,0
97705,0
111828,0
76260,1
32411,0
105955,0
76314,0
65822,1
44090,1
7136,1
97288,0
95718,0
100812,0
40228,0
62080,1
66464,1
112435,0
4217,1
33208,0
28159,0
73209,1
86729,0
16916,0
15305,1
43397,1
96830,0
62919,1
31353,0
82070,0
104301,0
104076,0
86163,0
1216,0
63134,1
40967,0
49604,1
58814,1
11423,1
33003,0
27027,0
84735,0
61305,1
77692,1
12471,1
39925,0
101715,0
16338,0
4623,1
94831,0
46662,1
6243,0
95204,0
66847,1
43395,1
106019,0
8616,1
3160,1
113853,0
1674,0
114752,0
88255,0
62271,1
100060,0
108428,0
43565,1
112828,0
25988,0
24539,0
115038,0
88768,0
71284,1
14612,0
68628,1
7884,1
61617,1
109535,0
113576,0
80497,1
96757,0
61897,1
73721,1
40980,1
14086,0
114001,0
105433,0
12550,1
84251,0
28574,0
16909,0
100583,0
106251,0
49364,1
101723,0
26006,0
81550,1
114958,0
37449,0
6845,1
67832,1
37493,0
107461,0
47357,1
90362,0
43873,1
16621,0
49504,1
19663,0
109737,0
26134,0
116928,0
114871,0
71016,1
83417,0
28132,0
11938,1
841,0
119036,0
79901,0
117497,0
54631,1
100195,0
99080,0
70130,1
115583,0
33812,0
108533,0
68441,1
71069,1
45571,0
31173,0
41861,0
85117,0
40494,0
43849,1
1676,0
24312,0
9984,1
18698,0
60211,1
43212,0
43162,0
33586,0
11384,1
85457,0
32056,0
45932,0
61399,1
43523,0
13217,1
20328,0
53490,0
36582,0
43489,1
78266,1
37972,0
1957,0
18644,0
94800,0
37197,0
72519,1
11487,1
82731,0
99900,0
38678,0
71844,1
85722,1
60760,1
85370,0
64749,1
30511,0
50794,1
77460,0
62554,1
70756,1
20423,0
51988,1
72906,1
27269,0
39722,0
3942,1
4309,1
91977,0
25198,0
51787,1
50225,1
51101,1
100600,0
65781,1
79898,0
49295,1
79334,0
36863,0
27024,0
81263,0
47630,1
108013,0
31431,0
57567,1
72643,1
48930,1
4328,1
23666,0
29187,0
79906,0
11946,1
33808,0
110174,0
55461,1
34351,0
37760,0
96950,0
42208,0
116181,0
103903,0
21968,0
113865,0
58971,1
26128,0
113161,0
91603,0
591,0
105076,0
102364,0
84253,0
30458,0
111495,0
55412,1
40546,1
53145,1
98591,0
48740,1
51405,1
112881,0
95210,0
24731,0
93564,0
74225,1
22716,0
35856,0
101653,0
76648,1
113544,0
19282,1
54981,1
52915,1
18432,0
82223,1
82916,1
17300,0
13531,1
53809,1
55599,1
107057,0
43913,1
118305,0
14054,0
11411,1
16564,1
21049,0
11311,1
110048,0
38607,0
25919,0
28100,0
33419,0
11323,1
54541,1
21955,0
102827,0
38418,0
49453,1
71312,1
79746,1
55524,1
39233,0
51153,0
7588,1
19273,0
54555,1
57398,1
102503,0
35930,0
72098,1
9391,1
35851,0
61138,1
8962,1
57410,1
58518,1
114214,0
34951,0
87988,0
32500,0
938,1
61415,1
88984,0
2741,0
114310,0
89468,0
59068,1
7187,0
93485,0
83073,0
41457,0
115954,0
26411,0
31906,0
5229,0
107776,0
26224,0
2768,0
115179,0
61752,1
59944,1
111923,0
48180,1
52248,1
26964,0
85091,0
42961,0
71026,1
28410,0
93372,0
113326,0
65487,1
17828,0
74546,1
16911,0
30890,0
24953,0
70706,1
30378,0
113905,0
24997,0
30788,0
40327,0
61699,1
94032,0
91174,0
87831,0
42013,0
99162,0
85905,0
16071,0
102918,0
15903,0
32271,0
60685,1
27132,0
38574,0
98913,0
3728,1
70723,1
113925,0
23835,0
23414,0
74437,1
62872,1
82841,1
93908,0
26775,0
97962,0
1423,0
106503,0
40695,0
90814,0
96435,0
62495,1
48023,0
10593,1
102443,0
16863,0
4481,1
99006,0
15682,0
50094,1
88795,0
9697,1
94131,0
118982,0
19604,0
54026,1
16470,0
92508,0
59650,1
114829,0
20460,0
13103,1
80600,0
77767,1
116178,0
111369,0
113146,0
75260,1
69473,1
47475,1
2291,0
93594,0
855,1
111012,0
75881,1
36116,0
118189,0
38694,0
6691,1
92610,0
3118,0
109381,0
19864,0
76714,0
19034,1
100101,0
62949,1
71236,1
113296,0
78778,0
104859,0
26862,0
91536,0
3432,1
71397,1
81021,1
84317,0
98856,0
57852,1
104280,0
57519,1
25830,0
59760,1
117856,0
52718,0
61568,1
69664,1
48961,1
46330,1
79087,0
103955,0
72341,1
9378,1
20076,0
83888,0
42743,0
47521,1
33508,0
107870,0
1408,0
105984,0
104526,0
17069,0
76481,1
62314,1
110393,0
98128,0
114147,0
51610,1
16643,0
34392,0
30595,0
70352,1
1507,1
111474,0
76239,1
4069,0
95787,0
14156,0
111084,0
69257,1
104028,0
60339,1
2000,0
22615,0
27558,0
51089,1
49471,1
110068,0
53804,1
108770,0
53985,1
97765,0
65704,1
43533,0
14418,0
89826,0
6286,1
115965,0
75574,0
90666,0
68245,1
57269,1
93751,0
107140,0
51990,1
87667,0
69820,1
104486,0
3448,0
82986,0
83767,0
66654,1
88218,0
101984,0
12457,1
102971,0
118909,0
113226,0
103068,0
41084,0
99806,0
22259,0
19949,0
73087,1
75024,1
104940,0
51510,1
27279,0
30532,0
117086,0
30078,0
68430,1
98041,0
75586,0
53073,1
62765,1
115733,0
25271,0
33661,0
117580,0
80912,0
109867,0
53950,1
10184,1
56321,1
78798,0
86517,0
35471,0
46847,1
64212,1
30092,0
97016,0
5779,1
116546,0
106396,0
746,0
105550,0
20159,0
107436,0
101225,0
880,0
89837,0
80319,1
54944,1
63689,1
102252,0
13599,1
72119,1
106616,0
99908,0
87717,0
67875,1
28307,0
7307,1
71116,1
65176,1
69687,1
24000,0
91283,0
67201,1
79207,0
21947,0
34678,0
37686,0
22988,0
90712,0
12119,1
61278,1
52579,1
88731,0
45769,0
37664,0
83919,0
94401,0
58059,1
92286,0
46647,1
72377,1
20655,0
64536,1
18770,0
25590,0
11241,1
60116,1
42037,1
7574,1
3509,1
42018,1
98253,0
90127,0
77766,1
2429,0
85191,0
29002,0
64580,1
73519,1
110849,0
112915,0
108033,0
48212,0
108585,0
53192,1
87860,0
17535,0
63647,1
89432,0
53878,1
20427,0
62448,1
96781,0
23078,0
23671,0
23466,0
118858,0
98836,0
52036,1
36892,0
87577,0
82932,1
7128,1
77065,0
53806,1
99907,0
87933,0
75733,1
90019,0
118462,0
95373,0
109436,0
117597,0
48767,1
3353,1
88502,0
29981,0
116532,0
8939,1
59622,1
27390,0
54751,1
91016,0
30717,0
110699,0
52837,1
53966,1
84375,0
105924,0
66293,1
78555,0
103507,0
99004,0
39758,0
110603,0
11908,1
39795,0
109075,0
100553,0
57727,1
104704,0
68038,1
60687,1
97019,0
69126,1
42479,0
61747,1
98972,0
76321,0
13322,1
85497,0
52839,1
71226,1
70875,1
81370,0
23446,0
8171,0
63994,1
44227,0
42760,0
33114,0
80605,0
42155,0
11692,1
65634,1
93628,0
9639,1
48839,1
6716,0
77314,0
75110,1
39112,0
32524,0
7823,1
4585,0
118843,0
27473,0
57804,1
101066,0
21303,0
105209,0
51951,0
22577,0
88885,0
86500,0
80564,0
107170,0
50781,1
74730,1
18034,0
97141,0
108652,0
97243,0
47633,1
61682,1
79833,1
81147,0
62741,1
50598,1
85603,0
12275,1
82758,1
50934,1
65477,1
40233,0
106786,0
52072,1
110300,0
76350,0
68077,1
116542,0
21133,0
92228,0
21862,0
46901,0
36032,0
6668,0
7679,1
102241,0
495,0
33275,0
81008,1
105623,0
64077,1
44779,0
116280,0
59131,1
6292,1
88452,0
55889,1
10378,1
27814,0
110857,0
8435,1
27954,0
26064,0
32863,0
110932,0
38501,0
116049,0
108365,0
3162,0
95618,0
16628,0
49540,1
55905,1
109782,0
7474,1
64555,1
15426,0
8780,1
40636,1
117432,0
50080,1
46789,1
53263,1
44478,0
661,0
25275,0
70595,1
52896,1
75696,1
52087,1
29899,0
47100,1
89548,0
119172,0
92721,0
75414,1
36891,0
165,0
24661,0
104434,0
19349,1
64059,1
50482,1
90214,0
66934,1
58236,1
18404,0
64414,1
90628,0
58545,1
36013,0
86572,0
94983,0
63347,1
78,0
116595,0
64354,1
112181,0
115304,0
8529,1
49770,1
55739,1
43100,0
47793,1
107913,0
59051,1
99657,0
86144,0
55045,1
87155,0
37536,0
3117,0
39802,0
22038,0
27492,0
16476,0
29293,0
69013,1
117419,0
118193,0
99304,0
84172,0
70472,1
100269,0
79249,1
96698,0
57122,1
56367,1
40597,0
10405,1
95819,0
97678,0
70543,1
11913,1
13000,1
89231,0
116325,0
5467,1
69457,1
67713,1
28640,0
33616,0
4690,1
84360,0
21846,0
26358,0
34998,0
32976,0
102722,0
91307,0
21564,0
88596,0
62924,1
116125,0
65077,1
64992,1
3922,0
104777,0
93704,0
109050,0
9692,1
5419,1
24445,0
63693,1
95605,0
92977,0
79023,0
3932,1
20066,0
19112,0
113598,0
9793,1
12208,1
86459,0
75293,1
9275,1
23126,0
104927,0
87601,0
89400,0
39405,0
93695,0
36447,0
93289,0
56223,1
74289,1
30476,0
9435,1
76592,1
211,0
111603,0
63144,1
96488,0
69438,1
36811,0
74514,1
53702,1
3865,1
64896,1
30842,0
12310,1
65543,1
99377,0
691,0
36620,0
7364,1
51210,1
11873,1
117282,0
80876,0
65140,1
8419,0
64150,1
24314,0
93756,0
8071,0
42039,1
112802,0
107147,0
40357,0
90271,0
32795,0
15960,0
9967,1
34958,0
12644,1
9925,1
86372,0
44309,1
69798,1
100051,0
101194,0
111953,0
103309,0
24843,0
14667,0
21650,0
92940,0
116657,0
19399,0
91891,0
7806,1
26380,0
109374,0
87975,0
58880,1
118457,0
117411,0
43383,0
116453,0
97209,0
73580,1
6098,0
49456,1
110914,0
8207,1
88882,0
116555,0
88257,0
31430,0
18218,0
46290,0
44114,1
21592,0
32626,0
73608,1
21587,0
3831,1
38432,0
115498,0
94426,0
24733,0
89150,0
36051,0
37127,0
80346,1
15440,0
82529,0
63079,1
101692,0
57450,1
117774,0
83785,0
32116,1
41338,1
97557,0
72616,1
61384,1
41298,1
80308,1
13184,1
33952,0
87981,0
39211,0
67432,1
49988,1
60678,1
72857,1
11414,1
74676,1
114134,0
9749,1
41889,0
55350,1
65673,1
100391,0
1433,0
107535,0
81970,1
24617,0
116216,0
16196,0
22332,0
562,1
56002,1
71546,1
104641,0
87203,0
43134,0
66922,1
58035,1
40868,1
18882,1
79650,0
78395,0
104185,0
29393,0
117437,0
66057,1
39729,0
45023,1
72281,1
34144,0
101945,0
97614,0
20850,0
119124,0
25349,0
117290,0
50672,1
79765,0
66881,1
14951,1
103700,0
52177,1
106258,0
53382,0
69683,1
72480,1
31604,0
17421,0
111139,0
26915,0
109372,0
38086,0
79531,1
72135,1
2417,1
254,0
18260,0
15580,0
115319,0
71545,1
48909,0
64816,1
118408,0
2633,1
84292,0
88292,0
46614,0
45966,1
46356,1
6167,1
25602,0
98963,0
66175,1
113136,0
59489,1
62718,1
35260,0
76811,0
71693,1
44575,0
13035,1
103260,0
37059,0
35619,0
22719,0
77924,0
35228,0
117586,0
119001,0
57339,1
60477,1
57594,1
28448,0
35535,0
26180,0
57705,1
48639,1
61480,1
68793,1
21209,0
7267,1
114907,0
98142,0
3777,1
101659,0
30500,0
73598,1
53167,1
101911,0
21452,0
51432,1
57154,1
44054,0
115008,0
53044,1
34760,0
14649,0
80484,1
4494,1
39425,0
78573,0
77374,1
44811,1
22087,0
32476,0
112762,0
105999,0
83611,0
100466,0
23513,0
58882,1
47563,1
112064,0
65268,1
112591,0
38102,0
81935,1
61417,1
19336,1
97560,0
35914,0
72380,1
48372,1
95061,0
11334,1
22026,0
65995,1
89183,0
50096,1
7749,1
8121,1
56429,1
47419,1
41492,0
44425,1
75866,1
39378,0
23353,0
69316,1
40023,0
104020,0
80825,1
30832,0
35210,0
91105,0
78047,1
100916,0
67885,1
88697,0
36192,0
34188,0
25721,0
45060,1
108578,0
59822,1
1292,1
118172,0
53821,1
98636,0
61940,1
94194,0
107453,0
61024,1
54189,1
84265,0
115459,0
47221,0
56758,1
86724,0
89540,0
51880,0
10159,1
64074,1
64151,1
31953,0
51689,1
93715,0
43872,1
114788,0
59841,1
57202,1
32009,0
98860,0
40120,1
45612,1
57129,1
82683,0
35232,0
110359,0
99615,0
12902,1
113945,0
66757,1
97240,0
101900,0
3235,0
103610,0
91413,0
110427,0
119343,0
84668,0
41988,0
91081,0
71283,1
108355,0
36107,0
79440,1
1091,1
73594,1
112521,0
56315,1
99498,0
73628,1
53450,1
35926,0
40570,1
9755,1
781,0
59727,1
25253,0
74709,0
53443,1
72915,1
44283,0
37271,0
63470,1
111955,0
114076,0
64390,1
92636,0
108169,0
7173,1
94359,0
38532,0
85066,0
38254,0
86690,0
47057,0
13820,0
50907,0
94680,0
40386,1
67718,1
111227,0
108191,0
15706,1
104625,0
30268,0
43570,1
31839,0
89412,0
78140,0
67392,1
68235,1
81344,0
44900,1
67418,1
32004,0
50831,1
44849,0
26883,0
15628,0
3421,1
57472,1
35908,0
63010,1
103183,0
39773,0
79667,1
91823,0
66394,1
90683,0
30463,0
85568,0
101646,0
14996,1
10909,1
48732,1
79737,0
118665,0
54867,1
76636,0
104023,0
86772,0
8901,1
35330,0
17576,0
12858,1
108397,0
6327,1
35864,0
6897,0
83369,0
37300,0
3556,0
89408,0
41446,0
91998,0
115748,0
3604,1
82149,1
72755,1
86570,0
114753,0
112407,0
47601,1
94602,0
77617,0
18577,0
73091,1
105649,0
112621,0
80719,0
37275,0
38893,0
38140,0
79185,0
10579,1
25448,0
32594,0
83492,0
82902,1
39377,0
50000,1
78052,1
74406,1
30459,0
30547,0
81474,0
113849,0
52204,1
44040,1
108773,0
48258,1
66704,1
44818,1
11394,1
27749,0
12156,1
25272,0
82219,1
4987,1
92037,0
118862,0
57006,1
90240,0
68353,1
49976,1
92282,0
46954,1
99450,0
113672,0
52052,1
51504,1
1867,0
17803,0
66959,1
118244,0
95007,0
56562,1
11226,1
6372,1
50870,1
34712,0
34763,0
44426,1
8894,1
36542,0
50103,1
63952,1
26747,0
58061,1
63419,1
20869,0
108459,1
52139,1
92920,0
11005,1
97932,0
24867,0
110612,0
79546,1
15275,0
105724,0
75297,1
42825,0
66888,1
80097,1
88897,0
63060,1
77916,0
68857,1
90419,0
43321,1
52645,1
13138,1
30204,0
9541,1
40793,1
21788,0
71502,1
47445,0
59419,1
67033,1
76747,0
23585,0
112836,0
42674,0
114726,0
60977,1
22243,0
7100,1
94743,0
85519,0
18050,0
30591,0
105951,0
57716,1
81968,1
97265,0
92112,0
96020,0
112715,0
37199,0
9408,1
2373,1
2195,1
80910,0
76292,1
65752,1
60839,1
102712,0
18401,0
105664,0
118389,0
15161,1
75822,1
37584,0
108689,0
81043,1
42859,0
68079,1
115463,0
51334,1
106797,0
80108,1
32140,0
111039,0
6913,0
30127,0
47658,1
48164,1
22869,0
78442,1
28365,0
10406,1
113313,0
86332,0
75856,1
24992,0
64522,1
6134,0
6900,0
3300,1
44444,1
6471,1
8280,0
3816,1
25883,0
5959,1
14710,1
84820,0
65639,1
27605,0
63018,1
82599,0
44655,0
29361,0
98648,0
53401,1
6914,1
30598,0
42006,0
10487,1
98252,0
75452,1
80647,0
23870,0
93746,0
19499,0
11133,1
30783,0
108818,0
100752,0
62684,1
62078,1
90373,0
113388,0
80549,1
78265,1
116540,0
74491,1
39166,0
59004,1
65515,1
61667,1
111477,0
55309,1
92344,0
97056,0
67801,1
65947,1
105799,0
60139,1
35910,0
39791,0
97499,0
64113,1
43972,1
37731,0
112860,0
65159,1
111564,0
88587,0
22122,0
67327,1
95866,0
84257,0
26048,0
88532,0
10805,1
80985,1
112296,0
49999,1
7748,1
60085,1
100928,0
29677,0
33941,0
45324,0
28084,0
72248,1
87063,0
36551,0
5512,1
26588,0
21439,0
66598,1
4133,0
6432,1
100497,0
110726,0
61788,1
35341,0
84546,0
94515,0
96380,0
89244,0
64361,1
43307,0
97057,0
91382,0
88741,0
51922,0
38544,0
66065,1
73865,1
1562,0
80470,1
59987,1
72253,1
21188,0
36796,0
80393,1
85437,0
67141,1
86955,0
3830,1
72918,1
24937,0
69961,1
91044,0
48816,1
78619,0
65404,1
38445,0
8806,1
77600,0
97931,0
105847,0
24648,0
102249,0
104860,0
44948,1
68923,1
49366,1
74656,1
54514,1
19584,0
11905,1
36481,0
81477,0
23019,0
81001,1
70905,1
49268,1
82036,1
17516,0
52099,1
85387,0
93750,0
99306,0
28756,0
21300,0
116016,0
53788,1
109240,0
23875,0
44110,1
99134,0
31791,0
112562,0
57992,1
102547,0
48768,1
26343,0
25949,0
6520,1
55439,1
62163,1
11327,1
36467,0
1383,1
5982,1
88067,0
113499,0
116604,0
35116,0
2278,0
81842,1
49884,1
67659,1
56662,1
30340,0
116341,0
106307,0
95190,0
21706,0
75229,1
11524,1
71434,1
18271,0
867,1
101023,0
55056,1
43641,0
65220,1
119119,0
64768,1
6348,1
95241,0
94666,0
102294,0
16638,0
52721,1
110989,0
73121,1
91488,0
82752,1
89597,0
52470,1
367,1
1935,0
69954,1
54847,1
71307,1
76051,1
78458,0
24485,0
92158,0
68226,1
82572,0
34433,0
89194,0
61461,1
107421,0
27790,0
45422,0
105978,0
97837,0
76435,1
91401,0
110840,0
6936,1
4630,1
33611,0
93021,0
70527,1
49696,1
62108,1
20903,0
118116,0
110417,0
95163,0
84273,0
51943,0
38413,0
110670,0
38800,0
106983,0
9699,1
21949,0
85008,0
22586,0
98608,0
23829,0
72837,1
91589,0
35151,0
20839,0
109095,0
56764,0
101362,0
26728,0
63829,1
47972,1
104710,0
87306,0
39881,0
11556,1
81939,1
80227,0
93396,0
66522,1
117206,0
20148,0
2552,0
49925,1
89462,0
6370,1
16024,0
27270,0
34640,0
119354,0
93790,0
23583,0
85381,0
24101,0
76452,1
29304,0
108165,0
16927,0
113082,0
109963,0
77540,1
6131,0
11957,1
50115,1
18563,0
27821,0
103652,0
112746,0
25216,0
67399,1
54732,1
41276,1
49161,1
86849,0
87326,0
22811,0
117993,0
13082,1
37813,0
17326,0
46899,1
108471,0
95286,0
27386,0
58487,1
66655,1
72186,1
73871,1
70784,1
28373,0
31455,0
104255,0
77745,0
116694,0
12916,1
88715,0
111338,0
61533,1
46377,1
83946,0
39099,0
97062,0
64774,1
32187,0
84658,0
23898,0
970,1
47065,0
52387,1
72192,1
57597,1
88398,0
39807,0
36771,0
38934,0
31909,0
100288,0
108611,0
101026,0
20098,0
101963,0
50904,1
27043,0
85715,0
22111,0
27074,0
45737,0
32884,0
51986,1
112988,0
80107,1
94170,0
42306,0
105898,0
109812,0
64303,1
40271,0
9058,1
104761,0
73633,1
71007,1
27197,0
60251,1
112998,0
83747,0
107922,0
90254,0
9857,1
114900,0
39464,0
107596,0
32546,0
102486,0
63443,1
5782,1
89263,0
73684,1
51574,1
45434,0
28251,0
53492,1
41021,0
66396,1
19010,0
71786,1
57441,0
13971,0
14810,1
61850,1
19161,0
77948,0
97519,0
102424,0
23137,0
56836,1
89200,0
49622,1
61563,1
74318,1
41560,0
24960,0
86895,0
13728,1
103528,0
24225,0
67055,1
71207,1
15401,0
86904,0
12703,1
70514,1
18663,0
115321,0
44894,1
116090,0
25142,0
12108,1
107609,0
7328,1
47430,0
71530,1
85420,0
102694,0
82888,1
2675,0
55119,0
90749,0
22230,0
779,1
27798,0
41396,1
48744,0
20128,0
86540,0
102167,0
60569,1
98318,0
118072,0
937,0
43392,0
37567,0
4911,1
15255,1
78799,0
110781,0
62892,1
78022,0
29429,0
17289,0
94086,0
53561,1
117968,0
45699,0
24522,0
115255,0
56403,1
75316,1
115358,0
17174,0
6923,1
103076,0
27593,0
21527,0
93958,0
56014,1
48966,0
61280,1
12128,1
64317,1
95991,0
80898,0
99030,0
68886,1
33885,0
46722,0
105007,0
24909,0
60906,1
102981,0
55020,1
25059,0
110792,0
1092,1
78971,0
115318,0
54126,1
58774,1
21400,0
45047,1
113308,0
116254,0
87802,0
98834,0
103230,0
61270,1
117340,0
76610,0
66643,1
95237,0
37958,0
6092,1
94445,0
88207,0
37424,0
21632,0
8934,1
20651,0
29859,0
68475,1
45487,1
44998,1
11591,1
72984,1
82765,1
6705,1
88481,0
24457,0
48146,1
95542,0
93240,0
65306,1
55178,1
109629,0
29678,0
105546,0
36680,0
109601,0
38490,0
83487,1
5239,1
107644,0
65791,1
61738,1
42592,1
25976,0
11592,1
110534,0
22996,0
29242,0
106640,0
68919,1
35565,0
15608,0
74737,1
49077,1
42025,0
54711,1
100625,0
70865,1
38151,0
22824,0
31183,0
97089,0
63971,1
97739,0
2604,0
81683,0
19910,0
81174,0
25407,0
7717,1
63354,1
88582,0
104443,0
99797,0
92043,0
47035,0
102714,0
7664,1
17009,0
43256,0
34947,0
106631,0
12368,1
72388,1
37359,0
32975,0
25239,0
90856,0
119235,0
35510,0
52580,1
43467,1
73423,1
40469,1
78256,1
16849,0
14063,0
61863,1
92837,0
32023,0
88942,0
38366,0
107308,0
77583,0
89699,0
13623,1
34440,0
49354,0
70795,1
2513,0
29575,0
26179,0
29391,0
15066,0
50518,1
97342,0
1919,1
33842,0
9364,1
39721,0
106692,0
34001,0
119296,0
67888,1
42962,0
95138,0
56188,0
71573,1
80492,1
105377,0
14198,0
19940,0
52779,1
104070,0
81880,1
38308,0
20228,0
2231,1
49166,1
83092,1
98075,0
35673,0
88021,0
54747,1
28604,0
118952,0
32227,0
20921,0
23667,0
104637,0
42637,0
44101,1
28050,0
21171,0
45424,0
29097,0
26464,0
64191,1
61283,1
71139,1
92382,0
56389,1
114491,0
104527,0
112124,0
4037,1
66266,1
67973,1
3085,0
22950,0
1009,1
109530,0
39278,0
36423,0
90668,0
81619,1
114540,0
72368,1
76329,0
81374,1
70092,1
84278,0
56518,1
107283,0
107661,0
25024,0
111300,0
7064,0
30537,0
12967,1
105202,0
21693,0
90429,0
40048,0
77007,0
67041,1
75627,1
95117,0
102990,0
93318,0
42685,1
39366,0
30163,0
35165,0
5763,0
8398,1
47698,1
97133,0
111717,0
63352,1
28598,0
64153,1
88946,0
99247,0
9790,1
119049,0
82695,0
86723,0
36709,0
103300,0
88508,0
95488,0
59652,1
7851,1
47902,1
84318,0
28932,0
110567,0
9400,1
43027,0
58569,1
68260,1
41118,1
31053,0
53430,1
96057,0
32980,0
20288,0
84164,0
23160,0
8495,1
37040,0
117454,0
67894,1
59624,1
34881,0
21534,0
45174,0
97935,0
62159,1
25473,0
1766,1
24218,0
111854,0
76319,0
81615,1
105962,0
80267,0
99341,0
14743,1
93419,0
59549,1
106589,0
55683,1
95131,0
116385,0
56651,1
106761,0
29181,0
118575,0
94995,0
105079,0
55485,1
104636,0
56726,1
74294,1
108976,0
49442,1
38373,0
103078,0
107086,0
80416,1
59988,1
38895,0
117442,0
114590,0
32616,0
82779,1
101013,0
76147,1
8301,0
79702,0
48066,1
23636,0
87097,0
40771,0
29979,0
33564,0
111852,0
37010,0
43281,1
9514,1
79265,1
33978,0
59349,1
81907,1
55646,1
76152,0
78651,0
70858,1
29965,0
38787,0
100695,0
45285,0
11670,1
23865,0
105392,0
5562,0
71194,1
112935,0
45813,0
45438,0
109866,0
118269,0
16327,0
44168,0
42830,0
96803,0
42510,0
30884,0
52319,1
119016,0
103988,0
52887,1
23001,0
81390,0
26744,0
89123,0
85278,0
48892,1
84214,0
94218,0
118609,0
100623,0
14892,1
111398,0
71121,1
76052,1
39907,0
10999,1
33949,0
94134,0
110789,0
109285,0
22263,0
26853,0
20441,0
96105,0
29211,0
76553,1
2800,0
53834,1
38511,0
106940,0
50943,1
41194,1
28726,0
36080,0
83007,0
96058,0
116584,0
66688,1
15338,1
102401,0
30825,0
18277,0
74233,1
38832,0
49694,1
14570,0
119088,0
57830,1
110482,0
111284,0
3200,0
71012,1
103083,0
22363,0
6935,1
20634,0
105112,0
2608,1
60536,1
76137,1
65520,1
3014,0
12361,1
75814,1
107054,0
69809,1
44187,0
70689,1
28544,0
69071,1
80796,1
85392,0
18441,0
99924,0
12308,1
99098,0
23880,0
4033,0
4446,0
71525,1
13780,1
41758,0
58676,1
53061,1
60025,1
75583,0
28172,0
29505,0
107064,0
103040,0
36764,0
16959,0
109793,0
57696,1
15673,1
24481,0
67760,1
118416,0
23587,0
10695,1
31937,0
58212,1
60493,1
29234,0
103939,0
38993,0
58509,1
63631,1
44271,0
15707,1
105010,0
8007,1
85606,0
4503,1
54696,1
23488,0
65242,1
43189,0
34647,0
72738,1
82211,1
66255,1
52316,1
37963,0
31915,0
75116,1
1343,1
117544,0
37024,0
51483,1
57065,1
81871,1
96350,0
108600,0
99263,0
1173,0
72832,1
99779,0
84351,0
117289,0
9779,1
97269,0
50869,1
35357,0
27379,0
56296,1
101347,0
49132,1
66279,1
79417,1
23274,0
51134,0
109279,0
51441,1
37418,0
11597,1
104629,0
20481,0
85959,0
76988,0
40486,1
80093,1
96363,0
57286,1
81811,1
12329,1
19298,0
12405,1
59947,1
77390,0
110598,0
29941,0
62608,1
99517,0
88668,0
10193,1
85608,0
76630,0
97998,0
63593,1
106906,0
74500,1
89721,0
90800,0
480,0
96311,0
2312,1
14097,0
71951,1
108670,0
112665,0
56886,1
77748,0
115019,0
19077,0
88118,0
42528,0
118434,0
32965,0
102561,0
43216,0
74908,1
86174,0
29613,0
32932,0
44897,1
40145,1
64676,1
87928,0
88044,0
117107,0
28363,0
106364,0
9664,1
90351,0
49281,1
112383,0
94854,0
3880,1
39357,0
14259,1
85721,0
51525,1
12142,1
70691,1
7682,1
61395,1
58614,1
39269,0
76976,0
41409,1
111437,0
70261,1
59110,1
45457,0
93899,0
111030,0
9161,1
97773,0
26881,0
97080,0
14510,0
41395,1
47573,0
30687,0
6402,0
22417,0
52069,1
52763,1
13154,1
69012,1
70153,1
502,0
114986,0
72314,1
64304,1
19454,0
22135,0
5556,0
49732,0
38820,0
12867,1
53365,1
5685,1
2282,0
19560,0
97302,0
7066,0
21830,0
20120,0
20114,0
16812,0
81352,0
42642,1
102028,0
88195,0
67778,1
113253,0
52325,1
93308,0
64960,1
11516,1
10739,1
107362,0
19620,0
9336,1
13514,1
109090,0
108054,0
45630,1
10536,1
31689,0
34301,0
108916,0
21703,0
103245,0
116918,0
38453,0
102273,0
88556,0
4265,1
47962,1
85144,0
65096,1
100899,0
114584,0
23678,0
2838,0
89342,0
32710,0
50065,1
84244,0
111962,0
38550,0
91370,0
82793,1
37503,0
10541,1
2496,0
85290,0
35215,0
4444,0
9356,1
74299,1
75910,1
102560,0
84161,0
89027,0
118915,0
9445,1
21933,0
107883,0
111649,0
110719,0
118568,0
99254,0
112646,0
85401,0
62329,1
47798,0
100550,0
22764,0
105450,0
73577,1
93576,0
61537,1
104433,0
98448,0
48150,0
23542,0
106419,0
80601,0
31790,0
61935,1
102495,0
102823,0
71441,1
112067,0
2101,0
30619,0
65800,1
101459,0
69298,1
89136,0
51571,1
70074,1
64325,1
81293,0
106596,0
101473,0
111255,0
91422,0
86614,0
83303,0
39692,0
37984,0
51640,1
106619,0
68824,1
78347,0
53890,1
46527,0
58068,1
35786,0
116785,0
94739,0
62906,1
59467,1
83142,0
88132,0
116568,0
42100,1
77334,1
96563,0
7955,1
110307,0
77605,0
91160,0
109049,0
2389,1
58133,1
33333,0
24710,0
96754,0
15560,0
7629,1
56369,1
86399,0
62803,1
85719,0
47169,1
13819,0
74832,1
66313,1
105141,0
37615,0
88522,0
110455,0
80534,0
75575,0
26363,0
84258,0
101237,0
12213,1
22640,0
11510,1
55617,1
33478,0
34896,0
47197,1
20758,0
5923,0
43741,0
46175,0
4893,1
53548,1
109066,0
118543,0
5016,1
48707,1
54490,1
14916,0
83028,0
109769,0
89385,0
8125,1
58888,1
69254,1
3595,1
78868,0
107711,0
26897,0
109070,0
110143,0
81914,1
39719,0
20661,0
104686,0
98232,0
78843,1
51315,1
84968,0
89250,0
83927,0
114551,0
51796,1
95248,0
11480,1
29952,0
94619,0
46796,1
23113,0
23224,0
99840,0
42562,0
74724,0
30980,0
9795,1
102670,0
47600,1
117295,1
24373,0
3295,1
69635,1
63021,1
15664,1
2010,0
42931,0
15207,1
58630,1
116231,0
104267,0
80125,1
94001,0
23554,0
66742,1
115721,0
67365,1
3924,0
102599,0
45623,1
43139,0
42176,0
80296,1
109229,0
54864,1
101567,0
89794,0
6455,1
31941,0
97700,0
45406,0
90591,0
109411,0
42385,0
56267,1
101639,0
62986,1
99812,0
42653,0
98149,0
50397,1
99837,0
3049,0
32031,0
25819,0
111725,0
85283,0
69819,1
38046,0
92566,0
1785,0
60054,1
45264,0
9143,1
48713,1
65423,1
110251,0
96021,0
110367,0
107908,0
60223,1
95380,0
93686,0
34081,0
57659,1
3349,0
17168,1
103810,0
18540,0
97347,0
68931,1
42314,0
103416,0
2354,0
69826,1
75098,1
1943,0
107040,0
77231,0
99069,0
117553,0
31118,0
7997,1
62807,1
55526,1
96947,0
4960,0
45847,0
43781,0
46597,0
20160,0
7674,1
57623,1
75637,1
109552,0
13651,1
38022,0
85247,0
37002,0
62097,1
81295,0
12894,1
99315,0
63184,1
81185,0
109537,0
68499,1
58498,1
96233,0
104001,0
108786,0
46420,0
2710,0
82925,1
110906,0
119011,0
46392,0
42607,0
4938,1
17509,0
87073,0
110328,0
5302,1
51012,1
59316,1
113803,0
77426,0
106331,0
77802,1
77291,0
79282,0
67329,1
38095,0
23478,0
42290,1
3481,1
102368,0
35272,0
58288,1
93147,0
109043,0
32781,0
93653,0
68635,1
61692,1
111937,0
49867,0
58353,1
75359,1
106993,0
103695,0
17723,0
68848,1
3328,1
30235,0
36951,0
115234,0
93047,0
40288,1
328,1
105188,0
53732,1
87557,0
95445,0
115427,0
64770,1
85850,0
9604,1
12066,1
15118,0
104435,0
18867,0
8010,1
92762,0
93603,0
29221,0
54137,1
48542,0
62119,1
57612,1
4564,0
6618,1
37665,0
22590,0
86421,0
67386,1
15011,1
31998,0
27976,0
89288,0
98772,0
1754,0
5140,0
103857,0
20571,0
36395,0
56630,1
14310,0
25514,0
69355,1
100323,0
17734,0
79387,0
104339,0
98524,0
75422,1
64544,1
107153,0
83237,0
6746,0
11847,1
109897,0
89333,0
93295,0
50614,0
95738,0
5173,1
51304,1
48454,0
82635,0
78433,0
21024,0
87617,0
4943,1
115330,0
73205,1
77875,1
108245,0
101245,0
77799,1
8687,1
90392,0
70876,1
43837,1
65501,1
56535,1
103272,0
13880,0
57341,1
98376,0
84856,0
101755,0
88998,0
24289,0
97207,0
7319,1
45942,0
109586,0
33897,0
1419,0
91186,0
78581,0
87708,0
82065,0
41101,0
2770,1
8146,0
44011,0
95514,0
63163,1
114112,0
91928,0
1577,0
81176,1
99353,0
83305,0
95436,0
67639,1
55679,1
50806,1
42748,0
65733,1
57125,1
107379,0
71027,1
67635,1
78540,0
78181,0
52707,1
87620,0
106680,0
45990,1
76850,0
7696,1
101884,0
112675,0
47822,1
57726,1
30082,0
61529,1
16583,0
14924,0
50466,1
40550,0
29031,0
118508,0
40540,0
41280,1
75855,1
60508,1
59038,1
44672,1
32744,0
98655,0
111211,0
30084,0
36123,0
20960,0
109007,0
38429,0
21595,0
118788,0
94778,0
70591,1
46951,1
100970,0
68907,1
89257,0
8594,1
78906,0
12291,1
11116,1
97163,0
44348,0
70546,1
75303,1
73544,1
118489,0
105324,0
35865,0
46615,1
92787,0
2750,0
12151,1
95413,0
24675,0
59694,1
86225,0
62306,1
110744,0
87153,0
65206,1
100646,0
26730,0
115210,0
7910,1
72950,1
10261,1
53491,1
106435,0
38205,0
83419,0
117105,0
22862,0
48220,1
29617,0
108791,0
111386,0
93194,0
61380,1
19326,0
61614,1
23188,0
51238,0
45949,1
31191,0
685,1
49112,1
82966,0
79728,1
17714,0
90464,0
16273,0
80307,1
64682,1
89192,0
110424,0
8801,0
73712,1
68118,1
47522,1
6816,0
92586,0
114516,0
57985,1
115719,0
63935,1
5197,1
35462,0
117925,0
107901,0
968,1
93954,0
7583,1
43357,1
20860,0
13471,1
27408,0
5450,1
88358,0
105016,0
35464,0
58340,1
18509,0
2119,0
33761,0
9071,1
41435,0
69774,1
12843,1
21577,0
108128,0
41248,1
22152,0
13043,1
105746,0
83995,0
92347,0
103651,0
77209,1
76581,1
65848,1
6911,1
56732,1
99807,0
8147,1
61223,1
21796,0
115853,0
118638,0
17030,0
116901,0
31994,0
108936,0
94770,0
69116,1
115924,0
114885,0
16642,0
97164,0
106428,0
18390,0
96857,0
113618,0
82496,0
34379,0
18010,0
43333,1
97457,0
74952,1
17776,0
110622,0
29460,0
19915,0
74081,1
59961,1
111571,0
116080,0
66050,1
47740,1
53965,1
111461,0
24531,0
45607,1
75570,0
53077,1
21040,0
18833,1
42015,0
73987,1
67873,1
39446,0
82020,1
28900,0
12191,1
16880,0
74607,1
65328,1
57174,1
95879,0
33211,0
116736,0
45091,1
13102,1
71137,1
90527,0
69335,1
30621,0
86273,0
16683,0
7397,1
63382,1
113798,0
61844,1
47111,1
41759,1
104091,0
102792,0
9334,1
116780,0
9784,1
28972,0
63933,1
95568,0
64208,1
20000,0
55352,1
54621,1
32020,0
16390,0
15182,1
32583,0
22860,0
84895,0
14992,1
104540,0
35459,0
67166,1
89940,0
71155,1
49093,1
80261,0
117396,0
103420,0
63314,1
102594,0
83766,0
17032,0
106973,0
28812,0
72893,1
41728,0
65920,1
70316,1
74319,1
98015,0
18117,0
64415,1
26726,0
117882,0
4914,1
29498,0
78696,0
33033,0
116689,0
22677,0
96513,0
19960,0
84582,0
17578,0
88562,0
54704,0
6326,0
33575,0
41224,0
73791,1
44760,0
81922,1
18099,0
71979,1
43207,0
89353,0
44840,0
24473,0
106250,0
2141,1
80957,1
1910,1
50546,1
80196,0
80513,1
61358,1
82708,0
51413,1
111195,0
59812,1
77444,1
9513,1
46218,0
42406,1
72290,1
39042,0
88385,0
77522,0
6121,0
38526,0
118180,0
115715,0
54989,1
51298,1
29383,0
113640,0
16181,0
104125,0
65904,1
67052,1
36559,0
85262,0
42522,0
35311,0
48671,1
78841,0
95439,0
77726,0
19627,0
71488,1
97620,0
18981,0
38573,0
80536,0
75499,1
47336,1
43710,0
4119,1
109573,0
4927,1
41193,1
39183,0
33732,0
19099,0
2379,1
49572,1
105819,0
32994,0
7036,1
5319,1
110645,0
83661,0
115071,0
104655,0
98968,0
50890,1
27108,0
90840,0
54299,1
41442,1
105663,0
46884,1
41890,0
110844,0
106895,0
47577,1
55930,1
65828,1
72401,1
51059,1
77933,0
35708,0
21662,0
72539,1
86523,0
25287,0
33258,0
48130,1
52211,1
90857,0
42872,0
4577,0
39733,0
74691,1
25716,0
54522,0
111318,0
28285,0
109693,0
117636,0
88153,0
112491,0
29142,0
8745,1
55499,1
113648,0
16173,0
15436,0
89824,0
14757,1
58402,1
6113,0
67779,1
11142,1
6451,1
62282,1
93490,0
68758,1
112129,0
28957,0
62295,1
60533,1
17133,0
86594,0
92062,0
12667,1
94625,0
71313,1
59736,1
8869,1
61383,1
113654,0
32565,0
78279,0
27529,0
61797,1
18315,0
16790,0
29007,0
85639,0
17280,0
108736,0
64084,1
84134,0
74345,1
53680,1
9656,1
14350,0
55263,1
107224,0
66719,1
7653,1
25921,0
9256,1
101108,0
24041,0
104603,0
60168,1
84640,0
95234,0
37511,0
47578,1
31812,0
47849,1
17385,0
4632,1
114160,0
21114,0
40082,0
71640,1
68087,1
65539,1
56045,1
40648,0
77410,0
83562,0
25098,0
61557,1
5245,1
9729,1
23175,0
86973,0
52649,1
63175,1
46055,0
117614,0
13216,1
45632,0
116607,0
10322,1
22717,0
69200,1
59114,1
16769,1
64713,1
94101,0
110212,0
24490,0
57508,1
35060,0
102934,0
21239,0
115275,0
69178,1
78102,0
70524,1
67539,1
24292,0
75872,1
3239,1
62748,1
108742,0
108063,0
58980,1
96266,0
4319,1
93689,0
85663,0
25834,0
72265,1
57085,1
56339,1
44427,1
40208,1
24784,0
16493,1
16432,0
47410,1
104896,0
37331,0
11561,1
34100,0
117665,0
44351,0
55017,1
53224,1
96295,0
83026,0
117095,0
72357,1
101712,0
105314,0
65602,1
64940,1
52740,1
106344,0
21064,0
76617,0
101325,0
112217,0
115568,0
103838,0
90434,0
102986,0
110024,0
102496,0
9508,1
117822,0
52446,1
111759,0
11634,1
29183,0
63133,1
105592,0
108156,0
4799,0
26892,0
35379,0
17602,0
67492,1
47934,1
43126,0
66506,1
115239,0
112901,0
61102,1
37181,0
13325,1
34229,0
91812,0
12112,1
72969,1
12487,1
19141,0
43484,0
72935,1
28398,0
47940,1
35258,0
77150,0
24023,0
80802,0
91637,0
41877,0
42974,0
26242,0
26665,0
96291,0
112339,0
97676,0
15499,0
99866,0
33441,0
107387,0
50260,1
57744,1
94698,0
9385,1
63513,1
28769,0
99411,0
94497,0
83397,0
43137,0
1688,1
65263,1
46185,0
31956,0
49603,0
82931,1
99344,0
45378,0
63520,1
1947,0
13218,1
23573,0
55625,1
37234,0
113255,0
36222,0
22428,0
45861,0
42396,1
99773,0
91805,0
75454,1
5867,0
42000,1
87707,0
8465,1
51201,1
62947,1
31254,0
85089,0
3920,1
32986,0
6916,1
21050,0
99913,0
22808,0
109742,0
60967,1
29018,0
68497,1
88225,0
9348,1
54261,1
52102,1
5430,1
53852,1
107832,0
26395,0
109763,0
59995,1
24195,0
50617,0
3776,1
37745,0
36331,0
1416,1
64848,1
26584,0
64028,1
79118,0
62430,1
99727,0
106800,0
57913,1
2809,0
96707,0
23056,0
25613,0
78173,0
54640,1
2489,0
111979,0
24425,0
18266,0
79358,0
31331,0
329,0
15270,0
97470,0
67294,1
33877,0
62726,1
114071,0
3078,0
106770,0
42609,0
56242,1
49626,1
36371,0
114236,0
55409,1
100514,0
37058,0
3531,0
72387,1
102133,0
94006,0
26923,0
14222,0
97649,0
69079,1
86701,0
100999,0
112800,0
61212,1
56708,1
85090,0
24279,0
62202,1
114407,0
100769,0
88622,0
115939,0
6003,1
87837,0
87901,0
104430,0
12354,1
93777,0
53919,1
33162,0
26712,0
64256,1
27703,0
115313,0
26697,0
98992,0
90255,0
108734,0
111879,0
24482,0
61229,1
28520,0
26175,0
93012,0
32278,0
97925,0
51385,1
67452,1
109758,0
23987,0
50156,1
77411,0
97229,0
11765,1
48424,1
667,0
117279,0
73365,1
106204,0
113711,0
54814,1
33434,0
39712,0
13171,1
34630,0
16488,0
26572,0
6531,1
46178,0
105484,0
39333,0
38555,0
7857,1
61388,1
102939,0
87517,0
88230,0
98559,0
83793,0
98331,0
90191,0
16480,0
111242,0
21651,0
93202,0
12686,1
27212,0
91205,0
30219,0
97353,0
69727,1
114886,0
66493,1
9455,1
27539,0
61927,1
7378,1
8651,1
90390,0
1770,0
85319,0
6010,1
85057,0
10925,1
100596,0
113838,0
32368,0
102921,0
92364,0
41440,0
77450,1
78125,0
65276,1
30184,0
57672,1
1118,0
52522,1
98363,0
88013,0
69404,1
3286,0
17907,0
79255,1
101694,0
16617,0
82268,1
82557,0
7019,1
41578,1
74807,1
112965,0
34155,0
115611,0
38137,0
116905,0
93885,0
10752,1
52962,1
89277,0
36339,0
108467,0
17881,0
1331,0
108911,0
99420,0
87020,0
39259,0
96833,0
85879,0
82576,0
92413,0
14679,0
16344,0
13419,1
20202,0
31588,0
65190,1
82826,1
5045,1
119262,0
118021,0
59732,1
39745,0
9577,1
16807,0
49033,1
14403,0
5692,0
82110,0
111774,0
16062,0
89525,0
93584,0
36957,0
29604,0
115384,0
98622,0
63001,1
106128,0
98546,0
75784,1
34739,0
13605,1
14655,0
86708,0
9821,1
80060,1
61184,1
23665,0
34157,0
86181,0
17273,0
80992,0
29417,0
18519,0
16069,0
39239,0
38036,0
82622,0
90638,0
61236,1
36466,0
102777,0
2811,1
2781,0
81501,0
42611,0
115281,0
116558,0
34223,0
108230,0
49462,1
92058,0
60155,1
55975,1
77713,0
92235,0
45381,0
40522,1
114656,0
45352,0
68610,1
78384,0
63702,1
39300,0
71880,1
6762,1
111704,0
73158,1
551,1
109254,0
101095,0
31221,0
100690,0
32641,0
76110,1
30213,0
84356,0
112610,0
113732,0
4713,1
43503,0
57158,0
108081,0
35161,0
103922,0
85744,0
85413,0
37356,0
70592,1
630,1
53080,1
110731,0
89733,0
32996,0
1831,1
12279,1
18163,0
60469,1
45375,0
36034,0
17334,0
53910,1
100842,0
81343,0
49258,1
95922,0
103238,0
68299,1
5632,1
83504,0
53709,1
7875,1
63333,1
65851,1
26422,0
68069,1
116243,0
119074,0
38333,0
4387,1
7633,1
82654,0
83806,0
18397,0
18961,0
9489,1
71527,1
43651,1
78554,0
82476,0
98006,0
110658,0
20415,0
45941,1
82385,1
24184,0
8559,0
64794,1
44238,0
31796,0
41141,0
109829,0
38942,0
66925,1
69227,1
39309,0
48811,1
90249,0
31281,0
38325,0
19725,0
69725,1
43625,0
2413,0
43059,0
74464,1
65968,1
72321,1
15907,0
38383,0
39053,0
22733,0
82922,1
102802,0
92845,0
114772,0
80369,0
117140,0
57782,1
60024,1
23371,0
106458,0
118395,0
5143,1
110782,0
60389,1
57915,1
4473,1
796,1
91384,0
101172,0
16918,0
72886,1
108754,0
80650,0
111826,0
31319,0
100483,0
109044,0
49365,1
81573,1
25708,1
66323,1
75468,1
14383,0
23688,0
93805,0
12327,1
100929,0
47401,1
95259,0
52909,1
35023,0
115105,0
116239,0
62933,1
31066,0
86040,0
89570,0
38854,0
71912,1
49390,1
44068,1
111513,0
93821,0
95348,0
48250,1
29539,0
81468,0
79245,1
65153,1
18607,0
17084,0
85116,0
28471,0
109440,0
111837,0
42175,0
111264,0
34427,0
13156,1
101358,0
13609,1
24704,0
22165,0
113379,0
18124,0
12719,1
19211,1
74361,1
27884,0
17531,0
68368,1
13755,1
78625,0
1584,0
49668,1
75458,1
92623,0
36806,0
71644,1
66302,1
67937,1
22137,0
107578,0
63834,1
63478,1
31336,0
11898,1
83529,0
33686,0
20534,0
44766,0
8798,0
25803,0
20480,0
94665,0
103967,0
48268,1
75232,1
45311,0
36370,0
12527,1
84376,0
17991,1
104528,0
107050,0
30366,0
62888,1
57477,0
17167,1
103388,0
83087,0
19360,0
108528,0
49164,1
15687,0
59213,1
6060,1
49930,1
97466,0
68371,1
37267,0
116866,0
110500,0
96476,0
59363,1
66566,1
52390,1
112540,0
69223,1
9753,1
65970,1
86718,0
74296,1
13028,1
63768,1
59500,1
112175,0
35094,0
946,1
94635,0
71290,1
83742,0
30716,0
64951,1
25740,0
47608,1
105656,0
43756,0
97720,0
71895,1
7706,0
88713,0
61572,1
55420,1
66231,1
12908,1
80443,1
9315,1
99738,0
81250,0
29823,0
80474,1
87768,0
24871,0
81288,0
66012,1
62880,1
62113,1
83439,0
89565,0
19600,0
104544,0
43494,0
89294,0
106668,0
94179,0
47751,1
42854,0
64043,1
25298,0
100278,0
42464,0
5801,0
70496,1
111317,0
102508,0
85027,0
8730,1
74407,1
67182,1
37218,0
100175,0
32832,0
103460,0
77438,1
78325,0
14390,0
89817,0
41509,1
85424,0
97036,0
72328,1
116790,0
106688,0
79674,0
27773,0
115415,0
114065,0
28692,0
87929,0
84762,0
25462,0
54859,1
23581,0
108655,0
106100,0
2966,0
15258,0
39195,0
7405,1
63607,1
61414,1
87600,0
77793,0
108775,0
41817,0
16218,0
83540,0
78729,0
85750,0
106046,0
72703,1
46590,1
112622,0
113384,0
110763,0
60380,1
116394,0
97377,0
99301,0
6947,1
107358,0
59082,1
94833,0
118971,0
71966,1
88747,0
116883,0
115982,0
1414,1
49645,0
116800,0
104072,0
83130,0
15313,1
96568,0
8796,0
91099,0
46696,1
111586,0
76987,0
33725,0
30197,0
72679,1
74836,1
50028,1
22675,0
76278,1
92961,0
41860,0
47294,1
79721,0
87500,0
34281,0
20309,0
10293,1
92775,0
18393,0
79988,0
16659,0
6971,0
26303,0
5878,0
61958,1
91552,0
69478,1
99571,0
99401,0
90887,0
76366,0
49735,1
20519,0
73291,1
114934,0
106733,0
94334,0
14624,0
29407,0
82073,0
38844,0
55399,1
105780,0
38444,0
41818,0
33860,0
73522,1
85125,0
88878,0
24073,0
40056,0
44,0
69350,1
9238,1
112005,0
29201,0
39394,0
77996,1
89544,0
109857,0
104289,0
106102,0
109258,0
34716,0
21377,0
102751,0
36124,0
104734,0
42787,1
113554,0
97665,0
38065,0
62611,1
71762,1
893,0
91263,0
44103,1
90711,0
73725,1
37018,0
86880,0
68614,1
82216,1
115962,0
97578,0
35299,0
33313,0
3168,1
4823,0
33378,0
84562,0
115099,0
40491,0
59847,1
69885,1
8337,1
14258,0
108065,0
75546,0
65976,1
76451,1
49786,1
109941,0
13,0
99280,0
25540,0
98727,0
64106,1
81998,1
4314,1
1050,1
15557,0
1312,1
53353,1
46152,0
114164,0
20512,0
104986,0
6802,1
98533,0
4022,1
76588,1
25273,0
490,0
95082,0
98654,0
47070,1
94325,0
74959,1
71416,1
116438,0
49086,1
60328,1
36258,0
16027,0
111732,0
3360,1
11112,1
92800,0
101370,0
92813,0
16267,0
19743,0
11159,1
49671,1
24891,0
72487,1
34609,0
59857,1
38883,0
25794,0
107850,0
2802,0
37131,0
84077,0
13447,1
30533,0
8653,0
99489,0
109039,0
3327,1
32352,0
75345,1
66887,1
33863,0
37095,0
2785,1
62098,1
23050,0
56441,1
110660,0
102336,0
80270,1
78091,0
30933,0
105201,0
110828,0
43377,1
56277,1
80692,0
117799,0
24412,0
10891,1
6548,1
76696,0
50275,1
72400,1
91021,0
23282,0
43933,1
76528,1
29940,0
60935,1
70441,1
18249,0
100952,0
100443,0
47422,0
74447,1
25601,0
10356,1
35354,0
108134,0
69978,1
8930,1
39025,0
32037,0
40316,1
7510,1
53823,1
111877,0
57765,1
18815,0
49391,1
118027,0
32568,0
85916,0
37065,0
17060,0
915,0
15324,1
30992,0
117957,0
6040,1
11924,1
5870,0
6831,1
101144,0
78837,0
67008,1
80947,0
116887,0
106232,0
89598,0
72465,1
10972,1
102778,0
57105,1
43054,0
6274,0
110039,0
84051,0
76006,1
99725,0
70806,1
76650,0
89006,0
32712,0
78585,0
103120,0
60522,1
93465,0
70836,1
59433,1
60626,1
78103,0
95362,0
88541,0
19222,1
108390,0
40423,1
104356,0
98790,0
3601,1
55627,1
59955,1
45940,0
52788,1
13033,1
1609,0
114628,0
98800,0
12834,1
27416,0
2207,0
5583,1
38437,0
76401,0
115311,0
177,0
14573,0
110879,0
95149,0
23745,0
109960,0
118185,0
91244,0
45186,0
64417,1
43418,0
40169,1
18083,0
51020,1
96711,0
89475,0
78040,0
95398,0
23614,0
61092,1
75868,1
72025,1
115933,0
107869,0
102573,0
39438,0
80943,0
68237,1
20012,0
107907,0
5537,1
60855,1
83969,0
95449,0
25210,0
24735,0
93734,0
86270,0
87447,0
12115,1
111638,0
12495,1
16500,0
67573,1
68625,1
78272,1
38626,0
72620,1
95453,0
111624,0
44392,0
68388,1
19189,1
38304,0
84694,0
118327,0
4598,0
5957,0
52212,1
36672,0
14255,0
21938,0
40994,0
101527,0
71159,1
25072,0
92121,0
3532,0
17451,0
3057,1
29994,0
60868,1
25388,0
20744,0
110795,0
100341,0
95908,0
24721,0
50404,1
28763,0
27346,0
28798,0
39636,0
94531,0
46070,0
59616,1
24048,0
25837,0
85324,0
49284,0
1078,1
12407,1
75662,1
110760,0
66715,1
75188,1
32486,0
110263,0
25387,0
88070,0
76632,0
74025,1
50452,1
34769,0
5559,1
7720,1
49951,1
84877,0
1356,0
63926,1
111507,0
36533,0
91142,0
9144,1
48760,1
33762,0
73591,1
95129,0
12285,1
108817,0
49267,0
13744,1
85678,0
16425,0
53581,1
37694,0
15216,1
83484,0
29389,0
12075,1
25892,0
114872,0
96017,0
77653,1
4537,0
372,0
113524,0
52274,1
82335,0
65607,1
34804,0
15367,0
115941,0
29925,0
68587,1
85205,0
72691,1
41870,0
26232,0
96999,0
66104,1
68162,1
31496,0
68402,1
12063,1
16795,0
22322,0
76119,1
639,0
40820,0
100258,0
11633,1
75639,1
58045,1
28256,0
76240,1
50443,1
87457,0
81030,1
21312,0
39256,0
17353,0
96386,0
36634,0
51155,1
50027,1
119286,0
112588,0
9956,1
116862,0
11402,1
12968,1
114933,0
76900,0
14060,0
33017,0
9109,1
27180,0
29763,0
101535,0
118551,0
44416,1
69373,1
64648,1
119113,0
51651,1
43186,0
74775,1
66889,1
101244,0
83502,0
51247,1
97800,0
39008,0
3052,1
41133,0
47263,0
81113,1
11857,1
53029,1
65412,1
35139,0
4534,0
113637,0
82080,0
57349,1
61504,1
109220,0
51407,1
105701,0
107301,0
2784,1
51825,1
115316,0
51628,1
24057,0
45470,1
98061,0
66582,1
114113,0
8564,1
114249,0
16906,0
4639,1
42202,0
97483,0
105178,0
5895,1
42291,0
91574,0
99667,0
95107,0
21696,0
102608,0
106269,0
101673,0
75909,1
73595,1
87293,0
93531,0
82540,0
65348,1
113305,0
21875,0
1014,0
22293,0
111460,0
40672,0
91781,0
85974,0
43957,1
51567,1
64744,1
23081,0
111344,0
43598,0
107571,0
69437,1
118372,0
36245,0
21642,0
39989,0
24230,0
98682,0
85271,0
62392,1
105997,0
21398,0
82184,1
46833,0
96388,0
59769,1
17233,0
109276,0
101895,0
6788,0
27957,0
25885,0
83098,0
105192,0
92584,0
24529,0
71385,1
8603,0
103132,0
34646,0
1459,1
54883,0
88814,0
65930,1
104421,0
19693,0
36836,0
58661,1
46142,0
106042,0
17145,0
36155,0
73627,1
99318,0
15266,0
87738,0
12660,1
2658,1
73517,1
14542,0
80720,0
8736,0
38875,0
15335,0
63843,1
28956,0
15999,0
85589,0
41964,0
74985,1
47425,1
108465,0
63958,1
19364,0
59939,1
116093,0
84515,0
93210,0
112212,0
51744,1
10106,1
26153,0
25283,0
42190,0
44929,1
54356,1
98349,0
109822,0
54771,1
36809,0
44587,0
110923,0
94843,0
84863,0
30257,0
115950,0
66284,1
43124,0
4778,0
11101,1
27663,0
104074,0
100648,0
23378,0
93684,0
62669,1
56446,0
4090,1
113467,0
97973,0
4678,1
34783,0
4305,1
36287,0
65614,1
52487,1
82097,0
87325,0
78058,0
42860,0
2029,1
94398,0
33487,0
47172,0
68318,1
37348,0
48890,1
69275,1
40937,0
41986,0
15847,0
117916,0
13267,1
55985,1
1245,1
105643,0
99478,0
50180,1
21787,0
118192,0
28446,0
40436,0
109187,0
23064,0
68608,1
85760,0
2836,1
64506,1
115835,0
27096,0
61085,1
27866,0
50366,1
62427,1
845,1
105575,0
37416,0
10272,1
72221,1
108176,0
81833,1
84651,0
42895,0
107484,0
60281,1
64125,1
12171,1
33476,0
83753,0
45397,1
61955,1
71563,1
53835,1
99208,0
56450,1
82511,0
92563,0
53128,1
6179,1
94896,0
70339,1
31112,0
41210,0
89541,0
9343,1
19374,1
93913,0
90515,0
19950,0
34398,0
60860,0
45886,1
55818,1
30641,0
49323,1
116285,0
92432,0
31428,0
104825,0
39030,0
86740,0
110106,0
92246,0
86124,0
36188,0
50305,1
114390,0
89712,0
15023,0
11150,1
6379,1
85166,0
73691,1
46986,0
50097,1
81841,1
94261,0
44249,0
54853,1
43830,1
54536,1
57117,1
118181,0
106624,0
94400,0
110740,0
24978,0
9154,1
17510,0
28838,0
67437,1
29957,0
38695,0
80595,0
113948,0
77796,0
80209,0
33423,0
49846,0
71883,1
13417,1
72769,1
116812,0
104846,0
28748,0
63003,1
116738,0
1863,1
16478,0
42885,1
53754,1
13294,1
46820,1
36991,0
65819,1
33045,0
79173,0
70432,1
48071,1
80738,0
39707,0
77604,0
72933,1
48988,1
35578,0
59738,1
67707,1
90538,0
67395,1
70196,1
108012,0
429,0
77102,0
58499,1
55322,1
28230,0
16762,0
87150,0
94258,0
52270,1
110891,0
119362,0
24487,0
57879,1
62900,1
56608,1
80460,1
12369,1
51805,1
116320,0
39664,0
94875,0
56215,1
52453,1
45059,1
60968,1
69790,1
91640,0
49891,1
30394,0
31770,0
65358,1
73366,1
97027,0
12282,1
61913,1
31151,0
117746,0
106140,0
53203,1
30838,0
88108,0
42579,0
45240,1
104662,0
30900,0
62847,1
84978,0
117797,0
32098,0
96668,0
103119,0
8434,1
59837,1
13356,1
89082,0
88281,0
87578,0
36792,0
83532,0
104900,0
41581,0
57144,1
108863,0
45337,1
29636,0
1540,0
108287,0
20378,0
3506,1
57039,1
36015,0
24229,0
84814,0
103755,0
98167,0
16528,0
54517,1
15974,0
39390,0
22413,0
87619,0
64503,1
70202,1
111888,0
1162,1
98176,0
49243,1
8034,1
102058,0
109170,0
77220,0
81393,0
3472,0
92051,0
118826,0
103742,0
32109,0
25749,0
73903,1
95057,0
2495,1
18659,0
19651,0
91638,0
63670,1
89467,0
32914,0
77733,0
48563,1
5075,1
16602,0
7033,1
114500,0
56709,1
51485,1
80851,0
63310,1
74056,1
27078,0
18827,0
41370,1
108846,0
35362,0
107837,0
98335,0
6342,1
60506,1
30601,0
77964,0
58343,1
13400,1
17759,0
82632,0
66900,1
44415,1
112570,0
38861,0
68569,1
58361,1
113039,0
30520,0
17965,0
85708,0
111553,0
49793,1
111339,0
19794,0
85388,0
64679,1
42237,0
73976,1
66539,1
87589,0
75767,1
112083,0
73277,1
66942,1
67602,1
77909,0
91046,0
25468,0
52210,1
28601,0
15521,0
12605,1
17660,0
73761,1
107221,0
87003,0
39174,0
98062,0
51446,1
115153,0
11696,1
81605,0
46688,1
102637,0
47528,1
34058,0
30784,0
63516,1
22400,0
1108,1
539,0
60145,1
3568,0
5442,1
36515,0
105824,0
89447,0
61886,1
91572,0
118378,0
67972,1
100511,0
9801,1
18695,0
39420,0
13338,1
25727,0
65603,1
84355,0
26924,0
23669,0
117830,0
70243,1
96841,0
96168,0
107880,0
78318,0
36076,0
98026,0
51085,1
75762,1
100559,0
94624,0
18690,0
99144,0
69591,1
1317,0
73870,1
38295,0
110347,0
28175,0
7188,1
64381,1
29408,0
72602,1
31550,0
94156,0
105328,0
86449,0
95549,0
51601,0
18610,0
110364,0
118062,0
119189,0
64957,1
850,1
62155,1
115361,0
48386,1
87464,0
81602,0
110016,0
27796,0
10658,1
71193,1
62988,1
97986,0
37938,0
95389,0
72753,1
82280,1
27737,0
61960,1
92371,0
62845,1
100456,0
25783,0
59960,1
29986,0
22435,0
82624,0
80749,1
58303,1
47017,1
33248,0
85493,0
100894,0
45369,0
118737,0
20222,0
88951,0
8329,0
23434,0
101127,0
918,0
74159,1
16667,0
98816,0
99269,0
115946,0
17492,0
43594,0
10738,1
94517,0
22253,0
49659,1
98841,0
118354,0
22705,0
26447,0
70711,1
89225,0
65808,1
58655,1
54869,1
74142,1
110245,0
73492,1
118157,0
34627,0
10408,1
25586,0
63259,1
57646,1
59927,1
86419,0
88529,0
34387,0
90633,0
70195,1
90365,0
72707,1
103704,0
41727,1
64076,1
56534,1
111253,0
83527,0
85693,0
75643,1
11678,1
115522,0
3096,1
86976,0
13644,1
11706,1
69372,1
109566,0
95423,0
9705,1
60492,1
53963,1
46701,0
21888,0
26890,0
95762,0
52517,1
82139,1
7623,1
23924,0
84316,0
75148,1
44381,0
115758,0
66101,1
101094,0
33557,0
84830,0
75306,1
6747,0
21476,0
78928,1
50575,1
30728,0
114,1
17910,0
98955,0
98647,0
92092,0
70669,1
88684,0
60255,1
36588,0
106620,0
99594,0
91592,0
77421,0
58705,1
79360,0
8686,1
91266,0
56994,1
62939,1
59046,1
64820,1
84778,0
104024,0
118233,0
2524,1
82929,1
31883,0
66930,1
117942,0
17104,0
75365,1
107438,0
104087,0
101744,0
59675,1
82688,0
86087,0
91992,0
46179,0
111312,0
117074,0
42897,1
27786,0
85923,0
56085,1
76252,1
49143,1
47587,1
42908,0
5420,1
100268,0
3744,0
20340,0
70015,1
94859,0
35059,0
76220,1
107433,0
53803,1
42055,1
92074,0
40282,0
110140,0
32293,0
14153,0
45004,0
94941,0
55684,1
39762,0
66113,1
102793,0
16635,0
73055,1
93126,0
52405,1
93811,0
35225,0
15556,0
42804,0
62816,1
60249,1
14662,0
3583,1
69622,1
118850,0
39565,0
56437,1
9072,1
77789,0
25580,0
65082,1
79222,1
117806,0
114377,0
81899,1
99813,0
12249,1
40052,0
4014,1
112476,0
10555,1
71340,1
70839,1
66619,1
107021,0
77674,0
114576,0
11120,1
16539,0
104505,0
34452,0
118428,0
56582,1
53042,1
38011,0
42902,1
111688,0
100259,0
87772,0
64748,1
52573,1
56244,1
26618,0
84209,0
49780,1
22773,0
77638,0
63859,1
60021,1
109938,0
27763,0
39493,0
107772,0
3296,1
55840,1
27476,0
115063,0
112208,0
4728,0
49509,1
22524,0
44866,0
101713,0
17029,0
94412,0
29598,0
110076,0
85513,0
109995,0
34782,0
416,0
47655,1
38500,0
60044,1
51184,0
111843,0
21402,0
67255,1
99148,0
26360,0
21791,0
60080,1
64280,1
16113,0
40515,1
38864,0
9614,1
32857,0
85083,0
65166,1
84195,0
60399,1
84632,0
2980,0
13763,1
6417,1
3813,1
68478,1
54362,1
66635,1
87973,0
77128,0
47126,0
117195,0
23674,0
27551,0
90684,0
62190,1
112482,0
43934,1
6722,0
99110,0
112236,0
70953,1
64729,1
82965,0
107284,0
118510,0
116179,0
84274,0
36900,0
42744,0
4667,1
48540,1
93681,0
54829,1
51190,1
115760,0
80388,1
86851,0
67111,1
7648,1
66165,1
32655,0
34169,0
55978,1
78780,0
89524,0
76087,1
108520,0
4459,1
6735,1
81714,1
13342,1
117601,0
119326,0
66686,1
12263,1
98311,0
15497,0
31309,0
49399,1
9670,1
91777,0
26484,0
20100,0
102715,0
67007,1
48163,1
96860,0
2123,0
13098,1
87391,0
20235,0
44873,0
111973,0
85512,0
3969,1
19483,0
27533,0
32172,0
74938,1
10648,1
104351,0
109811,0
102187,0
104186,0
47542,1
108941,0
28187,0
74543,1
112316,0
101305,0
59838,1
82912,0
670,1
387,0
54461,1
34137,0
6824,1
16011,0
8478,1
22021,0
32725,0
46554,0
60410,1
45783,0
84034,0
118164,0
95609,0
107521,0
650,1
9537,1
10012,1
110904,0
95193,0
46201,0
38734,0
16856,0
78822,0
3658,0
58531,1
25303,0
49078,1
86780,0
25336,0
26190,0
116742,0
10547,1
11548,1
536,0
102946,0
41514,1
69834,1
32285,0
82502,0
29089,0
56581,1
85824,0
58861,1
79982,0
22709,0
14516,0
102652,0
104878,0
55892,1
21691,0
75817,1
43200,0
42143,0
93273,0
47352,1
26548,0
33667,0
41425,1
48720,0
66140,1
99694,0
46510,0
116464,0
104810,0
39915,0
73815,1
43681,0
76686,0
109508,0
7239,1
35334,0
43035,0
48484,1
30354,0
69417,1
92559,0
111986,0
87230,0
42260,0
82594,0
76573,1
8309,1
45835,0
35106,0
43264,0
34260,0
81964,1
61968,1
96438,0
74015,1
96483,0
65686,1
22715,0
65660,1
109771,0
65469,1
33468,0
44846,0
25876,0
65064,1
40170,0
105722,0
2771,0
88638,0
50763,1
29963,0
41428,1
2616,0
7587,1
96318,0
52869,1
90931,0
94764,0
68838,1
112301,0
20516,0
29058,0
106507,0
523,0
34439,0
49491,1
12493,1
49085,1
114107,0
36250,0
9555,1
49010,0
13096,1
92519,0
108724,0
87357,0
81237,0
28164,0
40806,0
79443,1
25657,0
94389,0
43030,0
118323,0
23294,0
47609,1
5815,0
101613,0
102600,0
69960,1
109662,0
55673,1
22256,0
85706,0
54389,1
18205,0
32672,0
59533,1
15772,0
100163,0
47329,1
114646,0
81761,1
12954,1
77843,0
75706,1
78601,0
68799,1
20323,0
21556,0
18869,0
117160,0
99871,0
75435,1
80217,1
65489,1
46874,0
38142,0
90974,0
43563,0
10991,1
41919,1
21126,0
114304,0
55788,1
83889,0
93926,0
4259,0
85654,0
54009,1
117684,0
37142,0
74592,1
26474,0
67761,1
45433,0
110322,0
87105,0
26831,0
46629,1
11828,1
111038,0
102944,0
43661,0
107279,0
73895,1
22741,0
42428,1
80486,1
80345,1
16307,0
103711,0
15438,0
100998,0
91529,1
103025,0
9997,1
29731,0
96261,0
93803,0
48289,1
30468,0
21199,0
85097,0
7317,1
100741,0
77620,0
62874,1
85771,0
118074,0
11223,1
69587,1
119199,0
71125,1
36003,0
81158,0
98835,0
87234,0
54108,1
440,0
59878,1
64409,1
29692,0
41081,0
87060,0
98509,0
62366,1
98714,0
2449,0
116626,0
43104,0
72064,1
89698,0
46502,1
99413,0
114617,0
76796,0
48574,1
70370,1
112718,0
36585,0
104391,0
118642,0
6473,1
24598,0
52746,1
57777,1
15872,0
4353,1
81515,1
45428,0
51147,0
57848,1
41142,0
117581,0
82172,1
115436,0
2452,0
31697,0
85839,0
43324,0
34800,0
29280,0
87613,0
29643,0
74279,1
66778,1
108597,0
94999,0
13274,1
99493,0
108022,0
116528,0
113094,0
95062,0
82896,1
10587,1
81622,1
66222,1
99697,0
22158,0
2393,0
50550,1
40710,0
4140,1
70640,1
43263,0
75107,1
90945,0
46934,1
14298,0
99366,0
100420,0
60244,1
73262,1
7085,1
96080,0
102701,0
77382,1
80070,0
10910,1
87660,0
48748,1
73165,1
49545,1
56620,1
85102,0
112861,0
42993,1
2571,0
60346,1
50297,1
28725,0
28096,0
56691,1
53310,1
55567,1
87999,0
16326,0
513,0
57647,1
76589,1
63535,1
58048,1
68229,1
86532,0
84764,0
109840,0
44318,1
112713,0
30548,0
80269,1
76659,0
92856,0
105220,0
47227,1
67542,1
58174,1
27509,0
52511,1
73046,1
80849,0
108547,0
106712,0
11624,1
41211,0
44564,0
19441,0
99581,0
69389,1
47173,0
37779,0
81504,0
109080,0
29478,0
101113,0
77305,0
110408,0
53698,1
9783,1
41236,1
39983,0
62381,1
81647,0
83261,0
110173,0
60509,1
91696,0
118284,0
95889,0
65003,1
100189,0
16696,1
107792,0
91436,0
118259,0
93336,0
80092,1
86368,0
73018,1
89806,0
113835,0
109322,0
65729,1
93314,0
25395,0
25848,0
53577,1
638,0
115504,0
53416,1
105341,0
49608,1
81525,0
75058,1
93509,0
113180,0
3394,1
89972,0
38212,0
36520,0
43917,1
26040,0
85629,0
71915,1
3077,0
13377,1
19991,0
85351,0
3415,1
39596,0
72534,1
50873,1
10033,1
85041,0
41140,0
56133,1
42879,0
105673,0
17079,0
87633,0
55984,1
23264,0
72300,1
46526,0
36827,0
36964,0
24350,0
117218,0
48765,1
98619,0
85960,0
3519,1
115851,0
1325,0
52795,1
28352,0
32035,0
38647,0
8463,1
33249,0
47019,1
107713,0
78097,0
100151,0
13646,1
6885,1
17688,0
27014,0
115732,0
99857,0
28173,0
112637,0
18224,0
1728,0
88730,0
105257,0
2347,0
103612,0
1658,0
60243,1
56692,1
22238,0
102454,0
114404,0
22987,0
105987,0
6714,1
2477,0
75857,1
42700,0
86753,0
107368,0
50958,1
21443,0
93271,0
19959,0
60303,1
13495,1
115704,0
2904,0
72550,1
42229,0
15322,1
45963,0
49643,1
35814,0
6056,0
61547,1
60642,1
107169,0
41303,0
4530,1
48759,1
9810,1
61379,1
89979,0
57330,1
55190,1
34394,0
116024,0
63063,1
58161,1
99934,0
52598,1
94160,0
41069,0
82239,1
113355,0
33736,0
76571,1
35719,0
87398,0
28151,0
59791,1
87649,0
64465,1
84689,0
105246,0
1922,0
93028,0
84398,0
59756,1
32862,0
19488,0
20060,0
18313,0
97145,0
84321,0
77175,0
13633,1
65887,1
5002,1
94047,0
45398,0
118306,0
67038,1
37116,0
81810,1
45164,0
72007,1
11082,1
55189,1
27933,0
41722,0
74593,1
4320,1
102888,0
68851,1
108316,0
109986,0
29,0
110947,0
5346,1
118111,0
51225,1
7762,1
63705,1
82405,1
68224,1
47210,1
14955,0
20567,0
77611,0
62593,1
77784,1
50006,1
100200,0
37690,0
27860,0
78587,0
38035,0
19561,0
14014,0
78873,0
111816,0
72731,1
115228,0
21990,0
6491,0
54275,1
103102,0
7852,1
42814,1
109452,0
76885,1
25174,0
28808,0
76735,0
9270,1
48223,1
19900,0
32740,0
14270,0
116276,0
40851,1
27053,0
25063,0
72938,1
67385,1
81772,1
29557,0
17015,0
103951,0
112827,0
106201,0
27975,0
105499,0
8828,1
51586,1
29917,0
108358,0
63902,1
16671,0
36079,0
73012,1
69010,1
60641,1
17635,0
102289,0
52978,1
33073,0
89205,0
10473,1
8717,1
38991,0
61556,1
69028,1
111671,0
48706,1
69154,1
105570,0
66426,1
67436,1
44112,0
21909,0
88634,0
30344,0
118993,0
117655,0
40345,0
63302,1
113338,0
32236,0
115230,0
19064,0
12180,1
79806,0
103756,0
113720,0
112912,0
88479,0
70824,1
46753,0
112170,0
2090,0
50889,1
83717,0
88594,0
23599,0
31314,0
88294,0
64877,1
89026,0
43940,1
46340,0
10901,1
35555,0
8592,1
105419,0
35369,0
74206,1
58961,1
114058,0
92841,0
5607,1
12474,1
76310,0
22258,0
104753,0
9241,1
37970,0
53540,1
33790,0
83691,0
21389,0
24973,0
110269,0
52820,1
101326,0
43129,0
65495,1
39778,0
116148,0
7830,1
117234,0
45793,1
15850,0
75749,1
42439,0
40395,0
43111,0
36345,0
67074,1
56208,1
48949,1
56424,1
76688,0
97598,0
15176,1
81931,1
115909,0
27624,0
18031,0
37844,0
72082,1
45223,1
29700,0
102661,0
83999,0
58576,1
17231,0
8333,1
102444,0
38016,0
97875,0
63942,1
49496,1
13027,1
19386,0
27314,0
31614,0
55932,1
29817,0
89938,0
88678,0
113045,0
115468,0
42826,1
12621,1
67804,1
91182,0
84310,0
69880,1
22676,0
89945,0
112132,0
105781,0
40148,0
51053,1
47684,1
99914,0
25153,0
39614,0
56341,1
48392,1
59220,1
97517,0
7658,1
43578,0
60689,1
90745,0
115174,0
70513,1
72639,1
95671,0
119302,0
30100,0
7981,1
13315,1
80896,0
63409,1
117704,0
69272,1
48333,1
45335,0
87870,0
40881,0
68783,1
20612,1
108620,0
72283,1
11361,1
16738,0
13430,1
46748,1
107322,0
76375,0
27565,0
27051,0
59486,1
70391,1
39232,0
15062,0
81007,1
71821,1
80183,0
73160,1
17879,0
71727,1
38401,0
77979,1
85461,0
42979,1
20350,0
60527,1
91075,0
39637,0
1103,0
70174,1
64072,1
74052,1
83247,0
58526,1
63429,1
99764,0
110548,0
30772,0
32149,0
99583,0
25488,0
63519,1
11814,1
86987,0
10784,1
28270,0
80098,1
36476,0
91609,0
72202,1
28533,0
52140,1
7462,1
47157,1
91427,0
50884,1
107810,0
83721,0
76702,0
79480,0
109696,0
30352,0
117604,0
24471,0
54346,0
55453,1
50829,1
19855,0
116864,0
34270,0
76166,1
9201,1
23399,0
4388,1
17389,0
93600,0
50230,1
71612,1
4550,1
79338,0
78338,0
22797,0
48196,1
26340,0
39706,0
81869,1
49623,0
109164,0
25005,0
43539,0
85344,0
46863,1
30305,0
104281,0
10866,1
95034,0
48797,1
76112,1
65538,1
51737,1
101573,0
31521,0
86390,0
59391,1
60830,1
97942,0
112093,0
55733,1
28493,0
44623,0
4304,1
10780,1
92821,0
33805,0
60170,1
4575,0
29947,0
40255,0
83352,0
101350,0
100033,0
73170,1
106667,0
94306,0
113262,0
15816,0
118955,0
13293,1
10717,1
45088,0
18617,0
89328,0
57721,1
15807,0
38474,0
68563,1
33990,0
18719,0
40118,1
35742,0
110787,0
3445,1
9244,1
25338,0
8039,1
11867,1
11942,1
84487,0
109401,0
71928,1
25615,0
57650,1
106639,0
111992,0
76643,1
61944,1
50250,1
116716,0
9676,1
31059,0
91442,0
100544,0
79805,1
49105,1
100676,0
35282,0
69752,1
9968,1
109101,0
27827,0
36074,0
56656,1
57728,1
110775,0
87342,0
11155,1
114096,0
104766,0
42497,0
83043,0
22012,0
111580,0
96302,0
104120,0
7166,1
106264,0
84456,0
45935,0
7514,1
96459,0
94186,0
89455,0
51123,1
48313,1
88315,0
92609,0
58953,1
104198,0
73453,1
51465,1
31581,0
71399,1
109245,0
82738,0
111015,0
52804,1
90670,0
18004,0
83335,0
33898,0
20667,0
97923,0
84043,0
92794,0
102837,0
51195,1
1934,1
67393,1
56690,1
77347,1
6878,1
80368,0
39737,0
62174,1
25731,0
58933,1
106206,0
117259,0
69022,1
29164,0
118486,0
31287,0
119229,0
3496,1
15113,1
119257,0
92386,0
35603,0
106491,0
3282,1
43065,0
13317,1
111862,0
103740,0
27211,0
109729,0
47472,1
73573,1
164,0
61607,1
106300,0
103870,0
84557,0
107385,0
46472,1
58366,1
28339,0
67017,1
105143,0
15933,0
14184,0
37980,0
8221,0
85502,0
74888,1
22054,0
10244,1
84987,0
99947,0
27141,0
15081,1
17376,0
59217,1
42246,0
84955,0
49378,1
96213,0
85397,0
85154,0
62504,1
90794,0
108849,0
46024,1
82032,1
24611,0
87892,0
115391,0
96932,0
25118,0
14690,1
8772,0
83453,0
70257,1
108199,0
55450,1
79699,0
60559,1
97134,0
61608,1
51944,0
21026,0
7624,1
35852,0
62540,1
18909,0
30056,0
83094,1
6196,0
59579,1
9909,1
40738,0
3538,0
3876,0
95161,0
278,0
46234,0
110209,0
12044,1
9007,1
2990,0
32118,0
1850,0
33828,0
26394,0
118321,0
28494,0
59113,1
64589,1
117281,0
8706,0
84344,0
28925,0
94378,0
42690,1
26442,0
4996,1
87563,0
12036,1
12665,1
4825,0
109789,0
15002,1
4103,1
54477,1
17011,0
14791,1
23362,0
45844,1
59408,1
19038,1
36356,0
117350,0
57267,1
37838,0
106662,0
88036,0
65180,1
67178,1
463,0
44545,0
29536,0
3565,0
12064,1
82631,0
66571,1
3341,1
67509,1
45448,0
111512,0
64931,1
84716,0
75876,1
93119,0
96506,0
9617,1
24579,0
17371,0
112462,0
43956,1
105554,0
111720,0
23512,0
59336,1
111314,0
77286,1
58013,1
76130,1
2687,0
81490,0
62301,1
93417,0
72472,1
24732,0
37395,0
27664,0
14891,1
10245,1
82420,0
60647,1
33780,0
64439,1
42930,1
109178,0
25735,0
118452,0
77553,0
45838,0
55530,1
30205,0
87288,0
63991,1
56955,1
73025,1
43125,0
31445,0
22418,0
116210,0
69837,1
115273,0
68050,1
24150,0
21818,0
111757,0
65888,1
85325,0
85172,0
94198,0
19496,0
32821,0
18165,0
30853,0
438,1
57382,1
55835,1
83114,0
113198,0
70333,1
89580,0
106055,0
59728,1
100402,0
42416,0
47840,1
71887,1
39600,0
5664,0
92219,0
64218,1
69785,1
92521,0
47089,1
34344,0
12467,1
54860,1
49839,0
69942,1
15348,1
115997,0
29268,0
27105,0
86147,0
13121,1
30050,0
50717,1
35492,0
38940,0
83295,0
55692,1
52392,0
33837,0
94605,0
22935,0
66660,1
23123,0
29359,0
74375,1
109263,0
88822,0
66878,1
116348,0
107728,0
102321,0
50324,1
1089,0
37595,0
8200,0
17253,1
19559,0
57107,1
100381,0
71738,1
7026,1
84751,1
41686,0
92904,0
20101,0
40285,0
10130,1
77013,0
47277,1
62549,1
102220,0
80174,0
82050,0
52954,1
13191,1
73690,1
91002,0
45366,1
119332,0
111905,0
4152,0
36217,0
29291,0
23703,0
2724,0
2676,0
84929,0
37675,0
40113,0
17793,0
44042,1
99369,0
84739,0
117802,0
52755,1
46910,1
89158,0
16165,0
50494,1
95538,0
115418,0
83188,0
5471,1
102554,0
84798,0
107245,0
24801,0
31603,0
4589,0
103113,0
91684,0
94581,0
77591,0
6115,0
114730,0
89117,0
47915,1
90676,0
98394,0
20434,0
52337,0
88393,0
51209,1
85622,0
67059,1
106586,0
28361,0
68945,1
103892,0
62111,1
43937,1
24802,0
17740,0
7966,0
57859,1
81388,0
103029,0
21077,0
113502,0
51536,1
44739,0
13233,1
29473,0
51570,1
80190,0
24191,0
88790,0
90896,0
15980,0
81779,1
83718,0
97512,0
2314,1
81967,1
67129,1
76440,1
45874,0
57815,1
8655,1
78480,0
95158,0
24296,0
83651,0
3405,1
28056,0
108690,0
36823,0
56220,1
52257,1
110334,0
85655,0
110320,0
13435,1
69709,1
116169,0
5334,1
48956,1
101607,0
83436,0
14488,0
77401,0
42972,0
103101,0
48307,1
108933,0
85482,0
68743,1
41239,0
72436,1
112454,0
94808,0
75677,1
11398,1
100567,0
34414,0
89178,0
47546,1
19261,1
47281,1
67172,1
3906,1
2779,0
57764,1
76843,0
84136,0
39356,0
14335,0
109730,0
94399,0
52922,1
60827,1
95545,0
2015,0
6073,0
16183,0
51386,1
53565,1
95776,0
15061,0
9741,1
76097,1
27422,0
14096,0
48928,0
77590,1
102572,0
33288,0
59003,1
39796,0
48556,1
45675,0
40251,1
6931,1
13310,1
11033,1
6082,0
76858,1
99614,0
95737,0
87310,0
118134,0
47739,1
34267,0
57325,1
43517,0
4021,0
82815,1
35405,0
97575,0
70544,1
87452,0
79522,1
22199,0
13690,1
88530,0
26221,0
16038,0
93080,0
115295,0
113479,0
23442,0
32718,0
117564,0
85728,0
3544,1
173,1
67229,1
112070,0
56221,1
54493,1
56283,1
40003,0
69245,1
66555,1
41119,0
25681,0
83023,0
34478,0
45710,0
101978,0
91034,0
16784,0
36084,0
107862,0
116521,0
3541,1
95323,0
25781,0
115484,0
7973,0
64277,1
78210,0
21805,0
22693,0
108692,0
35503,0
112098,0
37711,0
64031,1
55240,1
9330,1
71734,1
93170,0
25928,0
74584,1
61676,1
41923,0
68098,1
49145,1
31501,0
12299,1
17112,0
72174,1
81338,0
48608,1
11892,1
95885,0
19868,0
105051,0
10565,1
22576,0
33918,0
34481,0
79406,1
45975,0
19413,0
23968,0
64784,1
114030,0
81364,0
64419,1
81697,0
14562,0
95641,0
68066,1
43805,0
95857,0
51717,1
33397,0
72482,1
116303,0
94076,0
78354,0
110601,0
88014,0
89053,0
45222,1
30587,0
58945,1
21364,0
69852,1
94216,0
2027,0
46034,1
100006,0
48931,0
18062,0
56168,1
87311,0
71991,1
6283,1
115075,0
74370,1
65,0
58342,1
20787,0
33840,0
108635,0
68876,1
25700,0
13876,0
11054,1
52959,1
71110,1
14514,0
42624,0
50011,1
71602,1
73210,1
73967,1
37309,0
104793,0
108710,0
113235,0
77184,0
53935,1
32537,0
73346,1
48941,1
28122,0
51520,1
79002,0
25961,0
7453,1
45615,1
115104,0
73704,1
26339,0
30894,0
58354,1
88287,0
19782,0
41644,0
52666,1
80707,0
20947,0
112640,0
104718,0
63832,1
108541,0
117552,0
101219,0
39743,0
99266,0
5166,1
6526,1
117467,0
46252,0
80322,1
15141,0
39731,0
84205,0
5134,0
14524,0
7878,0
86650,0
43066,0
85515,0
10439,1
111529,0
4000,1
25232,0
7868,0
73746,1
67356,1
86438,0
27651,0
21675,0
63300,1
63256,1
58528,1
94097,0
1182,0
25285,0
99906,0
2590,0
102137,0
118969,0
79575,0
18158,0
118112,0
65421,1
6044,0
103062,0
59497,1
23888,0
70396,1
79893,0
17467,0
93774,0
62992,1
104901,0
46406,1
24111,0
51212,1
36665,0
110673,0
21465,0
98264,0
103036,0
109431,0
32163,0
41122,0
14132,0
32382,0
32257,0
103342,0
92185,0
57692,1
66971,1
97236,0
89499,0
90905,0
1661,1
109807,0
39980,0
63368,1
26125,0
26951,0
79776,0
33757,0
40240,0
37035,0
7388,1
39200,0
46355,0
93765,0
45515,1
47153,1
9512,1
29103,0
72846,1
48415,0
91554,0
80013,0
54535,1
70186,1
32603,0
59250,1
89661,0
26694,0
90437,0
33662,0
62596,1
57557,1
13392,1
22465,0
39740,0
72555,1
65773,1
68081,1
55704,1
16042,1
38966,0
41117,1
78370,0
30208,0
56957,1
44163,1
109139,0
51282,1
52583,1
27929,0
25879,0
95120,0
53172,1
21992,0
3893,0
78068,0
2549,0
98965,0
118830,0
94260,0
77498,0
93228,0
81893,1
92852,0
16986,0
86228,0
104250,0
94147,0
89282,0
111275,0
94005,0
32676,0
89272,0
43422,1
55951,1
118195,0
94020,0
23259,0
110812,0
53258,1
96387,0
35024,0
10621,1
57353,1
98761,0
81694,0
14410,0
79448,1
29538,0
99722,0
94464,0
51489,1
59491,1
6793,1
115972,0
31264,0
43864,1
93448,0
64269,1
1654,1
71751,1
55500,1
21393,0
86763,0
97786,0
95024,0
21177,0
93901,0
48319,0
84320,0
117992,0
77743,0
37743,0
61152,1
75748,1
41563,0
74166,1
20253,0
90047,0
23495,0
1201,1
32755,0
57291,1
118511,0
45058,1
89644,0
6698,1
9982,1
13080,1
25263,0
2854,1
54021,1
116874,0
102840,0
97708,0
37680,0
76576,1
103944,0
43911,1
24268,0
108558,0
118094,0
104669,0
37369,0
93249,0
7797,1
47786,0
98952,0
71239,1
68553,1
38284,0
75119,1
57907,1
24056,0
114629,0
109667,0
46913,1
108009,0
99043,0
12586,1
987,1
9484,1
103581,0
99329,0
51798,1
23659,0
13579,1
5499,1
53348,1
89278,0
94251,0
68742,1
49833,1
112826,0
85221,0
85504,0
89961,0
30718,0
68528,1
102811,0
43713,0
824,1
33646,0
96812,0
7032,1
46360,1
40201,1
2110,0
58550,1
14881,0
119000,0
30264,0
104990,0
48674,1
35912,0
9448,1
22016,0
34883,0
81084,1
95746,0
18325,0
57004,1
83549,0
45784,1
72855,1
117193,0
21219,0
21156,0
111832,0
114504,0
11882,1
4881,1
95346,0
98076,0
59130,1
52705,0
21078,0
51214,1
92257,0
16941,0
58416,1
35701,0
18817,0
51440,1
62267,1
102064,0
21676,0
43269,0
33411,0
80231,0
58593,1
5775,0
47437,1
13037,1
87798,0
108113,0
27041,0
77712,0
12071,1
54743,1
85720,0
228,0
43448,1
16949,0
27701,0
85884,0
71198,1
115880,0
56465,1
116775,0
116415,0
114413,0
16045,1
131,0
19513,0
54990,1
107997,1
14139,0
22602,0
22521,0
78045,0
18100,0
56517,1
22800,0
84549,0
96992,0
98949,0
99782,0
44944,1
13416,1
14902,1
88925,0
20537,0
85727,0
84852,0
90860,0
7660,0
59387,1
50185,1
54101,1
3000,1
83751,0
116456,0
113789,0
87115,0
9523,1
30952,0
77968,0
38711,0
76064,1
89404,0
94535,0
85847,0
19849,0
79885,1
18170,0
19733,0
95840,0
58240,1
43738,0
113595,0
50729,0
119258,0
83798,0
16876,0
101053,0
1189,0
16720,0
59023,1
42376,0
56082,1
14170,0
109400,0
57554,1
64293,1
18521,0
35996,0
6351,1
31543,0
29569,0
29856,0
52401,1
50872,1
47295,1
74336,1
62115,1
116193,0
63029,1
119381,0
115714,0
94705,0
39244,0
17206,0
50347,1
7440,1
25169,0
8045,0
34614,0
84903,0
62879,1
109781,0
92402,0
113156,0
36105,0
69543,1
73475,1
91465,0
31606,0
5613,1
80198,0
16495,0
104623,0
79563,0
17006,0
8683,1
87111,0
69253,1
36289,0
89937,0
24210,0
83659,1
75261,1
21801,0
111516,0
69900,1
85230,0
74551,1
58783,1
90604,0
86200,0
79320,0
19638,0
96763,0
16816,0
67640,1
117079,0
40429,0
108587,0
99582,0
44756,1
51035,1
7441,0
53035,1
20883,0
44002,1
81921,1
73861,1
96377,0
114623,0
112584,0
22389,0
39206,0
31723,0
45252,0
50580,1
71220,1
31420,0
94570,0
113423,0
103793,0
23760,0
75691,1
52055,0
103919,0
99,0
80940,0
99298,0
18725,0
92335,0
28822,0
86210,0
587,0
54165,1
75687,1
29984,0
2161,0
3686,0
35054,0
59015,1
93664,0
8625,1
92203,0
84695,0
38424,0
14061,0
57876,1
91023,0
8493,1
7892,1
11595,1
9713,1
95076,0
19913,0
100930,0
78213,0
82224,1
19851,0
22104,0
56307,1
67193,1
56132,1
63095,1
12309,1
41678,0
9777,1
112202,0
1228,0
2910,1
117810,0
116398,0
71253,1
109054,0
87149,0
117943,0
36268,0
24480,0
110310,0
42944,1
83523,0
9133,0
100213,0
96629,0
25476,0
35551,0
104980,0
2746,0
95972,0
33352,0
49561,1
60374,1
51999,1
48625,1
23809,0
13327,1
117531,0
82822,1
81277,0
66029,1
17469,0
116834,0
1427,0
16255,0
60097,1
104805,0
19338,0
80602,1
79680,0
70060,1
32530,0
30927,0
26551,0
52821,1
44870,0
78430,0
55054,1
73203,1
15780,0
37947,0
13526,1
47904,1
112367,0
16332,0
47077,1
53267,1
33995,0
42629,0
11374,1
44193,0
13586,1
7742,1
115934,0
20945,0
55611,1
64702,1
38590,0
77402,0
20862,0
79250,1
35806,0
14207,0
111601,0
43412,0
107750,0
68862,1
81451,0
97417,0
47998,1
41384,1
51631,1
26995,0
59628,1
66336,1
87348,0
118871,0
101628,0
50320,1
59453,1
80039,0
59039,1
97328,0
30942,0
22947,0
117563,0
29563,0
77452,1
1508,1
24826,0
110385,0
17321,0
114810,0
59116,1
61275,1
105401,0
23928,0
26031,0
6367,1
73614,1
100522,0
113742,0
9866,1
94343,0
65604,1
56686,1
93670,0
81707,1
26561,0
112669,0
62316,1
43378,1
85799,0
67624,1
67908,1
17677,0
8117,1
56453,1
53229,1
33426,0
11785,1
56140,1
33972,0
44172,0
56391,1
22307,0
17333,0
76549,1
54030,1
15425,0
115074,0
100082,0
116979,0
69342,1
60393,1
26256,0
1306,1
87077,0
36378,0
106090,0
93307,0
95391,0
39800,0
112942,0
112242,0
20857,0
62606,1
99313,0
53792,1
26457,0
76215,1
47327,1
7111,1
51124,1
49035,1
3827,1
89864,0
24042,0
62486,1
78381,1
65692,1
99982,0
43803,0
49657,1
28111,0
73883,1
34240,0
6805,1
36734,0
90824,0
112279,0
84504,0
50167,1
39666,0
75166,1
101514,0
58737,1
10116,1
76604,0
38029,0
41467,0
56254,1
24020,0
104712,0
56986,1
58331,1
75407,1
68457,1
117805,0
97076,0
76022,1
67175,1
117919,0
50084,1
1449,0
113452,0
65565,1
109713,0
108322,0
21392,0
32325,0
72622,1
38753,0
114801,0
89433,0
34932,0
13600,1
115293,0
49945,1
71705,1
9303,1
100392,0
108716,0
44191,0
74235,1
1256,0
80815,0
10475,1
31321,0
34643,0
94339,0
115143,0
105442,0
68707,1
4121,1
109675,0
81466,0
6863,1
4758,0
41788,0
6505,0
119299,0
12726,1
87628,0
55382,1
59021,1
72114,1
32043,0
17318,0
30644,0
21227,0
91508,0
44389,0
27953,0
40499,0
19372,0
92057,0
14477,0
113238,0
28645,0
19084,0
96174,0
75390,1
74581,1
51434,1
3775,1
37928,0
16204,0
104305,0
54960,1
49655,1
103768,0
17252,0
9813,1
65766,1
29827,0
62177,1
26062,0
108757,0
36011,0
29013,0
21174,0
36059,0
54739,1
19664,0
15205,1
106276,0
37582,0
86351,0
70937,1
34777,0
54650,1
76204,1
91966,0
79082,0
4175,1
117441,0
59572,1
95823,0
81623,1
14855,1
79607,0
100311,0
16712,0
83957,0
82693,0
63946,1
7063,1
67454,1
4540,0
41830,1
35222,0
14218,0
98895,0
48192,1
23385,0
101290,0
17796,0
72903,1
60327,1
143,0
71133,1
94424,0
108015,0
106727,0
24374,0
103749,0
91933,0
32410,0
51215,1
71398,1
93696,0
25012,0
72981,1
70779,1
25262,0
53761,1
67675,1
25998,0
12683,1
106812,0
66987,1
38855,0
111141,0
83001,0
67724,1
94344,0
92030,0
65195,1
94229,0
63743,1
93138,0
8060,1
23538,0
99826,0
59661,1
21596,0
57958,1
6563,1
80320,1
36782,0
40144,0
64437,1
15391,0
67792,1
36600,0
64343,1
9047,1
74193,1
46057,0
63681,1
37,0
45875,0
5182,1
105327,0
5425,1
1339,1
45284,0
68072,1
2526,0
16135,0
52595,1
40051,0
8679,1
10965,1
62451,1
91373,0
112494,0
9418,1
35667,0
14137,0
49122,1
13784,1
54804,1
13128,1
48990,1
49724,1
67780,1
110587,0
33846,0
12276,1
33096,0
101298,0
65350,1
57452,0
62326,1
4829,0
77439,1
76662,0
92138,0
87641,0
61805,1
108855,0
29607,0
75256,1
48,0
47687,1
34565,0
118864,0
76624,0
29742,0
39750,0
4857,0
61284,1
36584,0
103363,0
37193,0
28453,0
11106,1
117239,0
69653,1
100173,0
86908,0
112487,0
45230,1
63231,1
113614,0
107165,0
70131,1
70128,1
13828,0
98600,0
50951,1
66781,1
22170,0
28489,0
117006,0
94100,0
98789,0
40555,0
16551,1
20641,0
13557,1
84133,0
20766,0
88154,0
68033,1
91986,0
15143,0
76631,0
94362,0
118601,0
66979,1
91192,0
42571,0
106732,0
46342,0
8235,1
31342,0
57312,0
20029,0
110488,0
37974,0
621,0
19395,1
29851,0
115280,0
93499,0
34781,0
99449,0
51545,1
16703,0
105254,0
4394,1
99554,0
37108,0
57423,1
94058,0
73568,1
116395,0
73448,1
109485,0
39690,0
3838,1
38852,0
8304,0
43485,1
112099,0
7240,1
66370,1
116897,0
60045,1
27272,0
56622,1
41630,0
26132,0
2131,0
80920,1
29312,0
11715,1
9060,1
60491,1
22146,0
59505,1
110001,0
70712,1
96807,0
31033,0
10714,1
94243,0
13893,0
63035,1
103606,0
77283,0
84181,0
55814,1
49221,1
110314,0
60160,1
5382,1
119264,0
55289,1
65248,1
95267,0
21120,0
106402,0
61677,1
18365,1
63572,1
36883,0
68161,1
32749,0
103209,0
101159,0
100364,0
21409,0
74261,1
48612,1
22320,0
45857,0
292,0
80126,1
12767,1
60542,1
87514,0
24121,0
25015,0
32421,0
15336,0
104343,0
27404,0
4499,1
38746,0
22914,0
13935,0
101828,0
12635,1
7726,1
44955,1
77631,0
20464,0
82913,0
63845,1
46930,1
52343,1
82521,0
107043,0
22638,0
72099,1
738,0
116104,0
3950,1
29104,0
99231,0
107100,0
47211,0
37268,0
57029,1
84030,0
59895,1
91699,0
55094,1
106740,0
4964,0
95690,0
44345,0
82237,1
66386,1
37651,0
44356,0
17583,0
58039,1
11147,1
8178,0
95984,0
45693,0
118797,0
62356,1
4702,0
5349,1
7963,1
64060,1
12116,1
117375,0
14918,0
26108,0
86917,0
67535,1
9289,1
118594,0
88444,0
38772,0
118709,0
28140,0
50778,1
88888,0
97217,0
62827,1
46893,1
113688,0
101642,0
91298,0
35751,0
89963,0
62446,1
22479,0
96788,0
3900,1
40580,1
103614,0
45029,0
62525,1
60332,1
40532,0
89438,0
9030,1
98596,0
85368,0
30690,0
9195,1
69290,1
105500,0
94536,0
117608,0
49254,1
3981,1
14551,0
43386,0
43613,0
9441,1
93551,0
33653,0
42856,0
96623,0
11881,1
84381,0
118099,0
10535,1
99729,0
38839,0
76660,0
95951,0
112821,0
33937,0
60804,1
1105,1
9820,1
47580,1
8612,1
81864,1
102403,0
38235,0
79545,1
20521,0
51463,1
4693,1
84490,0
81080,0
22887,0
28659,0
4980,1
96970,0
101409,0
20861,0
79865,1
84350,0
41503,1
70569,1
33494,0
36941,0
34514,0
16788,0
25535,0
75295,1
93084,0
5429,1
52089,1
68622,1
14299,0
9101,1
60585,1
49837,1
76870,1
106367,0
92892,0
3120,0
31749,0
104546,0
87133,0
40693,0
70463,1
36126,0
10863,1
81626,1
52365,1
24163,0
63264,1
86745,0
49080,1
48497,1
114264,0
17102,0
104317,0
41922,0
6203,0
16171,0
29663,0
73991,1
104748,0
4803,1
87985,0
80082,1
39088,0
5900,0
89872,0
104015,0
57614,1
26997,0
75068,1
14592,0
72412,1
96710,0
48197,1
52810,1
41061,0
2108,0
100218,0
19558,0
39679,0
73588,1
46994,0
22115,0
31788,0
98618,0
107407,0
79614,1
12109,1
56938,1
76141,1
74786,1
24049,0
114591,0
50304,1
74751,1
38486,0
64295,1
78034,1
89259,0
118853,0
97556,0
35626,0
49199,0
84570,0
102841,0
115976,0
37205,0
96625,0
9766,1
41175,1
13654,1
106744,0
39946,0
98427,0
106890,0
66648,1
27643,0
105282,0
50543,1
5526,0
81436,0
81586,1
79822,0
72880,1
19858,0
77934,0
58321,1
115790,0
88009,0
107597,0
27614,0
9176,1
88889,0
89081,0
99380,0
56287,1
88943,0
15885,0
61277,1
15235,0
41632,0
5192,1
9254,1
14871,1
36546,0
47335,1
70506,1
109382,0
96997,0
96908,0
52332,1
23211,0
43251,0
19607,0
23163,0
51869,0
108661,0
118623,0
115086,0
97781,0
45036,1
88431,0
17078,0
99139,0
93234,0
22834,0
55156,1
7917,1
49791,1
24549,0
112996,0
68498,1
21506,0
70334,1
54731,1
108333,0
58069,1
70491,1
3188,0
70604,1
35208,0
47579,1
82009,1
28430,0
30924,0
70960,1
83855,0
67844,1
19323,0
71243,1
94037,0
58080,1
32915,0
79681,0
107072,0
26453,0
75860,1
13874,0
22131,0
103127,0
58271,1
14070,0
15668,1
30698,0
34143,0
103499,0
113402,0
88197,0
53647,1
112193,0
730,0
39444,0
40746,0
46982,0
85492,0
55109,1
102231,0
8073,1
76853,0
65606,1
83553,0
86531,0
68864,1
117179,0
7290,0
46542,0
76925,1
11673,1
111459,0
46058,0
62025,1
77481,0
51666,1
7497,1
63867,1
16097,0
70061,1
55832,1
112420,0
73958,1
25663,0
17388,0
47558,1
96421,0
52321,1
8248,1
74182,1
110238,0
21137,0
80153,1
25176,0
110400,0
34218,0
60568,1
34123,0
53905,1
102275,0
98983,0
39246,0
22127,0
82814,1
57089,1
89640,0
93826,0
1545,1
18502,0
9173,1
30841,0
64647,1
101394,0
72619,1
22597,0
22037,0
18344,1
74433,1
61294,1
19895,0
43920,1
21143,0
87165,0
52107,1
52222,1
67841,1
52199,1
75805,1
55690,1
75612,1
107972,0
34106,0
105712,0
45239,1
70730,1
70331,1
68673,1
24715,0
45209,1
88076,0
7863,1
61549,1
95633,0
83143,0
7625,1
64939,1
46072,1
87562,0
41629,0
63417,1
82382,1
94171,0
46660,0
56194,1
58867,1
9325,1
15931,0
83434,0
90356,0
11358,1
114489,0
12504,1
17529,0
28847,0
68269,1
72421,1
114251,0
84747,0
109003,0
113805,0
103790,0
12709,1
90549,0
102061,0
75050,1
10521,1
66123,1
18942,0
112624,0
30594,0
116238,0
67851,1
113516,0
24406,0
85917,0
36554,0
54181,1
113533,0
115435,0
99225,0
56297,1
13835,0
84268,0
51911,0
3703,0
92343,0
112103,0
52041,1
108267,0
68057,1
47762,1
32768,0
67661,1
8900,1
96692,0
68065,1
49832,1
13029,1
80478,1
108314,0
2839,0
79453,1
118505,0
106089,0
65295,1
9031,1
105361,0
96407,0
15037,1
76852,0
29867,0
27716,0
19264,1
78870,0
113644,0
34960,0
112561,0
8530,1
25546,0
78117,0
46905,1
113898,0
13854,1
116322,0
110762,0
108271,0
25208,0
100226,0
72386,1
116079,0
68522,1
25704,0
40283,0
69109,1
86711,0
79247,1
85865,0
68870,1
66985,1
51697,1
47114,0
95196,0
2716,0
95909,0
57242,1
24722,0
88750,0
74243,1
116983,0
78328,0
87678,0
11470,1
116469,0
28043,0
115647,0
48397,1
29171,0
12584,1
114492,0
97917,0
24255,0
118851,0
29439,0
77781,0
89633,0
10013,1
57991,1
84998,0
24488,0
67123,1
98019,0
9610,1
77723,0
56527,1
87050,0
32424,0
47027,1
52490,1
111515,0
12422,1
47567,1
83923,0
37370,0
2681,1
47680,1
87906,0
64145,1
107704,0
71656,1
9589,1
43928,1
13701,1
48030,1
4544,1
119293,0
79434,1
28870,0
11160,1
54319,0
98701,0
20695,0
88581,0
65690,1
117791,0
42126,0
17544,0
45371,0
61112,1
5240,1
933,0
15215,1
110711,0
22099,0
106720,0
114145,0
48437,0
66581,1
93385,0
31759,0
69731,1
91569,0
109174,0
90801,0
23135,0
1500,1
7318,1
104062,0
21185,0
76,1
110179,0
106857,0
82047,0
29140,0
88853,0
45701,0
105706,0
7148,1
85676,0
12094,1
40634,1
77108,0
53139,1
118838,0
46196,1
86067,0
59525,1
90076,0
63822,1
91747,0
34224,0
31491,0
97797,0
30101,0
62928,1
32656,0
17295,0
89348,0
47168,0
15098,1
108034,0
65745,1
103619,0
53787,1
26899,0
106626,0
12977,1
35162,0
78135,0
60744,1
35983,0
73655,1
33580,0
106825,0
62169,1
103522,0
115812,0
75675,1
87205,0
99355,0
90087,0
45177,0
81172,0
113847,0
74667,1
52439,1
105505,0
1646,0
60593,1
48109,1
106608,0
80365,1
45445,0
29772,0
79570,0
69312,1
110406,0
79889,0
115793,0
112342,0
11907,1
31140,0
77437,1
35624,0
95701,0
111640,0
98166,0
13867,0
948,0
92898,0
56458,1
75778,1
85367,0
97067,0
45947,0
53911,1
44517,0
97687,0
73021,1
13062,1
83517,0
14683,1
26057,0
61871,1
52662,1
87794,0
44252,0
11459,1
99831,0
72285,1
76732,0
10611,1
47008,0
118201,0
99153,0
93858,0
38543,0
47424,1
117020,0
40487,1
46454,1
86867,0
100832,0
8175,0
17479,0
52344,1
18394,0
27017,0
15795,0
44977,0
97835,0
43306,0
35907,0
22608,0
107493,0
55133,1
71519,1
77750,0
15152,1
80651,0
33133,0
82800,1
70675,1
111497,0
71884,1
107497,0
63780,1
109022,0
36739,0
71272,1
24545,0
85485,0
66947,1
20791,0
79801,0
105950,0
6149,0
91072,0
31530,0
58540,1
47928,1
111648,0
23411,0
51275,1
7137,1
95800,0
13903,0
13305,1
50611,0
103345,0
32920,0
54822,1
60753,1
19992,0
56204,1
89665,0
40276,1
28539,0
47448,1
74935,1
108850,0
111807,0
106406,0
43889,1
92360,0
87845,0
82303,0
65292,1
88526,0
55878,1
35318,0
90361,0
81689,0
115660,0
51448,1
108374,0
74128,1
68615,1
87212,0
53817,1
38256,0
70559,1
51010,1
49712,1
38300,0
100260,0
83556,0
3083,0
77056,1
53727,1
57689,1
90708,0
36187,0
21766,0
67296,1
72411,1
50504,1
12696,1
114398,0
117846,0
119184,0
110481,0
68822,1
94012,0
83424,0
112035,0
76803,0
3569,0
81568,1
71961,1
109892,0
5026,1
90929,0
94350,0
108479,0
17942,0
90198,0
73030,1
74309,1
68052,1
67997,1
87116,0
12266,1
30090,0
23923,0
72876,1
31523,0
40721,0
52245,1
74696,0
15428,0
46321,1
97135,0
17850,0
98751,0
23984,0
94968,0
10682,1
99086,0
61668,1
82312,0
20834,0
83077,0
51648,1
22891,0
37419,0
18581,0
97184,0
88824,0
427,0
29281,0
13516,1
36193,0
115144,0
66562,1
111445,0
20649,0
27833,0
10753,1
65949,1
23304,0
67869,1
33576,0
96678,0
85940,0
98383,0
39916,0
103000,0
118814,0
76838,0
5082,0
100827,0
61965,1
62675,1
21242,0
99399,0
66483,1
27544,0
40265,1
58817,1
55141,0
109399,0
118818,0
92975,0
77953,0
78630,1
50479,1
7725,1
58573,1
34051,0
86586,0
28335,0
7092,1
18554,1
110959,0
31247,0
73440,1
35542,0
11069,1
118883,0
103465,0
46123,0
14949,1
57097,1
39010,0
40527,0
2556,1
99957,0
36048,0
30439,0
38653,0
103001,0
63076,1
30437,0
45756,0
1219,0
57212,1
60470,1
119002,0
50392,1
7014,1
1298,1
5306,1
93243,0
62824,1
34095,0
21582,0
45496,1
90397,0
70470,1
68455,1
14745,1
86515,0
92547,0
77691,1
66181,1
8070,1
105274,0
85800,0
97095,0
54478,1
70972,1
32561,0
56658,1
5198,0
14936,1
62660,1
45325,0
26729,0
86136,0
14024,0
66813,1
113316,0
103413,0
85112,0
107085,0
4991,1
21092,0
91043,0
35897,0
110000,0
71968,1
89526,0
113090,0
108153,0
73858,1
44186,0
69858,1
97047,0
45595,0
105320,0
101036,0
101312,0
795,0
46265,0
19304,0
48177,1
47274,1
19173,0
60141,1
65115,1
4204,1
41778,0
54340,1
40243,0
16774,1
9119,1
66155,1
7237,1
30419,0
27732,0
47097,1
64518,1
83485,0
15104,1
104044,0
85627,0
76303,0
63894,1
91505,0
72120,1
59702,1
33632,0
2189,1
77046,1
57783,1
39117,0
7659,1
7845,0
113823,0
52067,1
36150,0
19184,1
78764,0
80274,1
82315,0
33470,0
60431,1
117237,0
33771,0
48614,1
86980,0
47213,1
92718,0
86914,0
110860,0
116310,0
29108,0
99095,0
86412,0
52701,1
13433,1
66785,1
22601,0
49024,1
111147,0
390,1
23520,0
46978,0
9788,1
96594,0
9255,1
94971,0
103024,0
116217,0
61094,1
99047,0
26852,0
81624,1
18658,0
94966,0
87511,0
56913,1
115064,0
806,1
70494,1
26002,0
57922,1
61023,1
12447,1
90792,0
34499,0
118617,0
39023,0
13300,1
39234,0
105495,0
75467,1
81257,0
111458,0
56646,1
42459,0
4929,1
17827,0
8095,1
44979,0
20175,0
36570,0
91188,0
86226,0
97112,0
90173,0
91424,0
17074,0
1478,0
58840,1
66124,1
33374,0
13058,1
18948,0
4,0
44161,0
68721,1
35942,0
102687,0
67663,1
66170,1
85299,0
112283,0
15123,0
47368,1
6894,0
23087,0
119310,0
82461,0
91014,0
98539,0
20045,0
11221,1
32115,0
68830,1
59292,1
99374,0
101323,0
63887,1
100565,0
92348,0
49096,1
111118,0
29751,0
108967,0
10884,1
61718,1
105275,0
46854,0
61535,1
34589,0
95575,0
19911,0
75800,1
105001,0
37544,0
74246,1
100455,0
12461,1
76337,0
33657,0
114278,0
54405,1
22181,0
89417,0
55517,1
65728,1
77651,1
74631,1
24632,0
70309,1
70634,1
96472,0
101263,0
60643,1
51096,1
40778,0
25450,0
27276,0
1794,1
69716,1
55445,1
51541,1
13929,0
89124,0
76645,1
6557,0
10183,1
95579,0
55345,1
86913,0
76666,0
24207,0
117666,0
37486,0
110487,0
94587,0
85398,0
1699,1
93041,0
117391,0
118602,0
78846,0
65172,1
12896,1
107914,0
98848,0
46357,0
113801,0
92688,0
54154,1
20859,0
17332,0
4311,0
117753,0
102791,0
22701,0
118314,0
45283,0
56988,1
46240,0
59840,1
108226,0
1328,1
67904,1
23237,0
37008,0
113895,0
13524,1
858,1
97836,0
41642,1
46853,0
108750,0
17582,0
50630,1
24618,0
114999,0
39027,0
87030,0
30331,0
74023,1
52120,1
116730,0
1,0
39863,0
91792,0
84126,0
22644,0
27124,1
89996,0
49959,1
16077,0
4348,1
114861,0
97210,0
53183,1
68617,1
53526,1
22559,0
17255,1
97902,0
80339,1
59344,1
18889,0
20796,0
17524,0
94415,0
48498,1
94838,0
75781,1
74734,1
69233,1
100299,0
15805,0
69338,1
51475,1
41463,0
35119,0
77741,0
64891,1
112750,0
39297,0
38463,0
19425,0
38715,0
38770,0
49653,1
15991,0
5003,1
9833,1
37957,0
29105,0
111699,0
38344,0
27149,0
113675,0
58922,1
103977,0
93713,0
32401,0
119186,0
80897,0
116033,0
31081,0
82606,0
26684,0
85997,0
1052,0
33354,0
37645,0
116548,0
39061,0
3991,1
110524,0
69423,1
113785,0
5713,1
78346,0
74960,1
78617,1
107186,0
52259,1
63510,1
54519,1
49807,0
69539,1
95999,0
25419,0
38951,0
49273,0
27045,0
96077,0
38938,0
102256,0
30271,0
24367,0
26196,0
102394,0
72813,1
73695,1
101099,0
3100,0
100361,0
49775,1
111917,0
100666,0
70850,1
15824,0
12654,1
43545,1
31087,0
5582,1
11626,1
31442,0
110287,0
16717,0
47124,0
23246,0
100447,0
56772,1
43595,0
52362,1
84541,0
87265,0
87902,0
4215,1
68325,1
109998,0
98631,0
73596,1
12011,1
18839,0
17885,0
46635,0
52121,1
80496,1
35837,0
73726,1
64602,1
43919,1
87896,0
25076,0
22692,0
51222,1
30943,0
31129,0
68346,1
41308,1
38483,0
14939,1
71486,1
4302,1
40412,1
114637,0
88404,0
14799,1
52116,1
114454,0
70143,1
73924,1
84206,0
36787,0
36755,0
9495,1
15584,0
24810,0
85564,0
40549,0
69612,1
114386,0
8206,1
98730,0
42495,1
67938,1
64560,1
90533,0
16569,1
115088,0
36858,0
110805,0
1860,1
57793,1
90234,0
92422,0
114960,0
23167,0
18319,0
13832,0
93869,0
59560,1
54323,1
9005,1
40310,0
9998,1
39004,0
118042,0
28724,0
81017,1
94127,0
90389,0
29101,0
32514,0
89422,0
10747,1
113773,0
9880,1
96516,0
62298,1
44918,1
77466,0
48156,1
113914,0
37522,0
111451,0
115208,0
53387,1
85272,0
89801,0
65230,1
36791,0
75995,1
6541,0
105754,0
56059,1
20241,0
104290,0
98826,0
90522,0
91717,0
100816,0
19331,1
107962,0
56672,1
101676,0
1175,1
56614,1
34509,0
70831,1
52807,1
83085,0
5771,1
13076,1
90325,0
31182,0
22300,0
86998,0
70764,1
31468,0
114824,0
21488,0
101030,0
23235,0
91343,0
48259,1
23755,0
80452,1
42462,0
25404,0
93761,0
11646,1
94801,0
17786,0
33822,0
108476,0
86487,0
8714,0
95419,0
88967,0
4955,0
43313,1
97456,0
53509,1
88451,0
35499,0
50519,1
67164,1
95695,0
3064,1
53916,1
41139,0
101493,0
71779,1
92859,0
87181,0
44413,1
1148,0
95321,0
53859,1
82501,0
66107,1
62550,1
75368,1
88270,0
27047,0
81108,1
94719,0
85043,0
37644,0
111194,0
40681,0
80695,0
6093,1
71541,1
48292,1
86381,0
9836,1
56512,1
13694,1
16057,0
60669,1
113092,0
115254,0
8127,0
14377,0
105299,0
110746,0
41852,0
49289,1
35242,0
105603,0
43925,0
3809,1
3507,1
31448,0
87376,0
53632,1
48079,1
72232,1
86138,0
34861,0
106892,0
58276,1
108772,0
16404,0
80482,1
49310,1
81861,1
79883,1
91026,0
48314,0
71660,1
80671,0
59698,1
100815,0
87176,0
117414,0
4552,0
83342,0
5657,1
41709,1
46180,0
15458,0
100339,0
25115,0
25251,0
11452,1
113777,0
79383,0
105876,0
22536,0
91972,0
74095,1
91269,0
98327,0
20024,0
103250,0
62886,1
4933,1
47489,1
84252,0
29177,0
40654,0
36795,0
61220,1
110495,0
76500,1
91229,0
49148,1
115182,0
90837,0
76990,0
45580,0
94883,0
75428,1
42381,1
45298,0
63323,1
39582,0
58805,1
29938,0
39893,0
76242,1
52618,1
33855,0
24052,0
100465,0
56028,1
82394,1
75294,1
37145,0
31584,0
8488,1
2349,0
84312,0
16220,0
66717,1
57699,1
62042,1
11058,1
36313,0
62659,1
829,0
82415,0
38808,0
58025,1
115277,0
80317,1
36444,0
34071,0
94000,0
57118,1
91704,0
104151,0
30135,0
54628,1
90688,0
105172,0
31126,0
15272,0
32629,0
72544,1
77898,0
87160,1
55359,1
20886,0
81545,1
2179,0
55173,0
106145,0
98323,0
7770,1
47101,1
106602,0
5818,0
75080,1
9215,1
90208,0
41377,0
34620,0
76107,1
85542,0
24776,0
99423,0
54602,1
107009,0
82132,1
33496,0
51149,0
5452,1
108986,0
70105,1
91491,0
43727,0
79897,0
15966,0
39820,0
13395,1
63082,1
88683,0
69671,1
118391,0
106442,0
33971,0
99350,0
26992,0
98978,0
54548,1
59173,0
69190,1
105434,0
112711,0
81342,0
26202,0
1472,1
12780,1
12073,1
95055,0
104942,0
21094,0
1600,1
77894,0
93512,0
116189,0
73901,1
42515,0
115663,0
115745,0
38778,0
52440,1
102262,0
46059,1
28069,0
109059,0
112503,0
76670,0
42215,0
62014,1
5262,1
65756,1
117101,0
96514,0
57588,1
99205,0
31846,0
112160,0
72296,1
107209,0
88322,0
78931,0
110565,0
80870,0
14853,1
109088,0
83802,0
25486,0
77535,1
65768,1
6651,0
102022,0
97539,0
22852,0
50441,0
35753,0
10131,1
80784,1
56099,1
57437,0
37640,0
64594,1
18489,0
112563,0
32232,0
83228,0
41511,0
55730,1
51863,0
72159,1
90885,0
5770,1
74749,1
22907,0
79493,0
50467,1
80739,1
38028,0
62382,1
72262,1
39693,0
32435,0
89139,0
23949,0
112148,0
10073,1
81533,1
8668,1
8345,1
68855,1
29873,0
108667,0
86175,0
18651,0
4080,0
1438,0
48664,1
61713,1
28538,0
100783,0
13683,1
80685,0
40246,1
82554,0
3736,0
95197,0
112151,0
59668,1
52118,1
49703,0
70594,1
108406,0
3811,1
75154,1
88417,0
99912,0
79785,0
43614,1
49425,1
77290,0
55705,1
32974,0
81848,1
52646,1
7956,1
48521,1
85069,0
16718,0
57807,1
88251,0
2971,1
87080,0
37995,0
45762,0
84285,0
86344,0
39062,0
84502,0
94832,0
83041,0
119220,0
72551,1
106337,0
103489,0
21956,0
11364,1
59853,1
8587,1
56024,1
69263,1
18974,0
17617,0
72697,1
51710,1
14811,1
73751,1
7191,1
112576,0
92590,0
112402,0
49720,1
105414,0
59653,1
34733,0
107249,0
95275,0
78110,0
38377,0
13372,1
305,0
64592,1
55113,1
78288,0
11227,1
73747,1
17120,0
104666,0
87776,0
92461,0
13140,1
7379,1
105025,0
103601,0
607,0
25002,0
72043,1
48322,1
107097,0
23575,0
58896,1
30401,0
50472,1
40905,0
1035,1
3065,1
40666,0
48783,1
106600,0
78114,0
55737,1
117026,0
18487,0
113143,0
65277,1
108643,0
14919,0
8232,1
14456,0
38981,0
73285,1
79791,0
24446,0
10836,1
80888,0
82552,0
20503,0
108517,0
454,0
9840,1
6275,1
6715,1
68844,1
113928,0
48448,1
52927,1
69899,1
48217,1
109947,0
30896,0
114345,0
58703,1
1691,0
9427,1
21686,0
32440,0
26279,0
69060,1
58636,1
10478,1
83886,0
66160,1
113221,0
15741,0
31058,0
6235,0
19297,0
20542,0
61836,1
24317,0
70599,1
6265,1
101582,0
96361,0
32262,0
78857,0
37762,0
62561,1
62198,1
2146,0
81516,0
91304,0
28275,0
19014,0
14593,0
31684,0
73487,1
74237,1
1524,0
15024,0
20863,0
42672,0
44621,0
21459,0
58177,1
77094,0
42316,0
16087,0
30154,0
82963,0
55999,1
116962,0
47380,0
64138,1
108269,0
21551,0
99015,0
32874,0
40041,0
56422,1
76836,0
28018,0
55406,1
102012,0
57075,1
56155,1
23461,0
23715,0
98340,0
79253,1
73361,1
72825,1
17603,0
57074,1
12393,1
13574,1
12185,1
24439,0
82402,1
34905,0
102800,0
14225,0
108935,0
96923,0
64114,1
84325,0
45937,0
37080,0
96706,0
91762,0
20738,0
117024,0
48318,0
10178,1
42671,0
60424,1
76506,1
7139,1
38685,0
11450,1
56697,1
61816,1
49629,1
9875,1
2435,0
78957,0
97810,0
66701,1
34017,0
88483,0
73511,1
47393,1
87180,0
52513,1
94709,0
5122,1
118523,0
26687,0
90441,0
17304,0
72747,1
82995,0
21097,0
46296,1
21769,0
36018,0
118264,0
12183,1
55419,1
119320,0
14165,0
104333,0
82588,0
11585,1
59750,1
11589,1
23359,0
20701,0
103400,0
79489,0
71686,1
90423,0
21877,0
10101,1
114296,0
67608,1
72020,1
84137,0
91523,0
47927,1
7550,1
12804,1
97348,0
68379,1
35439,0
107576,0
104006,0
63982,1
66141,1
50487,1
81969,1
54724,1
98932,0
30152,0
99071,0
84722,0
60635,1
72816,1
49528,1
77779,0
70091,1
47094,1
34329,0
9234,1
31356,0
96988,0
32390,0
37967,0
2324,1
25270,0
66147,1
28632,0
69077,1
76857,1
106111,0
116404,0
90002,0
19394,1
20108,0
97178,0
50797,1
25103,0
97198,0
98348,0
88311,0
78214,0
90714,0
17878,0
1140,1
45133,1
32342,0
93842,0
103104,0
74029,1
70834,1
40885,0
85830,0
26079,0
50674,1
18113,0
40295,1
30495,0
90445,0
37043,0
84,0
7287,1
9046,1
99048,0
37474,0
98855,0
115878,0
84169,0
13494,1
32175,0
115262,0
54056,1
41516,0
9393,1
118207,0
79490,0
111694,0
66532,1
5972,1
48884,1
65147,1
25958,0
26656,0
94827,0
102246,0
62753,1
111659,0
48070,1
7308,1
29686,0
51220,1
113585,0
19040,1
17238,0
86004,0
75797,1
109021,0
38691,0
37297,0
83622,0
5735,1
20864,0
43799,1
30006,0
107777,0
24985,0
80101,1
103777,0
78390,0
42081,0
25664,0
76173,1
21127,0
75672,1
106731,0
97843,0
30425,0
44395,0
50063,1
74517,1
47060,1
3386,1
107822,0
88543,0
54285,1
19479,0
119086,0
8695,0
61569,1
113052,0
533,0
17538,0
48006,1
99274,0
97752,0
53594,1
46798,1
45169,0
73863,1
63949,1
13932,0
104831,0
98686,0
74365,1
37386,0
50692,1
84729,0
109800,0
32357,0
97372,0
79313,0
87876,0
85843,0
56979,0
92485,0
74683,1
47268,1
103387,0
3306,0
2766,0
4928,1
37255,0
57192,1
84447,0
11138,1
111959,0
5701,1
92863,0
18380,0
100068,0
46988,1
78701,0
40827,0
86949,0
36703,0
12345,1
15083,0
59399,1
58293,1
10771,1
57565,1
96252,0
86545,0
74042,1
55507,0
26088,0
112609,0
88687,0
39406,0
54210,1
44174,1
54509,1
2988,1
76683,0
95266,0
47075,0
20591,0
112747,0
66090,1
27336,0
65390,1
89867,0
159,0
71036,1
73324,1
18535,0
23242,0
70605,1
49558,1
20047,0
18019,0
1104,0
52673,1
86563,0
60196,1
34125,0
61350,1
112139,0
50184,1
62104,1
16247,0
33456,0
101008,0
30685,0
7891,1
73686,1
95172,0
63142,1
82943,1
28364,0
83051,0
28621,0
54194,1
17424,0
37372,0
32805,0
81999,1
103055,0
9579,1
101548,0
22864,0
23557,0
69474,1
14123,0
10751,1
96853,0
116663,0
7999,1
15879,0
49343,1
41981,0
110129,0
114006,0
6298,0
6671,1
19567,0
56652,1
105400,0
70245,1
108721,0
6324,1
100897,0
69920,1
6276,1
37606,0
117491,0
16907,0
8254,1
85573,0
40022,0
112234,0
12134,1
34564,0
42749,0
12168,1
34543,0
2888,0
47297,0
53583,1
89928,0
65125,1
85991,0
84383,0
42935,0
7703,1
67775,1
41962,1
82955,0
44663,0
62579,1
98685,0
63377,1
92943,0
117114,0
43226,0
43337,0
54315,1
79809,1
52063,1
18513,0
106702,0
50608,1
68805,1
24026,0
53120,1
92359,0
76106,1
77732,0
50700,0
93867,0
32650,0
65683,1
115457,0
107888,0
42423,1
76942,1
66972,1
17549,0
70641,1
53629,1
74710,0
84864,0
43272,1
114705,0
252,0
42692,0
68127,1
45476,1
114155,0
65989,1
20342,0
23571,0
25405,0
98593,0
42460,0
85754,0
74638,1
67655,1
83329,0
46775,1
36212,0
24999,0
52028,1
35883,0
21929,0
68361,1
23433,0
108330,0
101083,0
45987,1
109152,0
23477,0
98507,0
113652,0
49459,1
48486,1
103244,0
35238,0
99617,0
10466,1
67895,1
81421,0
67307,1
68349,1
53384,1
99748,0
23517,0
54412,1
101165,0
28561,0
111128,0
51705,1
47024,1
109251,0
59976,1
57023,1
43792,0
48131,1
90893,0
88103,0
65050,1
67984,1
62207,1
59861,1
37236,0
91344,0
91074,0
64188,1
78937,1
84216,0
9832,1
116475,0
3612,1
89013,0
85156,0
69276,1
53556,1
112903,0
111754,0
107083,0
51482,1
60404,1
47333,1
81750,1
103562,0
59106,1
29422,0
75018,1
85378,0
92191,0
117670,0
5727,0
43749,0
89507,0
63054,1
87484,0
92373,0
81821,1
71665,1
4005,0
18334,0
34971,0
57962,1
57152,1
14530,0
102994,0
107820,0
20412,0
24261,0
47465,1
62330,1
42518,0
96165,0
113077,0
19200,1
118653,0
34406,0
69207,1
21838,0
63686,1
11820,1
39772,0
17735,0
65903,1
60751,1
109121,0
73749,1
83398,0
116042,0
80392,1
50368,1
77624,0
118726,0
60783,1
26297,0
49319,1
100588,0
5282,1
72884,1
98119,0
78281,0
81245,0
18504,0
32046,0
104129,0
118895,0
30652,0
111829,0
5031,0
94559,0
18166,0
20300,0
60448,1
37466,0
79418,1
67771,1
95322,0
102553,0
39123,0
116300,0
116989,0
82616,0
41328,0
1842,0
111049,0
43851,1
98009,0
12604,1
40619,1
55324,1
79777,0
87079,0
55753,1
43599,1
65703,1
69411,1
81276,0
98944,0
25822,0
64181,1
44155,0
24172,0
7160,1
107994,0
73694,1
84868,0
26012,0
88871,0
60884,1
35825,0
88553,0
43423,1
109180,0
68412,1
39190,0
34331,0
14262,0
16230,0
59222,1
102421,0
23254,0
73233,1
35878,0
31876,0
88321,0
27246,0
44692,1
23638,0
82927,1
19062,0
68110,1
25346,0
25261,0
82798,1
5194,1
94578,0
5813,1
113232,0
62552,1
118171,0
62641,1
12731,1
48373,1
40115,1
83780,0
51477,1
94721,0
42093,0
88685,0
75171,1
48590,1
102607,0
113730,0
62117,1
7609,1
3663,0
95739,0
97593,0
84260,0
65645,1
109512,0
53715,1
67926,1
59499,1
118554,0
86543,0
6887,1
95360,0
43709,0
110273,0
113174,0
19131,0
94157,0
6182,1
82026,1
21163,0
5599,1
22150,0
64637,1
93799,0
7517,1
47391,1
5177,1
92894,0
88157,0
108971,0
16266,0
73939,1
45655,0
92993,0
65946,1
56678,1
100393,0
98365,0
75063,1
116299,0
93088,0
54324,1
7373,1
17817,0
23465,0
115267,0
83968,0
117242,0
21922,0
16123,0
63480,1
60503,1
56776,1
65582,1
109663,0
61035,1
9218,1
91583,0
45567,0
52775,1
36608,0
113706,0
54564,1
25939,0
63124,1
46631,0
66204,1
25715,0
58773,1
69767,1
79416,1
47331,1
89658,0
99243,0
105277,0
27407,0
92499,0
94940,0
59696,1
81910,1
72022,1
49751,1
57165,1
40165,0
63501,1
110090,0
92629,0
23194,0
94184,0
55336,1
5385,0
34839,0
9354,1
80424,1
101055,0
64041,1
70499,1
35902,0
49817,0
1931,0
66043,1
49652,1
36916,0
99361,0
41260,1
93435,0
89728,0
25132,0
30656,0
20473,0
94410,0
94645,0
108758,0
50232,1
73828,1
76235,1
19129,0
107109,0
28591,0
111491,0
11917,1
112631,0
46646,0
79851,1
52322,1
10904,1
88507,0
43033,0
23988,0
108075,0
15809,0
98766,0
72633,1
52190,0
42964,0
53445,1
586,0
108532,0
88274,0
46609,0
108244,0
65548,1
50211,1
49864,1
110885,0
118525,0
89547,0
57861,1
29116,0
10643,1
20931,0
1746,0
94126,0
10740,1
49079,1
8899,1
11134,1
51055,1
47574,1
15034,1
92370,0
79916,1
83662,0
69503,1
71147,1
79518,0
39153,0
58566,1
36365,0
33312,0
109491,0
89648,0
37277,0
80194,1
56991,1
38496,0
58911,1
57981,1
23324,0
111137,0
100586,0
34437,0
65705,1
103657,0
4350,1
87700,0
48606,1
105856,0
48402,1
91154,0
69788,1
95110,0
3036,1
30665,0
17586,0
48866,1
103898,0
107504,0
19650,0
53364,1
73714,1
92378,0
33824,0
53849,1
104532,0
34463,0
103603,0
103482,0
37763,0
91055,0
35823,0
81937,1
63637,1
112626,0
91495,0
110338,0
47206,0
73942,1
42753,0
81365,0
34848,0
33058,0
85254,0
55301,1
19195,1
100228,0
103915,0
110583,0
64686,1
90301,0
108554,0
29121,0
53115,1
7028,1
55687,1
2670,0
58944,1
50148,1
362,0
80481,1
16420,0
77854,1
83166,0
43332,0
33604,0
34257,0
19169,1
12069,1
54489,1
89440,0
101842,0
11248,1
62354,1
40242,1
5418,1
117590,0
21641,0
117244,0
37086,0
99935,0
66031,1
6258,1
538,0
32223,0
74922,1
37324,0
46583,0
2649,1
98666,0
10442,1
107011,0
26158,0
96337,0
14512,0
28903,0
1740,0
5325,1
108276,0
96613,0
91454,0
25850,0
241,0
45820,0
75884,1
29861,0
85439,0
109689,0
102505,0
82519,0
111375,0
65034,1
84231,0
101308,0
114877,0
53607,1
93229,0
59506,1
19823,1
49272,1
29949,0
103532,0
114053,0
30125,0
68807,1
76642,0
70084,1
75044,1
80961,0
42185,0
109956,0
117240,0
102977,0
3819,1
14692,1
10389,1
86280,0
104661,0
99672,0
54005,1
13112,1
17370,0
1894,0
75079,1
8613,1
119052,0
32723,0
18243,0
78875,0
6493,1
96404,0
73388,1
77581,0
99160,0
42489,0
93818,0
68603,1
1065,1
90442,0
56125,1
88754,0
112034,0
37172,0
96840,0
104542,0
73538,1
52799,1
46894,1
61273,1
44020,0
116370,0
57439,1
12440,1
58246,1
115147,0
75502,1
72199,1
97613,0
71695,1
98234,0
75666,1
97559,0
110061,0
36945,0
3044,0
82308,1
35248,0
55427,1
85109,0
24709,0
116157,0
33214,0
71828,1
34743,0
103611,0
56500,1
74665,1
48519,1
56928,1
33164,0
17449,0
107392,0
11843,1
80562,0
9988,1
63765,1
74652,1
14770,1
21139,0
17311,0
16012,0
66178,1
48232,1
86707,0
71539,1
65648,1
70203,1
101004,0
19549,0
74947,1
31461,0
41325,0
86727,0
55312,1
26250,0
19274,0
11793,1
90327,0
89879,0
41824,1
105835,0
61830,1
118506,0
43476,1
84675,0
42585,0
78484,0
99261,0
74692,1
74600,1
113677,0
6615,1
29320,0
74079,1
23892,0
42084,0
53411,1
50789,1
50120,1
8788,0
16585,0
34686,0
11599,1
30776,0
33092,0
75238,1
107181,0
48635,1
2972,1
20832,0
2490,0
13009,1
13840,0
61722,1
63789,1
96265,0
98434,0
95342,0
41074,0
39294,0
105910,0
118217,0
43058,0
66777,1
29305,0
101817,0
89163,0
110961,0
88336,0
32155,0
27037,0
38834,0
42035,1
46792,1
78663,0
23377,0
44056,1
99861,0
42843,0
7690,1
8970,1
82667,0
38643,0
106222,0
105199,0
44930,1
8369,1
15627,1
65636,1
38044,0
68889,1
9849,1
80740,1
13963,0
3484,1
74353,1
9533,1
10256,1
59827,1
51934,0
85384,0
46710,0
107722,0
6101,0
7894,1
17672,0
56396,1
62231,1
26300,0
27391,0
90125,0
117211,0
79963,0
98769,0
43347,1
79934,0
23375,0
28348,0
83411,0
59888,1
36720,0
83254,0
105182,0
97928,0
32250,0
39000,0
189,0
116896,0
5639,1
51281,1
108422,0
104751,0
77387,1
81083,0
25066,0
37678,0
106998,0
104407,0
55962,1
106897,0
34749,0
71203,1
62385,1
87415,0
111209,0
74415,1
44751,1
8412,1
2889,1
93886,0
13814,0
105797,0
117808,0
38393,0
45572,1
98793,0
94748,0
82869,1
13669,1
3119,0
101785,0
112531,0
9438,1
113685,0
32205,0
73574,1
64093,1
102107,0
58621,1
41431,0
106343,0
22807,0
71045,1
96130,0
102261,0
65018,1
12173,1
12377,1
83744,0
85425,0
42913,0
12388,1
57527,1
72345,1
112917,0
89594,0
99506,0
56378,1
104660,0
101391,0
817,1
70399,1
52207,1
17992,0
92137,0
14646,0
11688,1
55177,0
90268,0
60104,1
48305,0
41286,1
52817,1
117898,0
4707,0
43273,0
70082,1
23663,0
118432,0
99864,0
92824,0
3616,0
7396,1
101841,0
80232,0
68706,1
17379,0
26686,0
94683,0
23181,0
112081,0
110515,0
91328,0
79410,1
3738,0
92772,0
110389,0
24835,0
74260,1
81688,1
24044,0
110446,0
14631,0
71839,1
118229,0
45689,0
3158,1
113707,0
58998,1
82827,1
21516,0
12816,1
106079,0
18801,0
4386,1
54795,1
62431,1
114993,0
98961,0
115794,0
8884,1
105133,0
93517,0
105815,0
1557,0
49008,1
58164,1
99111,0
94291,1
12799,1
40797,0
103885,0
51900,0
103641,0
54843,1
48329,1
36529,0
24779,0
71211,1
4199,1
31905,0
105229,0
116240,0
101656,0
48078,1
1712,0
8885,1
109544,0
26,0
76996,0
2543,0
80199,0
40382,0
119256,0
103664,0
7630,1
113584,0
105004,0
87085,0
76792,0
82146,1
56302,0
17213,0
47731,0
9785,1
25011,0
24265,0
39165,0
14506,0
73325,1
49097,1
59744,1
46518,0
28219,0
21697,0
62775,1
74946,1
105534,0
8558,0
108139,0
74886,1
31758,0
42122,1
8535,1
29401,0
99206,0
108376,0
13962,0
3952,0
91739,0
5179,1
69843,1
17427,0
6120,0
117165,0
71355,1
89608,0
7,0
38099,0
94634,0
87636,0
24423,0
53306,0
47461,1
94446,0
35313,0
66740,1
10273,1
115402,0
45530,0
92034,0
65015,1
84405,0
29794,0
106579,0
7570,1
60275,1
66086,1
38478,0
100704,0
61216,1
60837,1
25184,0
119327,0
45041,0
21180,0
18292,0
53244,1
34205,0
87604,0
40411,1
53369,1
68810,1
115847,0
65844,1
13653,1
34442,0
110706,0
55678,1
21265,0
18147,0
67302,1
118722,0
56475,1
49057,0
70182,1
85131,0
74154,1
56385,1
26083,0
109260,0
79549,0
7872,1
63494,1
23723,0
78026,0
96119,0
42774,1
59451,1
19677,0
85036,0
47045,1
94110,0
91364,0
92087,0
113169,0
104513,0
84586,0
88865,0
118436,0
103333,0
16303,0
81889,1
17456,0
40454,0
45729,0
103233,0
26467,0
77558,1
114466,0
100708,0
5983,1
111251,0
82996,0
114855,0
24778,0
103392,0
41198,1
116805,0
65436,1
51036,1
114844,0
33881,0
20246,0
14697,1
47246,0
30410,0
85764,0
105988,0
79679,0
57558,1
9457,1
81955,1
49361,1
11976,1
35418,0
45145,1
40471,1
37858,0
59765,1
100541,0
64223,1
77662,0
29811,0
41483,0
65325,1
35397,0
14280,0
36708,0
114870,0
100913,0
66535,1
96862,0
66359,1
54222,1
27947,0
65921,1
28586,0
65468,1
99854,0
19455,0
54985,1
50145,1
94989,0
53196,1
83789,0
82679,0
118422,0
108576,0
51674,1
3812,0
96972,0
22754,0
70901,1
38531,0
6561,0
15127,0
38452,0
90581,0
61503,1
91786,0
105049,0
3933,1
77224,0
59983,1
44741,0
19932,0
1461,0
36125,0
30676,0
74602,1
37975,0
97338,0
10906,1
87499,0
98934,0
102610,0
7937,1
62150,1
18903,0
104906,0
19392,0
60909,1
89446,0
29230,0
76539,1
13931,0
93253,0
35918,0
86893,0
26666,0
42427,1
12845,1
116576,0
111915,0
8186,0
97868,0
76236,1
7414,1
56724,1
75789,1
61532,1
94470,0
48876,0
103971,0
103608,0
56395,1
95990,0
60831,1
106641,0
106724,0
68147,1
101340,0
110704,0
83858,0
116577,0
25389,0
78353,1
18377,0
17336,0
98328,0
28028,0
39631,0
55505,0
8210,1
48916,1
59479,1
102432,0
5585,1
80588,0
6986,1
95247,0
19514,0
48339,1
20798,0
26184,0
34089,0
15600,0
49206,1
66908,1
12788,1
62578,1
116211,0
46184,0
17695,0
90262,0
42440,0
57300,1
77032,1
101299,0
25634,0
52627,1
107393,0
77586,0
38986,0
85435,0
18161,0
77618,0
48716,1
116235,0
42182,0
16102,0
106374,0
58845,1
87841,0
71687,1
26790,0
58008,1
1902,0
42668,0
107648,0
18745,0
77442,1
43845,1
93762,0
62063,1
7332,1
90972,0
13124,1
84514,0
12888,1
39982,0
103525,0
37530,0
72034,1
115879,0
3091,0
35553,0
27895,0
5268,1
80046,0
29492,0
90942,0
76342,0
60179,1
1758,1
79315,0
11826,1
7018,1
97395,0
64807,1
84578,0
59417,1
106853,0
85267,0
68273,1
110709,0
5970,1
39848,0
84140,0
48438,1
18773,0
37594,0
8392,1
80087,1
80152,0
61375,1
43935,1
96054,0
118986,0
12710,1
1171,1
62035,1
33512,0
87232,0
62490,1
62752,1
3560,1
39386,0
88144,0
70607,1
23594,0
100834,0
72732,1
76099,1
25653,0
22151,0
5366,1
13469,1
42342,0
102480,0
6388,1
103115,0
81217,0
99984,0
12568,1
80298,1
37052,0
32687,0
83660,1
96733,0
77682,1
102164,0
117314,0
90497,0
22480,0
86615,0
93823,0
67821,1
18354,1
2523,0
60732,1
46672,0
83548,0
79482,0
43250,0
13992,0
72605,1
28730,0
39626,0
93045,0
27962,0
108148,0
102502,0
59323,1
45108,0
43736,0
42005,0
78282,0
66966,1
111428,0
52512,1
23791,0
48166,1
25736,0
16423,0
103996,0
64446,1
34942,0
117080,0
43683,0
37210,0
41920,0
100693,0
96661,0
100934,0
49506,1
95202,0
58188,1
69828,1
42890,1
79742,0
38215,0
36479,0
97183,0
48750,0
56569,1
92429,0
74943,1
10299,1
76923,1
18779,0
57748,1
80382,1
40408,0
15908,0
18202,0
291,0
104253,0
107858,0
84611,0
87995,0
70419,1
80936,0
72869,1
38756,0
97261,0
83232,0
61325,1
30414,0
113012,0
74867,1
75563,0
6482,1
99087,0
56196,1
65944,1
50535,1
9839,1
93716,0
96131,0
5484,1
104993,0
93776,0
89592,0
31028,0
69095,1
66216,1
28897,0
85585,0
113883,0
36508,0
103211,0
15403,0
1632,0
61268,1
99093,0
104454,0
88432,0
6693,1
107812,0
1046,1
109640,0
49756,1
57628,1
104644,0
85308,0
68600,1
71142,1
44535,0
95816,0
109883,0
86113,0
6920,0
85915,0
96964,0
53438,1
81062,1
28376,0
92719,0
18520,0
72455,1
111771,0
29278,0
65218,1
80532,0
54127,1
11149,1
88863,0
75112,1
58787,1
31594,0
33083,0
13704,1
14369,0
98718,0
38779,0
72268,1
24224,0
21198,0
51198,1
54178,1
36952,0
115403,0
87783,0
74816,1
88722,0
101553,0
73023,1
25820,0
48629,1
2171,0
71626,1
105519,0
94195,0
36039,0
113521,0
47015,1
114713,0
88982,0
77668,0
73758,1
40822,0
88973,0
86396,0
20828,0
21954,0
1477,0
26719,0
36361,0
28936,0
44100,1
88652,0
17861,0
81960,1
15676,0
101583,0
27289,0
105350,0
12095,1
67643,1
84521,0
110676,0
44503,0
6454,1
101858,0
114445,0
13165,1
29972,0
31824,0
42183,0
24677,0
57170,1
90383,0
63835,1
28298,0
94962,0
93283,0
6469,1
91103,0
54961,1
43372,0
51444,1
119284,0
19962,0
75248,1
107603,0
8563,0
50528,1
101417,0
10334,1
35716,0
53076,1
39161,0
14937,1
93677,0
102633,0
21694,0
94678,0
91748,0
54398,1
114717,0
119227,0
87852,0
7152,1
23754,0
71106,1
96834,0
116564,0
78612,0
45929,0
64116,1
104251,0
91752,0
79006,1
103206,0
13836,0
73807,1
22366,0
33061,0
105734,0
8676,1
137,0
45094,0
13946,0
19167,0
35421,0
50296,1
85570,0
13425,1
52465,1
57633,1
105891,0
68834,1
51811,1
113330,0
116674,0
16658,0
94861,0
52266,1
41595,0
4254,1
38303,0
20278,0
16339,0
39371,0
48779,1
5295,1
22405,0
21066,0
79921,1
99272,0
107432,0
43682,0
12056,1
7372,1
113579,0
30259,0
77136,0
26107,0
78403,0
72106,1
100513,0
15616,0
29841,0
22840,0
90494,0
39658,0
34046,0
13270,1
66106,1
55719,1
102417,0
38759,0
89425,0
72319,1
95014,0
47339,1
24788,0
86491,0
68806,1
68276,1
60806,1
60591,1
36778,0
86656,0
109878,0
45859,0
33359,0
69628,1
1062,0
3910,1
28773,0
85495,0
1981,0
114237,0
81159,1
30448,0
63416,1
45251,0
28030,0
68512,1
40001,0
80065,1
92537,0
95756,0
16675,0
3114,0
11397,1
100875,0
89769,0
10368,1
45616,1
105411,0
22592,0
77171,1
85898,0
104217,0
106844,0
69786,1
95145,0
68859,1
15114,1
52632,1
78362,0
15232,0
101729,0
7232,1
101341,0
113845,0
62537,1
105308,0
68054,1
54857,1
59057,0
88280,0
86447,0
119039,0
72046,1
27410,0
56539,1
13508,1
40416,1
13727,1
27666,0
94708,0
50201,1
58608,1
11071,1
79641,0
13070,1
38570,0
91232,0
60194,1
100026,0
113496,0
16915,0
119224,0
15856,0
15828,0
40104,0
66553,1
2251,1
43303,0
104278,0
31106,0
27454,0
60457,1
112598,0
107309,0
87917,0
80655,0
94668,0
44129,1
79152,0
112731,0
13914,0
89202,0
94471,0
117671,0
54726,1
75434,1
95169,0
111723,0
4685,1
41612,0
34623,0
117770,0
84213,0
41063,1
1544,0
56563,1
101484,0
7942,1
117931,0
74446,1
115910,0
64921,1
51589,1
35880,0
45012,1
57521,1
109457,0
11355,1
50715,1
80929,0
22027,0
93743,0
63751,1
64596,1
91844,0
38425,0
524,0
63488,1
7200,1
11073,1
49237,1
37130,0
63532,1
65232,1
32970,0
27315,0
37964,0
114817,0
117698,0
24139,0
32716,0
30780,0
112823,0
13115,1
74086,1
69131,1
3469,0
60767,1
65506,1
37581,0
117004,0
68877,1
60985,1
22330,0
62926,1
38264,0
50497,1
54827,1
53453,1
21997,0
103689,0
26084,0
13760,1
73860,1
22782,0
61366,1
31771,0
111567,0
63805,1
56379,1
79205,0
28709,0
99852,0
85954,0
39948,0
75816,1
7407,1
40421,1
101518,0
16179,0
4226,1
36103,0
2703,0
49200,1
83863,0
13911,0
58234,1
21649,0
113322,0
115569,0
38599,0
74729,1
8377,1
102997,0
82757,1
77159,1
104698,0
81086,0
11177,1
95251,0
45172,0
60581,1
64253,1
58510,1
63599,1
54430,1
47214,1
78079,0
17737,0
104150,0
42681,0
114116,0
16534,0
106881,0
79672,0
31900,0
5050,1
37103,0
89355,0
22742,0
117366,0
13019,1
115858,0
76541,1
47021,0
105457,0
54962,0
517,1
91279,0
1849,1
87534,0
67711,1
13193,1
74045,1
80921,0
22167,0
13685,1
71856,1
114087,0
102962,0
7266,1
94231,0
2247,0
27527,0
33069,0
71808,1
71314,1
9217,1
116443,0
107427,0
8457,1
32864,0
39701,0
104052,0
25769,0
100677,0
80736,0
103269,0
116960,0
101316,0
39452,0
109233,0
10327,1
106054,0
74492,1
36660,0
106105,0
19260,1
118222,0
82040,1
35436,0
31499,0
74099,1
67977,1
30931,0
100326,0
10392,1
52091,1
4200,1
42626,0
58916,1
25594,0
57295,0
115249,0
116075,0
76562,1
84897,0
28647,0
21554,0
23654,0
10622,1
104652,0
111787,0
90827,0
17004,0
94717,0
73773,1
93933,0
33927,0
93597,0
46119,0
114097,0
3317,0
58281,1
116933,0
14823,1
26462,0
99703,0
106634,0
39963,0
33895,0
4068,0
88497,0
47505,1
106325,0
85234,0
114000,0
5409,1
16039,0
56090,1
81022,1
108424,0
63355,1
66032,1
2136,1
118989,0
33727,0
46417,1
85979,0
116556,0
6081,0
12250,1
59948,1
50690,1
115184,0
31842,0
23775,0
22599,0
12315,1
2396,1
81485,0
113676,0
44263,0
7594,1
33329,0
68875,1
97885,0
67957,1
9374,1
99273,0
1220,0
49878,1
62959,1
92046,0
12389,1
60567,1
20584,0
19529,0
57380,1
66696,1
15133,1
68482,1
67633,1
39199,0
41285,1
41587,0
83153,0
93114,0
88301,0
105264,0
34166,0
23838,0
6987,1
31470,0
38924,0
81328,0
59659,1
24245,0
70716,1
69392,1
66447,1
73071,1
89737,0
84401,0
38742,0
62217,1
79240,1
82729,0
54334,1
105920,0
85597,0
93643,0
47356,1
59202,1
4582,0
118804,0
80026,0
14912,1
62714,1
68566,1
37621,0
200,0
47569,1
9104,1
86182,0
110059,0
103578,0
110008,0
98125,0
16746,0
75514,1
77955,1
62457,1
22803,0
56784,1
91223,0
72593,1
118472,0
76859,1
33241,0
2625,1
54594,1
82982,0
68829,1
38675,0
57967,1
43535,0
95833,0
68814,1
92032,0
61502,1
42360,1
32547,0
14221,0
10407,1
110152,0
49978,1
73820,1
35435,0
54559,1
86579,0
80771,1
109752,0
83362,0
87321,0
2563,0
54139,1
79914,0
20965,0
55329,1
69637,1
102392,0
3923,1
25687,0
59786,1
10926,1
97268,0
41414,0
5941,1
10544,1
83264,0
45870,0
95603,0
92842,0
20724,0
71274,1
4843,0
7482,1
29095,0
62932,1
29146,0
67666,1
114360,0
45556,0
66639,1
14178,0
4317,1
81081,0
96638,0
116835,0
80024,0
45592,1
116286,0
112343,0
85808,0
79543,1
71185,1
42546,1
79740,0
116403,0
10175,1
65741,1
19219,1
113556,0
96241,0
11651,1
17715,0
1316,1
81870,1
92266,0
43393,0
86526,0
111537,0
28157,0
26397,0
55052,1
109105,0
41009,0
95345,0
30202,0
115712,0
107336,0
56954,1
34830,0
38083,0
56727,1
53154,1
110356,0
36950,0
8574,1
113575,0
71879,1
9628,1
89281,0
94949,0
87170,0
89902,0
58912,1
55963,1
33563,0
16201,0
35325,0
108984,0
57715,1
53109,1
50178,1
96469,0
12607,1
36616,0
72759,1
87559,0
36333,0
86935,0
104146,0
43051,0
115823,0
16862,0
9347,1
77119,0
28009,0
51009,1
6836,1
114857,0
26480,0
98084,0
60294,1
44229,0
65349,1
23979,0
109154,0
10265,1
73673,1
61756,1
59485,1
75862,1
39668,0
87579,0
90571,0
59073,1
100076,0
102072,0
78274,1
38018,0
43752,0
111784,0
65610,1
74539,1
117974,0
103968,0
117333,0
41345,0
101616,0
72146,1
48986,1
70414,1
21212,0
118200,0
12145,1
101155,0
34107,0
113923,0
7597,1
112686,0
56390,1
102146,0
114141,0
100298,0
98584,0
113449,0
83686,0
49013,1
30119,0
50448,1
20895,0
51678,1
75208,1
55459,1
91321,0
38692,0
90705,0
100042,0
113601,0
109068,0
108408,0
59865,1
98393,0
104180,0
75847,1
104813,0
117104,0
112144,0
82775,1
3533,1
1628,0
35098,0
7021,1
99362,0
52948,1
57617,1
97332,0
67462,1
53399,1
2588,0
106524,0
4438,1
107929,0
56472,1
72897,1
73584,1
5046,0
103646,0
16533,0
113166,0
66470,1
61719,1
81588,1
38156,0
38727,0
43416,0
32588,0
43717,0
21837,0
67575,1
74755,0
18013,0
61055,1
83057,0
51116,1
72129,1
118055,0
33198,0
883,0
58106,1
86645,0
58821,1
4295,1
49596,1
42610,0
100408,0
2874,1
104611,0
35509,0
86552,0
13883,0
57184,1
27204,0
112964,0
113857,0
20468,0
8854,1
46460,1
57461,1
25247,0
5453,1
8411,1
73,0
92000,0
89863,0
118706,0
68941,1
73890,1
85104,0
29916,0
72875,1
9008,1
62794,1
110657,0
85433,0
67326,1
100627,0
103371,0
60553,1
97425,0
36800,0
54884,0
82045,0
19510,0
32993,0
101349,0
63183,1
49511,1
101584,0
92972,0
10095,1
70406,1
49037,1
108613,0
78968,0
78779,0
91036,0
52073,1
113550,0
96616,0
29005,0
67233,1
19362,0
43322,0
24580,0
34468,0
45602,1
88959,0
95747,0
26402,0
88211,0
17058,0
3804,1
77386,1
50900,0
62743,1
58395,1
110596,0
55047,1
43735,0
117155,0
73068,1
114549,0
12026,1
38158,0
108756,0
79323,0
42520,0
58098,1
1744,1
29355,0
54521,1
37895,0
24272,0
10802,1
51491,1
47679,1
63306,1
3039,1
57270,1
98579,0
110656,0
105667,0
118678,0
16151,0
90524,0
22708,0
58386,1
82942,1
58195,1
10308,1
68119,1
75062,1
51083,1
5266,1
63912,1
12273,1
37073,0
108977,0
41837,0
55525,1
24413,0
60350,1
36302,0
87540,0
85488,0
96391,0
53959,1
56145,1
34464,0
31405,0
79231,1
64783,1
26614,0
108922,0
70442,1
16459,0
40067,1
11758,1
3894,1
58072,1
65383,1
78569,0
1457,1
93276,0
71508,1
68333,1
39289,0
63833,1
13739,1
115894,0
66217,1
96744,0
88671,0
82158,1
69098,1
102520,0
3041,1
36821,0
104811,0
14508,0
25437,0
65608,1
25539,0
13186,1
25989,0
96423,0
103841,0
75759,1
101504,0
22459,0
115838,0
114531,0
90828,0
64668,1
51117,1
552,0
74414,1
1226,1
95584,0
14173,0
38595,0
23980,0
105806,0
88366,0
76879,1
42234,0
118950,0
3948,1
31209,0
13207,1
85337,0
88658,0
73340,1
114856,0
85001,0
94965,0
91988,0
23128,0
65966,1
41412,0
27890,0
63632,1
108292,0
79895,0
34906,0
106292,0
22952,0
85147,0
12015,1
30313,0
74354,1
217,0
21001,0
111932,0
13229,1
95484,0
117754,0
40508,1
85883,0
71946,1
96549,0
54456,0
48964,1
80236,0
105869,0
56051,1
29225,0
37137,0
114400,0
50263,1
15181,1
99156,0
90089,0
93668,0
103440,0
58043,1
90703,0
43762,0
19531,0
9524,1
80950,0
56398,1
102577,0
69189,1
36221,0
21329,0
111595,0
97537,0
44234,0
7715,1
23440,0
75516,1
99955,0
58739,1
93862,0
105234,0
96244,0
33095,0
70788,1
65378,1
115501,0
97419,0
73228,1
41204,1
26281,0
13431,1
30464,0
2827,1
94718,0
71580,1
44810,0
74781,1
98575,0
16831,0
3467,1
31351,0
41941,0
8826,1
17259,1
69977,1
73356,1
48271,1
52678,1
117220,0
31801,0
60245,1
62940,1
27116,0
103710,0
88571,0
85939,0
108372,0
57796,1
7949,1
50164,1
57236,1
22220,0
44214,0
40639,0
104904,0
89023,0
77407,0
55655,1
38153,0
57229,1
44791,0
6966,1
97408,0
95598,0
36753,0
63611,1
89160,0
112455,0
33159,0
69211,1
67460,1
75620,1
6764,1
8400,0
109282,0
108814,0
72537,1
107765,0
97091,0
20621,0
45000,1
81625,1
13421,1
57227,1
65321,1
8264,1
71787,1
16603,0
22423,0
12054,1
106837,0
39949,0
70259,1
101588,0
65261,1
56682,1
110358,0
43734,0
41163,1
12897,1
63444,1
8531,1
107755,0
81667,1
64132,1
60485,1
13116,1
105313,0
104787,0
51912,0
82313,1
87392,0
11207,1
103875,0
110617,0
76480,1
82510,0
66943,1
78471,0
58548,1
50264,1
112600,0
115573,0
70609,1
64524,1
28565,0
52123,1
81617,1
62424,1
112323,0
33143,0
32601,0
26248,0
69823,1
47436,0
81759,1
47989,1
103284,0
30483,0
49347,0
28036,0
46825,0
97340,0
111755,0
10085,1
55645,1
61777,1
55555,1
45333,0
104575,0
32245,0
115235,0
49779,1
7757,1
70507,1
102839,0
119148,0
86073,0
105333,0
22661,0
10575,1
117342,0
65440,1
94579,0
49971,0
13881,0
8316,1
94433,0
71094,1
39590,0
3912,1
9207,1
60239,1
111162,0
38082,0
64904,1
105970,0
27719,0
68172,1
86072,0
50114,1
54842,1
27907,0
101147,0
91726,0
55004,1
39906,0
32847,0
5033,1
8661,1
116750,0
87746,0
108099,0
93617,0
92926,0
117447,0
44094,1
24414,0
67543,1
38936,0
22279,0
59741,1
84771,0
36028,0
46603,0
36047,0
60802,1
27371,0
27405,0
43764,0
103718,0
102121,0
63550,1
88308,0
19807,0
1229,1
102913,0
7761,1
104663,0
79855,1
31585,0
35871,0
56470,1
15738,0
110925,0
67668,1
19439,0
116658,0
42070,1
44140,0
111395,0
119176,0
57143,1
74249,1
98852,0
83102,0
8267,1
16175,0
19588,0
52855,1
540,0
118081,0
98550,0
41304,1
112370,0
107400,0
59054,1
15989,0
81989,1
100500,0
93806,0
79774,1
68999,1
74876,1
94380,0
117827,0
52815,1
4792,0
41415,1
71542,1
22911,0
601,1
75766,1
33694,0
118758,0
75274,1
21098,0
87439,0
74654,1
30739,0
59598,1
118149,0
92495,0
49562,1
93975,0
84288,0
44679,1
42987,1
65481,1
93719,0
110012,0
62179,1
13178,1
6707,0
7774,1
103404,0
67057,1
49335,1
72255,1
62288,1
109357,0
53735,1
19257,1
75818,1
9191,1
116895,0
100016,0
24107,0
10531,1
44781,0
93893,0
43201,1
63365,1
12803,1
53316,1
104871,0
56576,1
107998,0
50524,0
111220,0
113268,0
36064,0
96971,0
115521,0
14038,0
37756,0
46584,0
22210,0
24723,0
61879,1
63913,1
95356,0
52929,1
65586,1
75854,1
40653,0
40911,0
31005,0
53896,1
70961,1
97292,0
77229,0
78788,1
10600,1
20772,0
69924,1
5545,0
98850,0
19133,1
118876,0
3045,0
102549,0
111634,0
22464,0
58265,1
69489,1
7912,1
95754,0
52060,1
12955,1
25100,0
103823,0
100046,0
70957,1
67776,1
33084,0
19939,0
77883,0
30590,0
25895,0
66262,1
12117,1
33294,0
81994,1
62422,1
49723,1
66406,1
87516,0
102629,0
100356,0
73724,1
21627,0
37793,0
56905,1
16760,0
89623,0
91539,0
7579,1
73331,1
53023,1
15430,0
63964,1
62406,1
89482,0
111508,0
78414,0
9304,1
100193,0
25894,0
93726,0
47250,1
63690,1
68682,1
54563,1
15813,0
26375,0
39015,0
14032,0
9960,1
80956,0
38398,0
50556,1
15588,0
82238,1
105802,0
7541,1
106082,0
57548,1
61175,1
73097,1
24622,0
78048,1
60365,1
104889,0
10277,1
47890,1
16127,0
39326,0
70109,1
5844,1
4640,1
1214,0
114537,0
64517,1
99959,0
63860,1
78854,0
87614,0
100591,0
20463,0
88934,0
40586,1
22282,0
82861,1
43952,1
44830,0
40241,1
72287,1
83081,0
46120,0
20407,0
27178,0
18970,0
108915,0
272,0
12983,1
36390,0
29127,0
49820,1
44329,1
66486,1
92099,0
56300,0
63623,1
13257,1
58408,1
88018,0
7428,0
29371,0
26229,0
53794,1
82071,0
80459,1
39709,0
39083,0
47977,1
118397,0
66671,1
90955,0
110248,0
95271,0
58295,1
76700,1
15309,1
92088,0
31626,0
24991,0
83292,0
11301,1
55067,1
119212,0
65251,1
8322,0
51322,1
114321,0
45641,0
21732,0
118789,0
83045,0
75949,1
62304,1
9520,1
108495,0
89187,0
33813,0
86127,0
81680,1
61440,1
78772,0
98960,0
797,1
59639,1
13906,0
60340,1
96864,0
104376,0
44674,1
51501,1
80999,0
117388,0
6771,1
85680,0
7292,1
90517,0
99515,0
85237,0
83843,0
39110,0
17152,0
95377,0
117718,0
72201,1
6437,1
34807,0
83786,0
43174,0
76828,0
59285,1
49812,1
8704,0
11151,1
43998,0
89112,0
6366,1
56902,1
15046,0
58767,1
65214,1
57430,1
66154,1
70611,1
80970,1
70160,1
30314,0
60266,1
28566,0
2280,0
110331,0
26978,0
67268,1
19213,1
94367,0
74705,0
59221,1
26934,0
86671,0
79802,0
112322,0
67533,1
52547,1
95729,0
8624,1
8475,1
109234,0
9682,1
38170,0
117541,0
87769,0
102748,0
54054,1
54117,1
23699,0
117908,0
49322,0
43221,1
70578,1
57768,1
97033,0
41201,1
13091,1
37393,0
51856,1
73128,1
63346,1
58864,1
39571,0
80387,1
18036,0
69588,1
97813,0
74863,1
92125,0
108769,0
72820,1
16354,0
36353,0
92327,0
89542,0
35422,0
94985,0
84208,0
76304,0
6340,1
77978,1
112298,0
96215,0
767,0
26241,0
1558,0
45301,0
6459,1
89120,0
60695,1
13506,1
26080,0
47619,1
108164,0
96285,0
4838,0
70940,1
24856,0
39885,0
4538,0
8038,1
59819,1
44588,1
67891,1
21102,0
38128,0
40218,0
8479,1
93090,0
115737,0
58677,1
15069,0
5699,1
23741,0
97237,0
93205,0
74569,1
37622,0
82527,0
44406,0
32294,0
97987,0
8764,0
48872,1
68001,1
105826,0
18054,0
31364,0
59899,1
14882,0
44778,1
69451,1
85984,0
103319,0
116472,0
49624,1
65329,1
52552,1
104827,0
90962,0
69550,1
97674,0
39671,0
56903,1
12103,1
10067,1
85969,0
105285,0
48999,1
91865,0
34886,0
116074,0
47248,1
40552,1
103265,0
47892,1
54271,1
119377,0
78309,0
59406,1
3275,0
1554,0
19595,0
82682,0
100351,0
3207,0
106567,0
3050,1
15053,0
92094,0
59109,1
65039,1
52109,1
39822,0
100039,0
92226,0
57355,1
33873,0
57191,1
68861,1
88601,0
18187,0
93527,0
65072,1
91314,0
10345,1
42119,0
8497,1
101142,0
92352,0
112221,0
9934,1
50868,1
53641,1
18832,0
54191,1
114777,0
109753,0
72264,1
86675,0
87699,0
38477,0
73742,1
86191,0
111845,0
25236,0
1444,0
104380,0
59689,1
43168,0
37260,0
77805,1
78292,0
25548,0
109610,0
4047,1
96484,0
118808,0
5894,0
29464,0
16499,0
72363,1
53286,1
60279,1
61441,1
108144,0
18477,0
12360,1
60740,1
11815,1
2577,0
115334,0
1241,0
35613,0
6114,1
91020,0
34774,0
60871,1
32852,0
10510,1
118803,0
1494,0
62043,1
17054,0
63090,1
30348,0
110031,0
65859,1
65411,1
21252,0
17952,0
4143,1
100093,0
64194,1
74450,1
90550,0
56780,1
102796,0
34916,0
10494,1
115090,0
91996,0
119131,0
110144,0
62092,1
48976,1
65100,1
85005,0
111214,0
20638,0
116100,0
70497,1
23960,0
69075,1
41787,0
64469,1
29537,1
110542,0
66454,1
7712,1
27726,0
8946,1
58442,1
53212,1
3955,0
36561,0
27414,0
111281,0
99021,0
68808,1
24046,0
17933,0
46143,1
9898,1
116774,0
24972,0
81079,0
49090,1
118542,0
55724,1
63629,1
34307,0
14004,0
92124,0
110687,0
78252,0
32685,0
87954,0
10011,1
10246,1
80574,0
62764,1
95090,0
13634,1
45274,0
27676,0
79174,0
62144,1
3971,1
34245,0
24756,0
102396,0
104946,0
70410,1
93340,0
96739,0
67381,1
3921,0
35704,0
76685,0
3029,1
14460,0
35588,0
106096,0
68022,1
70803,1
18847,0
47125,0
87932,0
528,0
106499,0
13323,1
101869,0
66993,1
55998,1
20456,0
80871,0
101925,0
5448,1
93638,0
85241,0
71396,1
26328,0
37344,0
100651,0
23247,0
58802,1
20218,0
45315,0
82205,0
93539,0
69574,1
93552,0
21470,0
93559,0
27699,0
88786,0
101678,0
109920,0
87923,0
69038,1
72513,1
106037,0
87603,0
116506,0
22918,0
85965,0
8859,1
78681,0
97283,0
44192,1
14546,0
53206,1
62913,1
37092,0
83338,0
312,0
60934,1
99558,0
36758,0
15819,0
51002,1
73824,1
93841,0
23006,0
9822,1
62149,1
95688,0
83474,0
23187,0
65447,1
30883,0
94636,0
114314,0
2459,1
39013,0
104724,0
30881,0
41748,0
52044,1
70913,1
83702,0
13789,1
10311,1
43310,0
110479,0
71004,1
7943,0
118697,0
78191,0
11115,0
99163,0
99470,0
23603,0
4174,1
86460,0
2880,0
75773,1
5575,1
99262,0
31494,0
14796,1
94197,0
40638,0
33269,0
13362,1
5498,0
84756,0
29606,0
60959,1
108174,0
103361,0
88141,0
80637,0
56579,1
41507,0
42249,0
89092,0
40381,0
52832,1
90241,0
56408,1
115055,0
116186,0
85361,0
76937,1
77612,0
115406,0
35752,0
47231,0
72117,1
97673,0
110231,0
45811,0
101898,0
37321,0
79027,0
98828,0
70517,1
63026,1
51782,0
64014,1
7185,1
9805,1
6157,0
73304,1
14077,0
84016,0
56273,1
19145,0
5882,0
20522,0
40538,0
16754,0
38596,0
58180,1
117252,0
36723,0
85686,0
20715,0
42975,0
23026,0
14537,0
84103,0
73468,1
48659,1
95707,0
8537,1
92504,0
2557,0
23102,0
28905,0
84875,0
97144,0
104818,0
108073,0
4733,0
75227,1
56314,1
110955,0
53406,1
9222,1
110615,0
22252,0
13074,1
7017,1
59764,1
100261,0
22653,0
69723,1
37311,0
53083,1
28332,0
74768,0
36092,0
34495,0
35110,0
54676,1
113842,0
98258,0
55246,1
75717,1
42529,0
17941,0
19523,0
106638,0
75625,1
52486,1
64515,1
104340,0
29716,0
8433,1
109208,0
54115,1
94149,0
79485,1
60402,1
2055,1
106774,0
67468,1
4579,0
9809,1
95881,0
30345,0
2325,0
107080,0
28572,0
8675,1
90724,0
65795,1
31154,0
112656,0
117012,0
70999,1
98562,0
43298,0
112977,0
119374,0
59737,1
6387,1
30509,0
58199,1
32717,0
98912,0
31227,0
4765,0
88033,0
69945,1
81152,0
106630,0
22943,0
12732,1
100824,0
21304,0
55754,1
55090,1
117394,0
81478,0
40688,0
61904,1
79497,0
26151,1
51435,1
100223,0
76498,1
100366,0
60691,1
104925,0
110884,0
92667,0
67907,1
46287,0
20152,0
101893,0
106052,0
94459,0
51115,1
43929,0
110378,0
16282,0
10015,1
41220,0
98892,0
85171,0
78424,0
33170,0
73392,1
70335,1
78821,0
118558,0
93656,0
38894,0
14408,0
47916,1
113378,0
99742,0
57866,1
106431,0
78192,0
71809,1
40985,0
93059,0
115533,0
78834,0
59274,1
59868,1
24335,0
30636,0
113892,0
111090,0
24725,0
57384,1
28193,0
74304,1
47811,1
78229,0
62064,1
62015,1
46449,1
92073,0
90194,0
2701,1
115734,0
73509,1
115441,0
40702,0
23000,0
51752,1
13593,1
96609,0
67524,1
71362,1
20127,0
243,0
94270,0
116806,0
48143,1
9643,1
29215,0
15779,0
79036,0
4721,0
114763,0
24010,0
45851,0
10279,1
76597,1
63173,1
67800,1
12714,1
72301,1
46577,1
10369,1
934,0
33091,0
6876,1
7538,1
95725,0
111612,0
55642,1
18449,0
89217,0
105151,0
41773,0
78782,0
41903,1
95731,0
100214,0
105034,0
44541,0
36357,0
87339,0
40298,0
20106,0
6242,1
644,1
64885,1
96044,0
67053,1
20807,0
115461,0
97630,0
17932,0
13540,1
78168,0
64174,1
63608,1
97176,0
84084,0
76712,0
43802,0
63577,1
83455,0
106026,0
49533,1
35663,0
94139,0
104293,0
27977,0
66309,1
47233,0
88241,0
54201,1
115028,0
41341,0
100884,0
70307,1
21882,0
52974,1
106299,0
56588,1
88086,0
71167,1
77960,0
86926,0
97896,0
106330,0
102780,0
78386,0
17497,0
57278,1
34047,0
48024,0
46257,0
74145,1
3903,1
25648,0
27700,0
106920,0
50742,1
7803,1
2401,1
35270,0
101728,0
63764,1
61394,1
7181,1
85235,0
38311,0
15646,0
93022,0
93614,0
67288,1
35452,0
82127,1
65556,1
54460,1
51594,1
104211,0
61090,1
13502,1
94990,0
102596,0
59978,1
79115,0
73770,1
65363,1
13878,0
23936,0
43978,1
20604,0
10854,1
37654,0
15817,0
69999,1
90765,0
78640,1
9324,1
19459,0
17911,0
50026,1
4453,1
9648,1
35122,0
39770,0
34383,0
112848,0
80404,1
35173,0
72394,1
11513,1
62274,1
95059,0
4785,0
49009,1
44863,0
18023,0
73131,1
80036,0
7992,1
98614,0
118114,0
14009,0
4908,1
21548,0
82167,1
3666,0
98542,0
114261,0
38912,0
63517,1
41261,1
34691,0
47067,1
24705,0
57194,1
106149,0
69426,1
18416,0
36574,0
1080,1
104442,0
111691,0
2542,0
39360,0
117108,0
90007,0
63529,1
101529,0
5455,1
112123,0
49324,1
83249,0
106316,0
27915,0
45199,0
85703,0
23776,0
69511,1
115888,0
46537,0
100057,0
89512,0
55964,1
70161,1
31367,0
24820,0
9620,1
38656,0
116353,0
86721,0
56542,1
73148,1
29997,0
78383,0
25869,0
6150,0
5821,0
102559,0
21971,0
61977,1
110773,0
29123,0
100027,0
2929,0
6638,0
34176,0
32745,0
39173,0
80066,0
10554,1
63265,1
40792,0
76217,1
101987,0
11478,1
72160,1
8620,1
98346,0
92540,0
34343,0
107920,0
99159,0
16300,0
93294,0
82236,1
59711,1
17659,0
114373,0
89386,0
70832,1
91712,0
49158,1
75189,1
24872,0
92349,0
8506,1
116259,0
57591,1
80170,0
80644,0
81632,1
53513,1
40293,0
44223,0
60034,1
109624,0
21096,0
63937,1
17764,0
71896,1
3858,1
112763,0
2659,1
26534,0
40407,1
19645,0
10221,1
47794,1
21991,0
71862,1
19828,0
29070,0
51535,1
61490,1
47257,0
62651,1
16061,0
85121,0
39469,0
36095,0
71038,1
54221,1
117546,0
103835,0
37835,0
89802,0
92858,0
35138,0
4403,1
112822,0
10385,1
20546,0
101761,0
69379,1
59829,1
87606,0
55228,1
42937,0
2944,1
100896,0
46188,0
28117,0
113748,0
105648,0
18417,0
95836,0
4654,1
67240,1
43537,0
23193,0
27849,0
26207,0
84414,0
50398,0
67270,1
30467,0
69949,1
3711,1
41350,0
85048,0
21925,0
75060,1
35644,0
87934,0
33435,0
36715,0
95444,0
97751,0
85584,0
88486,0
13500,1
74434,1
24156,0
51693,1
92860,0
37016,0
68021,1
66450,1
70274,1
100643,0
106650,0
73457,1
89782,0
73553,1
57865,1
55650,1
114686,0
15644,0
31850,0
69297,1
29878,0
45620,0
114067,0
115961,0
6996,1
75750,1
38116,0
108854,0
100570,0
53039,1
87317,0
28226,0
56600,1
26738,0
90561,0
82209,1
53902,1
35338,0
8118,1
65599,1
11637,1
2341,0
105091,0
91459,0
73380,1
1164,1
18041,0
16515,0
2129,0
119368,0
86680,0
97730,0
50484,1
56115,1
71536,1
31210,0
87409,0
33986,0
114981,0
16291,0
37196,0
21016,0
38664,0
56687,1
97384,0
72936,1
30108,0
60810,1
35194,0
74754,1
16263,0
69115,1
92427,0
105896,0
108755,0
36539,0
30223,0
59719,1
69033,1
78111,0
111385,0
80344,1
19565,0
24341,0
111878,0
117228,0
74232,1
108232,0
66739,1
20562,0
73140,1
34162,0
12421,1
79843,1
112328,0
63515,1
45646,0
48681,1
40982,0
79268,1
87584,0
31763,0
84037,0
10933,1
109773,0
9506,1
117121,0
85417,0
75038,1
8882,1
84776,0
16424,0
79248,1
6091,1
28622,0
15798,0
59844,1
96789,0
80366,0
31030,0
45956,1
33453,0
63903,1
23846,0
15112,1
40763,0
115777,0
12427,1
79853,1
6625,1
55315,1
7118,1
87777,0
39806,0
18345,1
54036,1
69800,1
38619,0
60280,1
95167,0
65963,1
6212,1
303,0
72736,1
115885,0
107519,0
87309,0
77435,0
4249,1
96205,0
26056,0
49219,1
13692,1
52381,0
84020,0
23821,0
307,0
109774,0
33458,0
36651,0
49379,1
118170,0
47755,1
96742,0
656,0
109858,0
6256,0
106471,0
100079,0
71182,1
25192,0
119112,0
74076,1
26465,0
85968,0
101631,0
112405,0
17440,0
117277,0
27322,0
4461,1
27067,0
18800,0
78223,0
93770,0
19635,0
104849,0
87401,0
113586,0
99844,0
101435,0
5461,1
97405,0
100142,0
105052,0
61368,1
82721,0
30386,0
86969,0
41016,0
99332,0
11291,1
77534,1
4493,0
27583,0
22033,0
86796,0
117821,0
68464,1
43820,0
107428,0
96524,0
33673,0
34064,0
94372,0
50422,1
99117,0
103199,0
13747,1
107834,0
51702,1
105890,0
35063,0
110946,0
7977,1
52625,1
9490,1
115035,0
70786,1
94486,0
63102,1
88485,0
107989,0
89389,0
64745,1
96097,0
53557,1
28803,0
55608,1
116871,0
106013,0
28421,0
102749,0
30371,0
107174,0
61339,1
114954,0
65454,1
47441,0
78031,0
54339,1
40642,0
74708,0
106118,0
84772,0
108231,0
52396,1
12293,1
68595,1
27411,0
67906,1
37239,0
107934,0
57955,1
9432,1
65997,1
90912,0
85257,0
23311,0
83472,0
68097,1
109712,0
115025,0
83104,0
103480,0
65988,1
64274,1
82490,0
108448,0
113304,0
20623,0
101499,0
110594,0
116621,0
82742,1
110809,0
30067,0
38244,0
3890,0
92102,0
27578,0
43064,1
40390,1
33642,0
8575,1
107700,0
26838,0
114660,0
71843,1
113157,0
115010,0
68281,1
105138,0
27909,0
101992,0
79398,0
115323,0
89173,0
107686,0
87273,0
8659,1
34269,0
16687,0
41841,1
38999,0
83936,0
94469,0
62846,1
117398,0
53848,1
103311,0
114774,0
22224,0
30403,0
64719,1
90426,0
65431,1
7204,1
52991,1
94582,0
82210,1
56179,1
2169,0
60836,1
29125,0
56984,1
28790,0
109678,0
62692,1
56116,1
100691,0
90602,0
41617,0
15154,1
31920,0
25228,0
23177,0
44555,1
100689,0
115482,0
11527,1
114784,0
21664,0
16137,0
48849,0
13568,1
96449,0
75152,1
72799,1
63627,1
31852,0
72462,1
116388,0
115385,0
78404,0
17337,0
42693,0
25845,0
107608,0
29250,0
25470,0
71250,1
52509,1
54062,1
36386,0
23921,0
56657,1
28118,0
83913,0
5648,0
117765,0
22906,0
33509,0
87508,0
6262,1
98202,0
62487,1
109711,0
28527,0
75795,1
116405,0
1649,0
29988,0
10140,1
37068,0
60547,1
74940,1
78904,0
66767,1
106519,0
1828,1
78859,0
103044,0
110579,0
71570,1
88818,0
43983,0
10580,1
78647,0
20062,0
56252,1
90180,0
109844,0
76694,0
45106,0
28073,0
48901,0
40780,0
4142,1
10240,1
79718,1
21085,0
4508,0
46278,0
21575,0
90969,0
85636,0
28740,0
108312,0
101000,0
70732,1
40138,0
39322,0
19267,0
78819,0
91924,0
73657,1
5661,1
90970,0
7354,1
41944,0
26961,0
47876,1
52288,1
17784,0
17775,0
68957,1
111114,0
19398,0
28879,0
31939,0
95619,0
85953,0
98803,0
5548,0
5872,1
57008,1
66932,1
110297,0
2514,0
86887,0
33393,0
30757,0
72998,1
42422,1
100754,0
64742,1
109745,0
65743,1
101386,0
50859,0
83985,0
83328,0
15663,1
98035,0
34136,0
95979,0
42484,0
93158,0
111872,0
34197,0
11973,1
12962,1
81359,0
6001,0
108946,0
12374,1
42905,0
70713,1
101071,0
82246,1
106475,0
118213,0
53867,1
61690,1
80798,0
5568,0
85465,1
95354,0
115966,0
25523,0
97474,0
112504,0
30059,0
33002,0
21817,0
27433,0
91725,0
111243,0
89966,0
12925,1
61353,1
113050,0
86376,0
45213,1
88890,0
66693,1
57562,1
23932,0
27327,0
80640,0
67189,1
96370,0
28674,0
33413,0
73378,1
63527,1
11729,1
91102,0
98840,0
48413,1
98958,0
19685,0
18685,1
30767,0
19572,0
50031,1
54709,1
87394,0
92393,0
42146,0
3089,0
116396,0
37387,0
29843,0
28181,0
20139,0
86606,0
105404,0
7467,1
4859,0
114210,0
78017,0
74544,1
47174,0
112387,0
111989,0
43576,1
29029,0
92489,0
28090,0
26291,0
58243,1
105362,0
114771,0
92625,0
6540,1
37301,0
96903,0
65085,1
106536,0
85263,0
47582,1
46574,0
25028,0
101503,0
118970,0
60434,1
2024,0
109896,0
77441,1
30777,0
42869,1
75090,1
110677,0
67976,1
112645,0
114437,0
84884,0
3844,1
79235,1
26677,0
96113,0
106576,0
61335,1
22955,0
88605,0
108031,0
98498,0
113795,0
117300,0
55267,1
26628,0
33077,0
78348,0
22297,0
21060,0
75834,1
52752,1
66001,1
91225,0
24271,0
38185,0
74417,1
113461,0
91957,0
50176,1
105810,0
10941,1
25411,0
64899,1
53182,1
56409,1
63927,1
26036,0
21740,0
112833,0
10529,1
27186,0
93132,0
109102,0
26972,0
101739,0
10524,1
76163,1
112057,0
15834,0
95973,0
84132,0
93532,0
4822,1
49228,1
66084,1
31471,0
104808,0
112578,0
66253,1
73180,1
56969,1
99870,0
12514,1
11289,1
43967,1
5305,1
104847,0
80887,0
64706,1
21104,0
69280,1
46443,1
88334,0
115664,0
95261,0
113504,0
67980,1
41627,0
77144,0
53626,1
81419,0
16520,0
32596,0
19899,0
108596,0
6315,1
8114,1
17646,0
55075,1
44398,0
45316,0
63317,1
99747,0
38233,0
64088,1
37754,0
111703,0
59137,1
46500,1
74559,1
94994,0
1548,0
115221,0
28579,0
9172,1
9631,1
25987,0
90092,0
24387,0
23232,0
118160,0
15356,0
93352,0
40328,0
28973,0
39224,0
17114,0
101027,0
118744,0
80932,0
33759,0
71424,1
73831,1
57473,1
82818,1
103061,0
87226,0
71882,1
11846,1
6695,1
14402,0
55474,1
95822,0
113341,0
84708,0
75915,1
94858,0
8273,1
87380,0
83131,0
83099,0
54830,1
89634,0
104754,0
68649,1
51068,1
38636,0
79130,0
111654,0
13541,1
108570,0
35271,0
21469,0
52889,1
74471,1
77541,1
16264,0
113876,0
26331,0
55468,1
111630,0
40470,1
110475,0
41582,0
38707,0
35721,0
39647,0
68804,1
12416,1
58003,1
93669,0
78126,0
43364,0
71721,1
81535,1
66771,1
17496,0
55073,1
8105,1
583,0
25638,0
37562,0
107310,0
82726,0
32923,0
55151,1
84096,0
64540,1
45461,0
12488,1
38288,0
5038,1
38448,0
48121,1
32966,0
48531,1
42494,1
22589,0
22290,0
91534,0
110671,0
17833,0
60474,1
90680,0
12398,1
52844,1
41755,0
100631,0
5125,0
11951,1
86626,0
19923,0
95329,0
64636,1
14740,1
53249,1
77075,0
27090,0
48527,1
118689,0
30381,0
37834,0
119072,0
90516,0
1037,1
41223,0
105233,0
72883,1
75922,1
85601,0
12033,1
101609,0
116208,0
16498,0
115722,0
108085,0
59315,1
78350,0
63507,1
65776,1
4700,0
59251,1
77206,1
64788,1
6019,1
346,0
89181,0
107932,0
21266,0
66948,1
220,0
30741,0
43947,1
9479,1
103383,0
68936,1
105792,0
16214,0
28163,0
72954,1
18215,0
87898,0
33026,0
10582,1
72922,1
63674,1
65939,1
82035,1
78041,0
7492,1
26818,0
5566,0
92451,0
16869,0
31067,0
32895,0
101472,0
45499,1
85815,0
111903,0
18760,0
86212,0
96562,0
103327,0
93211,0
45613,1
37583,0
113701,0
60029,1
81063,1
98277,0
53933,0
65957,1
6837,0
7713,1
108594,0
72533,1
69274,1
6932,0
58274,1
107134,0
6786,1
37874,0
47669,1
94851,0
33342,0
94285,0
45511,1
103624,0
81572,1
58430,1
35909,0
101622,0
19299,0
6925,1
93829,0
11909,1
84649,0
44614,0
68592,1
96343,0
76111,1
27713,0
11021,1
42853,0
24821,0
85349,0
65933,1
30696,0
68179,1
12999,1
69341,1
40173,0
47534,1
95567,0
109143,0
22489,0
66102,1
44638,0
21099,0
9625,1
88401,0
42434,1
49002,1
5139,0
96771,0
41667,0
101979,0
84986,0
10516,1
51797,1
71223,1
109976,0
84272,0
100499,0
88676,0
85040,0
79290,0
10364,1
54130,1
49060,1
9098,1
30164,0
60240,1
20852,0
46220,0
83508,0
109734,0
51654,1
57581,1
66964,1
57651,1
23503,0
81180,0
11412,1
42720,0
33506,0
66400,1
28444,0
81957,1
37347,0
16777,0
92597,0
59128,1
37973,0
83333,0
74285,1
82543,0
25844,0
5772,1
77798,0
41952,0
49381,1
18714,1
45635,0
95804,0
90502,0
78981,0
51001,1
22355,0
2271,0
81580,1
82971,0
76895,1
81912,1
107246,0
10052,1
76876,1
84369,0
36304,0
9055,0
92025,0
58137,1
92788,0
37027,0
15680,0
73597,1
29937,0
73099,1
101191,0
19542,0
107533,0
50819,1
47481,1
445,1
45936,0
660,0
13777,1
65247,1
26060,0
60156,1
4794,1
86703,0
49185,1
24536,0
75096,1
5160,1
40090,1
21207,0
9158,1
101200,0
3899,1
16236,0
42160,0
46144,0
8649,1
19329,0
75138,1
106273,0
35097,0
58411,1
77599,0
81044,1
26659,0
103713,0
94538,0
5887,0
39854,0
61421,1
86400,0
65305,1
81036,1
29951,0
10796,1
117873,0
59879,1
18613,0
111276,0
40478,0
47819,1
80291,1
118337,0
102601,0
51007,1
32692,0
70877,1
98053,0
41834,0
106898,0
2077,0
73554,1
17435,0
8689,1
1008,0
59225,1
64864,1
29246,0
20220,0
15239,0
79548,0
102515,0
103251,0
48043,1
96994,0
58120,1
25703,0
17399,0
78592,0
88354,0
80089,1
16138,0
106581,0
118906,0
94766,0
22674,0
44899,1
70551,1
76027,1
61048,1
23124,0
84653,0
81657,0
60237,1
56753,1
15126,0
49574,1
48085,0
29944,0
87417,0
92861,0
25545,0
82114,0
50157,1
30232,0
47971,1
59076,1
20211,0
82022,1
90726,0
7577,1
97615,0
80398,1
46809,0
78358,1
57225,1
48260,1
87390,0
6498,1
64273,1
113068,0
37220,0
58297,1
52,0
105880,0
90123,0
76609,0
71103,1
26307,0
44966,1
116245,0
24764,0
12155,1
20002,0
47349,1
50204,1
78050,0
87770,0
8925,1
119328,0
98309,0
118619,0
101971,0
61446,1
16072,0
22025,0
1360,1
75346,1
10144,1
29529,0
99512,0
68223,1
49374,1
6814,1
84039,0
21010,0
2902,0
80085,1
4316,1
2267,0
106224,0
10068,1
60195,1
15520,0
79013,0
85151,0
28236,0
49066,1
1896,0
47713,1
19177,0
117609,0
49417,1
40979,0
113506,0
57335,1
32373,0
47720,1
75457,1
28486,0
78297,0
92193,0
101769,0
113081,0
14761,1
47509,1
9675,1
53855,1
9182,1
70813,1
80903,1
51779,0
34139,0
105832,0
24874,0
69074,1
49895,0
57762,1
43063,0
42,0
108222,0
26035,0
15353,0
75650,1
33853,0
99756,0
45527,1
64175,1
89358,1
114638,0
40239,0
49350,0
18628,0
40140,0
52913,1
32268,0
49486,1
63775,1
39057,0
11079,1
32678,0
6973,1
42524,0
38069,0
2240,0
44289,0
3843,1
80283,1
74463,1
70683,1
36269,0
53069,1
67350,1
77473,0
38038,0
105460,0
118935,0
101799,0
51544,1
419,0
89232,0
113451,0
17297,0
100115,0
36629,0
8387,0
15455,0
87878,0
68035,1
71209,1
72992,1
6578,1
102660,0
112352,0
14997,1
28306,0
64449,1
12760,1
105715,0
86477,0
89812,0
21015,0
22704,0
50257,1
63222,1
21618,0
7192,1
70258,1
73830,1
75978,1
40832,1
32286,0
108119,0
113960,0
107740,0
18030,0
5273,1
26849,0
115381,0
68523,1
91719,0
86871,0
92415,0
78685,0
8227,1
2618,0
51708,1
6484,1
115517,0
65672,1
58638,1
39654,0
75051,1
79076,1
6237,1
101760,0
57475,1
102331,0
31884,0
71275,1
48388,1
69869,1
9882,1
19865,0
24879,0
118528,0
85983,0
66131,1
96186,0
881,1
27903,0
111016,0
30097,0
73843,1
108566,0
60864,1
20272,0
59933,1
96669,0
41348,0
83378,0
104645,0
14934,0
60973,1
50534,1
89896,0
67621,1
12750,1
97101,0
77405,0
87049,0
16567,1
4237,1
94566,0
53676,1
103997,0
81195,0
98173,0
103359,0
107180,0
14095,0
30114,0
30322,0
50303,1
100073,0
91441,0
96093,0
106644,0
70802,1
85849,0
9854,1
77552,0
90086,0
54018,1
13910,0
112259,0
80560,0
96341,0
8396,1
110695,0
15330,1
5753,1
53018,1
85548,0
85607,0
1004,0
74835,1
36633,0
118618,0
69569,1
87832,0
13467,1
112364,0
26524,0
61298,1
28691,0
46128,0
89352,0
82375,1
88243,0
29526,0
18324,0
24419,0
35008,0
16041,1
78075,1
101633,0
61864,1
109205,0
60857,1
88356,0
85026,0
6838,1
99039,0
58786,1
43548,1
118473,0
117117,0
108897,0
10007,1
6542,1
4800,1
38913,0
89129,0
14854,1
41539,0
103122,0
70541,1
68334,1
43557,1
55347,1
77661,0
97878,0
61287,1
99897,0
118620,0
30300,0
47428,1
83040,0
70468,1
51039,1
59884,1
59275,1
109135,0
115011,0
14579,0
37343,0
20672,0
734,0
16824,0
46997,0
3040,1
49019,1
40389,1
51062,1
88022,0
93440,0
101463,0
91409,0
68786,1
111736,0
58413,1
118583,0
40518,0
3332,0
66999,1
101589,0
18033,0
88064,0
108265,0
68655,1
14594,0
72634,1
24528,0
100822,0
103715,0
780,1
53885,1
62096,1
14325,0
16902,0
48408,1
112306,0
29294,0
33504,0
58448,1
22305,0
29648,0
118278,0
56358,0
24755,0
31487,0
42065,1
64007,1
113323,0
107172,0
58155,1
5577,0
16846,0
22419,0
41556,0
85309,0
87076,0
67940,1
103972,0
105578,0
26740,0
66968,1
14957,0
75411,1
94164,0
13379,1
96890,0
102190,0
40862,1
3180,1
1644,0
51802,1
96323,0
56091,1
78072,1
33501,0
68579,1
38967,0
45244,1
6362,1
75724,1
16395,0
71672,1
39610,0
28927,0
75505,1
118020,0
66662,1
32988,0
61135,1
36219,0
25672,0
1958,0
33499,0
49537,1
9351,1
111500,0
70430,1
100396,0
51661,1
71181,1
60234,1
60372,1
103809,0
52515,1
72210,1
97170,0
12362,1
66251,1
84464,0
95358,0
58870,1
35133,0
108019,0
51161,1
90318,0
6192,0
66498,1
118429,0
43419,0
54153,1
56851,1
85594,0
97401,0
86044,0
18792,0
44342,0
80857,0
34429,0
52564,1
97552,0
38222,0
37033,0
53474,1
53400,1
32055,0
19083,0
114574,0
21081,0
41421,1
26316,0
7612,1
102219,0
5215,0
100635,0
113021,0
78377,1
98776,0
55766,1
18964,0
24727,0
65850,1
17502,0
114367,0
31417,0
58829,1
118166,0
44578,0
101710,0
30957,0
49745,1
45876,0
56400,1
30826,0
108698,0
97376,0
112271,0
91807,0
119026,0
43116,0
94549,0
20496,0
72549,1
106448,0
87899,0
10280,1
11146,1
14541,0
93582,0
69744,1
46885,1
46658,1
57678,1
40990,1
24305,0
12337,1
60113,1
113854,0
17511,0
28472,0
24934,0
15699,0
94580,0
38709,0
79653,0
54919,1
6036,0
16479,0
76485,1
98938,0
5555,0
45313,0
22838,0
17927,0
13110,1
16467,0
71608,1
63502,1
77760,0
87096,0
56083,1
42521,0
20471,0
83432,0
15329,1
108438,0
4242,1
82671,0
46908,1
77508,0
28987,0
25123,0
95943,0
78462,0
89509,0
21850,0
76417,1
66456,1
54277,1
18089,0
20878,0
113228,0
36866,0
4507,1
18589,1
55088,1
68394,1
45136,0
54263,1
80930,0
26282,0
24777,0
37538,0
93235,0
59990,1
72779,1
106725,0
116545,0
83805,0
78688,0
2630,1
24405,0
112102,0
70976,1
50240,1
104461,0
78919,0
75351,1
30613,0
24178,0
65246,1
37291,0
53893,1
110259,0
47691,1
49594,1
37772,0
44135,0
63475,1
75490,1
58732,1
97733,0
111188,0
79060,0
60187,1
84947,0
96909,0
107768,0
91164,0
118632,0
50235,1
61509,1
44440,1
25295,0
25852,0
102819,0
53170,1
85526,0
56648,1
49177,1
46938,1
24971,0
18529,0
41974,0
97050,0
36849,0
105995,0
54668,1
50091,1
32303,0
94391,0
32982,0
42258,0
34184,0
5765,1
111486,0
117093,0
111806,0
78567,0
88095,0
104291,0
34132,0
70301,1
14825,1
1592,0
40268,1
37354,0
106569,0
73098,1
10483,1
5219,0
93820,0
39761,0
36656,0
10581,1
71670,1
22550,0
26768,0
88063,0
6111,1
40558,0
82391,1
76586,1
43624,0
87419,0
20775,0
90872,0
46781,1
119165,0
99345,0
101831,0
56768,1
25326,0
92086,0
30364,0
1373,1
119370,0
112055,0
9811,1
7233,1
55471,1
28990,0
36538,0
56251,1
85073,0
87533,0
105893,0
67151,1
78374,1
44417,1
50730,1
95052,0
30727,0
117767,0
38305,0
73256,1
36763,0
5640,1
24912,0
7213,1
80113,1
30423,0
35440,0
19313,0
85952,0
62003,1
57130,1
29232,0
100271,0
1276,0
79097,0
34517,0
75573,0
103072,0
40848,0
23572,0
29739,0
109472,0
21698,0
111526,0
70729,1
32130,0
20077,0
61192,1
87404,0
20111,0
23547,0
94007,0
23914,0
48088,0
88802,0
36071,0
23262,0
60560,1
108968,0
23956,0
6879,1
17177,0
7638,1
47621,1
65253,1
69777,1
70031,1
7324,1
23550,0
71789,1
113570,0
112740,0
57034,1
95402,0
56482,1
104862,0
92758,0
14366,0
112438,0
107272,0
54296,1
59747,1
50712,0
97177,0
61574,1
51898,0
33065,0
8525,1
20005,0
37274,0
114925,0
87244,0
97024,0
77494,0
73019,1
118106,0
19676,0
118643,0
29122,0
11596,1
113512,0
85360,0
8733,0
69246,1
66645,1
113269,0
30898,0
99314,0
11020,1
65922,1
64494,1
88466,0
71593,1
27979,0
55491,1
32358,0
24643,0
22217,0
28587,0
96785,0
78134,0
31110,0
12102,1
32539,0
52489,1
109842,0
42911,0
105646,0
56734,1
56677,1
63016,1
29816,0
109964,0
48613,1
27905,0
35827,0
21512,0
107891,0
45379,0
91801,0
93800,0
15555,0
2104,0
75172,1
757,1
36144,0
48418,1
76647,1
44789,0
21168,0
111079,0
31384,0
101247,0
89211,0
20174,0
46738,0
57941,1
52479,1
69864,1
26593,0
33502,0
2151,0
76934,1
119285,0
36904,0
33123,0
45069,0
46003,1
79199,0
70224,1
95403,0
26353,0
6341,1
66603,1
13449,1
48788,1
16872,0
28214,0
113736,0
26201,0
58560,1
8658,1
84129,0
31700,0
55764,1
47112,0
78577,1
103451,0
2036,1
106828,0
25744,0
108389,0
94072,0
12876,1
109427,0
115073,0
79818,0
18322,0
7057,1
98768,0
117363,0
49858,1
86177,0
26398,0
57697,1
42147,0
83354,0
46691,0
57582,1
19050,0
80545,1
24251,0
50997,1
60708,1
1139,0
97790,0
54792,1
73412,1
100280,0
40969,0
65654,1
33488,0
49420,0
69844,1
53667,1
119084,0
89265,0
105750,0
100873,0
38374,0
84139,0
23856,0
52024,1
106414,0
31690,0
59864,1
88700,0
76691,0
25914,0
30301,0
33606,0
10846,1
82441,0
114509,0
82587,0
67702,1
87458,0
74772,0
60356,1
99497,0
86484,0
113230,0
14959,1
32494,0
15694,0
32224,0
105067,0
82475,0
44097,1
84516,0
68133,1
83791,0
82296,0
95662,0
100194,0
54017,1
74331,1
6992,1
63585,1
93634,0
51902,0
34201,0
21604,0
69138,1
53574,1
20247,0
88422,0
67805,1
79038,0
38072,0
116541,0
64461,1
59445,1
81098,1
23239,0
110366,0
113110,0
33109,0
89354,0
111589,0
337,0
93268,0
41705,0
75053,1
83027,0
43901,1
20,0
100254,0
81227,0
45786,0
76039,1
77549,1
119246,0
55215,1
38195,0
96176,0
46039,0
26077,0
106022,0
19468,0
94855,0
59632,1
94084,0
100413,0
74278,1
38898,0
17520,1
90943,0
108883,0
78066,0
28228,0
110163,0
43796,0
72808,1
61518,1
96942,0
29946,0
30865,0
64804,1
77769,0
100963,0
112971,0
76334,0
18623,0
98489,0
23827,0
10202,1
76664,0
13104,1
108699,0
28517,0
48101,1
32025,0
112506,0
63115,1
26195,0
28672,0
43457,1
81243,0
10649,1
90288,0
72121,1
47025,0
21009,0
35718,0
118225,0
29474,0
90819,0
91456,0
110575,0
108925,0
62280,1
32953,0
55661,1
41188,0
102463,0
113527,0
57237,1
114302,0
102478,0
2377,1
40462,0
74021,1
22604,0
84581,0
101149,0
20470,0
75641,1
41754,0
100345,0
65265,1
2117,0
48428,0
110153,0
34913,0
12079,1
48434,1
83149,0
83792,0
90459,0
70974,1
101853,0
29741,0
72072,1
98494,0
21904,0
109255,0
10702,1
99755,0
65461,1
31100,0
2221,0
39038,0
64413,1
63553,1
83879,0
4058,1
80746,1
46822,0
1982,0
43192,0
11733,1
23391,0
44038,0
62,0
60093,1
118762,0
103701,0
33070,0
77862,0
71949,1
27099,0
48327,0
74155,1
27324,0
51023,1
117771,0
84893,0
62965,1
49924,0
21373,0
58476,1
108283,0
30798,0
118028,0
69546,1
106900,0
16844,0
86023,0
12057,1
75726,1
18119,0
53633,1
114910,0
33079,0
6007,1
15633,0
21636,0
81659,0
14986,1
56864,1
74988,1
30296,0
78550,0
64332,1
34572,0
85795,0
97175,0
115162,0
84002,0
32715,0
72011,1
31175,0
16397,0
97262,0
86962,0
64216,1
93694,0
110191,0
31827,0
47102,1
18934,0
74647,1
2006,0
30982,0
89235,0
55856,1
118364,0
67461,1
80850,0
74448,1
35528,0
80395,1
84237,0
110411,0
61793,1
97201,0
64849,1
6636,1
65109,1
5866,1
39911,0
110969,0
9302,1
62568,1
71384,1
21657,0
22493,0
24521,0
80037,0
34789,0
108273,0
102255,0
20404,0
82106,0
3889,0
6416,0
98658,0
31400,0
66788,1
88089,0
78142,1
97277,0
9510,1
89829,0
89513,0
92007,0
17121,0
9499,1
35192,0
58010,1
5039,1
88347,0
67396,1
98522,0
5975,1
90526,0
115981,0
92567,0
68042,1
47757,0
14929,0
35513,0
32008,0
45644,0
74566,1
115747,0
100911,0
20815,0
13846,0
40063,1
108469,0
71468,1
61923,1
21416,0
69784,1
27768,0
1811,0
89567,0
47863,1
101317,0
111116,0
78498,0
95847,0
33943,0
58099,1
5976,1
11341,1
2288,0
1690,1
113591,0
35903,0
78606,0
21088,0
51982,1
23234,0
22262,0
3600,1
19471,0
71153,1
67502,1
97778,0
74882,1
27579,0
107663,0
104232,0
642,0
17897,0
32541,0
32663,0
95878,0
2574,0
118392,0
21665,0
95332,0
85419,0
74970,1
117701,0
92520,0
15364,0
69132,1
29487,0
115549,0
71039,1
87292,0
10967,1
12512,1
104910,0
74588,1
30707,0
53358,1
76687,0
117325,0
80754,1
39409,0
55585,1
91141,0
22153,0
17227,0
35913,0
53658,1
116592,0
77818,0
109235,0
8949,1
95009,0
85527,0
74883,1
10394,1
17043,0
8090,1
20396,0
26432,0
58669,1
98901,0
23934,0
107022,0
118765,0
80237,0
90164,0
21944,0
108084,0
67948,1
12144,1
56026,1
97273,0
108902,0
113197,0
83497,0
13928,0
80248,0
51231,1
115166,0
104365,0
3879,1
92154,0
66909,1
10609,1
25570,0
23565,0
46689,1
84753,0
98466,0
52125,1
113119,0
76069,1
25163,0
92294,0
75395,1
3785,0
1120,0
13182,1
65342,1
107782,0
79547,0
2597,0
105458,0
24254,0
46236,0
48518,1
37099,0
3290,1
72366,1
63899,1
73910,1
73926,1
3799,1
5199,0
82724,0
17453,0
118806,0
12140,1
52834,1
55870,1
26857,0
111575,0
32308,0
14938,1
6637,0
42366,1
2109,1
1803,1
83308,0
25906,0
49759,1
71054,1
32887,0
37962,0
30412,0
109642,0
6284,1
56234,1
102999,0
14109,0
47332,1
46450,1
37128,0
118794,0
70817,1
12826,1
97738,0
111420,0
54143,1
13332,1
80025,0
71354,1
55006,1
68433,1
73810,1
119055,0
91516,0
79107,0
99504,0
105147,0
104181,0
55564,1
53168,1
43461,0
57901,1
62664,1
79510,0
64209,1
88158,0
44568,0
103770,0
23165,0
108030,0
14925,1
34715,0
1892,0
7386,1
32462,0
69583,1
81035,1
20500,0
76931,1
113041,0
97858,0
6377,0
97865,0
48207,0
66567,1
36110,0
60903,1
75157,1
88147,0
111430,0
64697,1
27939,0
40649,1
45836,0
119344,0
16796,0
91979,0
98180,0
13791,1
52393,1
111673,0
70166,1
102343,0
64801,1
39372,0
103880,0
97967,0
30226,0
20083,0
100755,0
40372,0
81019,1
45228,1
116108,0
109548,0
46837,0
106452,0
103561,0
56290,1
58904,1
112999,0
85553,0
14189,0
87583,0
55709,1
110866,0
19643,0
57568,1
21759,0
50983,1
35120,0
4324,1
108629,0
86079,0
78962,1
75483,1
85248,0
28839,0
99038,0
76875,1
91816,0
57555,0
52923,1
13242,1
43468,0
47932,1
25097,0
406,0
118805,0
9044,1
47763,1
78316,0
31834,0
118202,0
54583,1
15491,0
57375,1
43689,0
78200,0
79162,0
93066,0
15526,0
112490,0
87258,0
35963,0
33457,0
52770,1
4813,0
64952,1
12624,1
38673,0
41658,0
72065,1
36578,0
87194,0
113135,0
103419,0
96271,0
11419,1
74444,1
59086,1
35080,0
6097,0
110737,0
65868,1
88300,0
49612,0
25789,0
23814,0
10987,1
86706,0
117641,0
104213,0
91215,0
31962,0
23331,0
88146,0
87135,0
115799,0
108300,0
97497,0
63389,1
39126,0
41904,0
3800,1
81637,1
30663,0
84282,0
116314,0
2844,0
70159,1
62499,1
64177,1
100186,0
66726,1
91294,0
60975,1
39817,0
81956,1
92553,0
77093,0
85261,0
37846,0
1158,0
94675,0
115629,0
65384,1
3787,0
85343,0
49369,0
1464,0
9613,1
33368,0
82756,1
114131,0
34922,0
22185,0
61,0
74529,1
86587,0
46476,0
16224,0
70526,1
103090,0
2100,0
106708,0
23947,0
23004,0
78590,0
118069,0
56250,1
64947,1
52518,1
29363,0
49087,1
50804,1
110339,0
39918,0
29057,0
110342,0
9963,1
84626,0
107323,0
108999,0
110817,0
104309,0
87695,0
28239,0
9865,1
100794,0
83965,0
61072,1
67793,1
28291,0
72580,1
90647,0
101544,0
42296,0
87965,0
77728,0
109686,0
113153,0
37413,0
74965,1
102552,0
24941,0
24501,0
92450,0
16084,0
4815,0
61450,1
84162,0
77446,1
17831,0
56239,1
117657,0
54091,1
56112,1
35322,0
20190,0
118179,0
10504,1
64023,1
76915,1
69510,1
74214,1
20398,0
36513,0
68537,1
96083,0
31114,0
2790,1
46063,0
57474,1
45403,0
12555,1
59094,1
79964,0
71435,1
50378,1
67842,1
114440,0
68160,1
10249,1
63093,1
95337,0
34808,0
35437,0
35923,0
62030,1
78714,0
59119,1
117189,0
28843,0
42420,0
74102,1
55482,1
22873,0
72626,1
63817,1
61393,1
62439,1
88237,0
69549,1
40629,1
1570,1
34708,0
49000,1
17785,0
89585,0
42247,0
35559,0
61163,1
114542,0
114650,0
7089,1
87822,0
23025,0
49006,1
111499,0
36457,0
10518,1
117713,0
56256,0
14322,0
99179,0
82287,0
47555,1
37932,0
44548,0
56770,0
102247,0
48942,1
59153,1
89242,0
11528,1
35099,0
73357,1
50618,1
24555,0
35584,0
89111,0
86180,0
36729,0
50929,0
108444,0
35554,0
108221,0
37798,0
50646,1
35267,0
51369,1
11482,1
38283,0
83537,0
93952,0
2826,1
17707,0
66627,1
93203,0
93738,0
13164,1
52782,1
111304,0
76316,1
76200,0
32706,0
46578,0
93501,0
1447,0
53213,1
64288,1
51433,1
23521,0
70744,1
65395,1
12010,1
8247,1
68417,1
111738,0
37290,0
88136,0
111883,0
24520,0
91201,0
74609,1
11022,1
32282,0
106436,0
55961,1
5837,1
10506,1
12744,1
107469,0
46759,0
33101,0
87071,0
92287,0
3205,0
21495,0
10166,1
67219,1
30057,0
61080,1
31526,0
45649,0
29028,0
63055,1
15442,0
39510,0
73798,1
97711,0
117318,0
111502,0
83821,0
117262,0
80056,1
87267,0
56827,1
19573,0
9087,1
31912,0
47738,1
70697,1
115577,0
66013,1
34940,0
114101,0
12199,1
19539,0
73961,1
1169,1
46694,1
24535,0
108106,0
79907,0
16979,0
29556,0
51370,1
87393,0
19546,0
11977,1
95792,0
77564,1
68795,1
18038,0
5732,1
12947,1
113006,0
17599,0
88510,0
83139,0
97021,0
103304,0
110409,0
96495,0
615,1
102731,0
25377,0
52242,1
38950,0
27095,0
17569,0
75744,1
44850,1
76400,0
43389,0
15076,0
81736,1
10248,1
109848,0
110896,0
95933,0
10357,1
85310,0
115246,0
35515,0
113060,0
39662,0
40556,0
109583,0
66783,1
23537,0
55637,1
71263,1
55163,1
25401,0
67699,1
50708,1
101693,0
56577,1
115041,0
75500,1
8311,1
101471,0
43924,0
96818,0
113877,0
99289,0
106959,0
70868,1
98650,0
97509,0
92564,0
42114,1
116778,0
68646,1
39754,0
8673,1
44308,1
34397,0
12209,1
86108,0
83016,0
27233,0
14148,0
80832,0
40305,1
47661,1
22357,0
68769,1
60135,1
106290,0
50427,1
11294,1
61221,1
105934,0
112415,0
36793,0
71402,1
106028,0
101674,0
16988,0
169,0
17335,0
28964,0
116218,0
25617,0
78961,0
42551,1
64498,1
17517,0
6183,1
66912,1
16834,0
55839,1
17138,0
19691,0
23528,0
63680,1
84105,0
47830,0
40535,0
114812,0
92725,0
18571,0
27729,0
109097,0
11070,1
89707,0
50022,1
95490,0
23629,0
83301,0
47386,1
78907,0
80075,0
31180,0
118182,0
118484,0
113344,0
26642,0
12859,1
37597,0
21975,0
12558,1
30060,0
118413,0
62156,1
90243,0
34709,0
52824,1
25172,0
47087,0
64133,1
24910,0
109465,0
31695,0
26026,0
70413,1
21376,0
31153,0
1230,0
31073,0
101357,0
104496,0
119255,0
116717,0
47732,1
30272,0
15165,1
23837,0
46394,0
17173,0
104287,0
84873,0
115960,0
59157,1
45654,0
93201,0
51199,1
89285,0
14281,0
78491,0
25951,0
34254,0
83235,0
49190,1
104593,0
1780,0
109873,0
60271,1
67744,1
111768,0
22031,0
65559,1
106243,0
41518,1
65675,1
95459,0
53005,1
75905,1
100437,0
58589,1
81706,1
60764,1
109072,0
87178,0
85276,0
96701,0
84468,0
104835,0
113900,0
101823,0
106437,0
75730,1
55451,1
37405,0
45103,0
94834,0
8489,1
111053,0
109674,0
86717,0
90859,0
79609,0
97117,0
91101,0
25604,0
66424,1
5301,1
58141,1
3555,0
63329,1
61526,1
57172,1
44364,0
26502,0
66694,1
45629,1
46649,0
66213,1
93459,0
29425,0
59237,1
83214,0
113392,0
20258,0
55869,1
17746,0
62380,1
116071,0
39909,0
68101,1
89399,0
74419,1
54538,1
118287,0
45659,0
98310,0
28351,0
105422,0
55123,1
32069,0
94003,0
92243,0
116457,0
112751,0
85842,0
108630,0
80548,0
91837,0
102230,0
16833,0
82000,1
116992,0
82755,1
82615,0
42648,0
95572,0
3372,1
32458,0
91804,0
1814,0
68231,1
62089,1
11443,1
31459,0
65928,1
115448,0
33443,0
65492,1
44824,0
114702,0
91310,0
76483,1
60699,1
43173,0
51552,1
40020,0
107176,0
83080,0
19697,0
34707,1
50788,1
7256,1
74808,1
19655,0
87330,0
52389,1
31204,0
4252,0
3417,1
2923,1
111231,0
15298,0
26160,0
96368,0
55636,1
99288,0
102671,0
2619,0
31966,0
19046,0
34949,0
104007,0
19035,0
117018,0
59483,1
105527,0
101192,0
88148,0
64146,1
77464,0
83376,0
39128,0
83775,0
5860,1
117401,0
78908,0
50247,1
68414,1
32408,0
69654,1
75899,1
102057,0
23518,0
59388,1
116004,0
36638,0
101593,0
19385,0
14788,1
107185,0
18128,0
105942,0
23574,0
97162,0
18425,0
9983,1
42870,1
38199,0
89969,0
91843,0
80419,1
90202,0
87732,0
82741,1
57342,1
84220,0
101011,0
2431,0
94658,0
33737,0
115594,0
62162,1
26045,0
87763,0
41954,1
30736,0
38320,0
74213,1
69651,1
81855,1
29726,0
66232,1
61619,1
60920,1
98505,0
33533,0
106485,0
5863,1
73819,1
103940,0
118655,0
110630,0
85986,0
60858,1
88949,0
46452,0
58797,1
31146,0
99209,0
49247,1
104996,0
51105,1
74107,1
47038,0
55225,0
96416,0
57829,1
101336,0
98317,0
105628,0
108344,0
50495,1
33209,0
94481,0
71478,1
34493,0
33414,0
44137,0
80883,0
91814,0
97829,0
64871,1
118065,0
92314,0
94830,0
14784,1
99405,0
74841,1
7760,1
39490,0
113271,0
76995,0
92810,0
79991,0
103462,0
106781,0
51832,0
19105,0
5907,0
89283,0
54400,1
29266,0
106116,0
103022,0
23063,0
6408,0
61736,1
88357,0
67900,1
14033,0
65866,1
118177,0
108538,0
96579,0
42850,0
22457,0
4754,0
83177,0
82060,0
58684,1
40133,1
105818,0
73607,1
66892,1
104124,0
10966,1
32518,0
53948,0
5769,1
54664,1
45081,1
115426,0
46129,0
70765,1
80861,0
46346,0
112735,0
85124,0
58339,1
75251,1
17948,0
96982,0
72224,1
28343,0
20812,0
85322,0
10177,1
107148,0
67950,1
92117,0
57359,1
85255,0
17547,0
21901,0
15877,0
43472,0
79783,0
2911,1
4784,0
31439,0
79880,1
61731,1
53105,1
72791,1
116161,0
85340,0
6449,1
48403,1
11102,1
22659,0
53904,1
95994,0
94482,0
22893,0
35015,0
52690,1
76608,0
83279,0
56161,1
58245,1
95867,0
50953,1
12701,1
16557,1
21296,0
17322,0
25399,0
109462,0
76986,0
70583,1
38948,0
92546,0
55009,1
62126,1
102799,0
21190,0
12260,1
82851,1
31498,0
15815,1
65430,1
1575,1
89898,0
52278,0
28401,0
76105,1
26223,0
105009,0
52256,1
77704,1
43198,0
107544,0
102363,0
112373,0
106241,0
32848,0
75907,1
9910,1
79380,1
9828,1
38904,0
56611,1
15953,0
107395,0
54544,1
95830,0
29423,0
17018,0
44521,0
71371,1
38405,0
53484,1
37241,0
30017,0
46958,1
111279,0
12543,1
34980,0
115046,0
87622,0
88349,0
81109,1
106430,0
95525,0
64862,1
15700,1
64285,1
116502,0
94607,0
81165,1
36523,0
20472,0
77846,0
64665,1
18899,0
107684,0
99447,0
104534,0
98216,0
46396,1
5637,1
71021,1
61119,1
109708,0
91001,0
75901,1
74197,1
593,1
16922,0
109578,0
13927,0
68853,1
81537,1
82541,0
27589,0
22928,0
51879,0
51745,1
27018,0
29061,0
91260,0
56025,1
28088,0
40225,0
100886,0
85543,0
93586,0
2855,1
67042,1
112190,0
2547,1
108974,0
38475,0
119213,0
119203,0
34273,0
87638,0
48056,1
83357,0
3681,0
5246,1
27238,0
69385,1
71781,1
69321,1
113300,0
27129,0
41217,1
99108,0
76456,1
90507,0
99417,0
46835,1
23504,0
91713,0
63580,1
82880,1
38538,0
56260,1
49852,1
29874,0
25177,0
69636,1
79825,0
111164,0
109698,0
92164,0
6661,0
20388,0
35226,0
48276,1
20711,0
109809,0
117153,0
97487,0
42040,1
117518,0
24656,0
60278,1
67072,1
112782,0
35938,0
84748,0
6796,1
80447,1
105430,0
65518,1
12419,1
22351,0
113488,0
101207,0
12597,1
94057,0
36424,0
84008,0
99202,0
2817,0
44390,1
29195,0
73799,1
30657,0
108920,0
29619,0
7068,1
29430,0
58906,1
30222,0
71823,1
52719,0
74502,1
50684,0
112256,0
44344,0
1821,1
5195,1
39702,0
87190,0
110493,0
74053,1
51612,1
73560,1
114533,0
31284,0
112513,0
118738,0
94336,0
58454,1
64809,1
43543,0
20371,0
79860,1
48347,1
67967,1
93405,0
114729,0
100537,0
107665,0
48905,1
64603,1
6373,0
102044,0
697,1
83592,0
99455,0
96050,0
98832,0
54446,1
100284,0
58771,1
64723,1
27397,0
24129,0
81943,1
10857,1
97191,0
83555,0
64410,1
4660,1
83127,0
25640,0
48970,0
79223,1
52356,1
109685,0
18506,0
98918,0
22005,0
44368,0
33510,0
18825,1
66003,1
107335,0
80213,0
40200,1
31313,0
44292,1
69892,1
78803,0
87431,0
84400,0
109991,0
42945,0
9884,1
85146,0
101276,0
107868,0
50055,1
57141,1
38467,0
45232,1
61042,1
66308,1
34073,0
39981,0
52085,1
86392,0
49892,0
36035,0
107128,0
61516,1
8260,0
88950,0
85857,0
96453,0
33940,0
28454,0
40333,1
5731,1
42989,0
67637,1
59393,1
28600,0
15636,0
3548,1
32742,0
28015,0
103313,0
78759,0
118775,0
5519,1
50695,1
16805,0
50878,1
90082,0
80613,1
72781,1
83934,0
30406,0
27985,0
11042,1
56130,1
27746,0
15892,0
81166,1
39189,0
90863,0
22927,0
61049,1
75548,0
81780,1
19670,0
74381,1
75043,1
96931,0
11312,1
44680,0
67423,1
108869,0
27195,0
31862,0
73056,1
101947,0
101223,0
441,1
17284,0
45155,0
66471,1
46147,0
51767,1
44480,1
80012,0
93262,0
83124,0
52769,1
60521,1
76726,0
13209,1
40598,0
4627,1
8091,1
85355,0
8357,1
35027,0
50514,0
88880,0
14143,0
97862,0
67292,1
57601,1
80010,0
114175,0
39292,0
64977,1
48981,1
103384,0
119308,0
39553,0
1370,1
31294,0
70610,1
2950,0
89819,0
2832,0
25984,0
86766,0
62133,1
115248,0
68913,1
13664,1
21585,0
106265,0
57183,1
68496,1
79102,0
118250,0
58165,1
47553,1
78398,0
38270,0
110928,0
84459,0
926,0
70269,1
52158,1
107725,0
4181,1
13939,0
102270,0
17756,0
104638,0
69137,1
39819,0
58938,1
111145,0
45849,0
88564,0
58148,1
66373,1
38223,0
113632,0
102672,0
88772,0
9869,1
103445,0
61822,1
11008,1
65578,1
108400,0
65273,1
30581,0
41547,0
24984,0
51197,1
76701,0
26076,0
118686,0
7672,1
21519,0
104833,0
35335,0
37020,0
67951,1
9386,1
71264,1
16512,0
7656,1
49961,1
78506,0
15662,1
68908,1
54907,1
111511,0
62699,1
9728,1
95813,0
77888,0
17154,0
43237,0
117078,0
87657,0
72939,1
23832,0
57416,1
41333,1
117818,0
8842,1
27260,0
108426,0
62270,1
117418,0
64001,1
110774,0
89503,0
29154,0
117528,0
26611,0
111302,0
28337,0
2166,1
34561,0
74038,1
3907,1
117033,0
71482,1
78141,0
45306,0
20780,0
36547,0
112575,0
118732,0
67547,1
109004,0
87210,0
79525,1
81296,0
87257,0
104510,0
81340,0
52083,1
51533,1
9624,1
29047,0
31987,0
43009,0
119317,0
47392,1
84300,0
13863,0
33515,0
17946,0
59473,1
86901,0
30978,0
38255,0
26225,0
87920,0
19069,0
13222,1
60358,1
106603,0
53431,1
15669,1
62983,1
88940,0
70854,1
102659,0
12246,1
27982,0
86806,0
29764,0
6055,1
112878,0
88458,0
69835,1
23887,0
99629,0
51479,1
40425,0
94138,0
87565,0
44988,1
109108,0
14251,0
91645,0
50423,1
79160,0
107066,0
70563,1
95639,0
16504,0
29644,0
103818,0
79056,0
115817,0
80620,0
76208,1
119140,0
17983,0
66273,1
58606,1
20998,0
24979,0
47766,0
26373,0
19486,0
20178,0
62825,1
61498,1
67698,1
85634,0
31023,0
39792,0
95513,0
105253,0
13919,0
65030,1
115860,0
4686,1
16232,0
94690,0
76711,0
36641,0
37776,0
6650,0
91930,0
36414,0
58067,1
93608,0
85167,0
101592,0
4602,0
51992,1
110619,0
79426,1
27460,0
34651,0
102570,0
87154,0
23218,0
4044,1
113559,0
86012,0
46973,0
104354,0
70147,1
62185,1
89226,0
55993,1
89578,0
11484,1
110410,0
68213,1
9765,1
25050,0
24493,0
80905,0
15261,0
92281,0
2148,0
25485,0
94991,0
17131,0
10176,1
101908,0
70872,1
97355,0
59198,1
16043,1
32418,0
45439,0
96618,0
23368,0
28669,0
48746,1
97536,0
84226,0
74497,1
59207,1
108190,0
98423,0
80982,0
11429,1
98849,0
45979,1
66244,1
2978,1
30436,0
13244,1
46403,1
105329,0
113151,0
81261,0
42822,0
28329,0
42556,0
43508,1
96125,0
118663,0
101938,0
52164,1
99732,0
10672,1
55422,1
53422,1
34290,0
80386,1
115787,0
65700,1
18700,0
68129,1
44748,0
27782,0
113400,0
78909,0
100160,0
7385,1
104769,0
27655,0
108416,0
61634,1
97108,0
57709,1
36194,0
83481,0
38454,0
67208,1
109559,0
55187,1
50634,1
49023,1
37914,0
39451,0
46999,1
62951,1
52475,1
37107,0
64182,1
4831,0
11802,1
57010,1
33439,0
14749,1
91063,0
43141,0
54769,1
10340,1
101546,0
71419,1
61712,1
96846,0
23568,0
97650,0
49118,1
112436,0
75610,1
111897,0
89576,0
89711,0
27696,0
79348,0
73800,1
58530,1
115872,0
98011,0
13415,1
87825,0
23005,0
51937,0
94042,0
29004,0
36292,0
88286,0
17395,0
56504,1
33484,0
77717,0
78978,1
106221,0
23919,0
11458,1
88093,0
105428,0
23519,0
5716,1
83833,0
100620,0
83754,0
117894,0
26826,0
112375,0
848,1
105903,0
31398,0
59745,1
56952,1
95400,0
22829,0
16870,0
113017,0
23044,0
27707,0
116769,0
89100,0
45863,0
10329,1
70058,1
73402,1
116455,0
91784,0
101901,0
512,0
77123,0
10569,1
67476,1
43497,1
56447,1
37577,0
89917,0
23091,0
38729,0
99236,0
395,0
26839,0
91065,0
4981,1
18537,0
4385,1
108836,0
34797,0
76015,1
7246,1
106633,0
26299,0
12992,1
91509,0
106995,0
107614,0
11053,1
79481,0
81171,0
87438,0
96124,0
85298,0
100221,0
43637,1
33138,0
51587,1
52496,1
3130,0
16996,0
110768,0
113000,0
55790,1
34631,0
94172,0
105692,0
98194,0
58696,1
84223,0
32846,0
46348,0
71215,1
97841,0
50667,1
47810,1
91245,0
19279,0
69330,1
101935,0
21685,0
112085,0
6519,1
13167,1
65956,1
30161,0
103947,0
90326,0
63947,1
36668,0
34815,0
35929,0
45220,1
48745,0
76669,0
44593,1
42303,0
62643,1
10061,1
112023,0
110078,0
26582,0
74199,1
46084,1
7170,1
40088,1
107961,0
30932,0
96581,0
118704,0
244,0
49660,1
106293,0
16207,0
7090,1
70229,1
96128,0
110255,0
44782,1
79528,1
95593,0
98693,0
138,1
71840,1
57110,1
86345,0
10989,1
66558,1
114337,0
69621,1
64978,1
66846,1
41769,1
106490,0
32836,0
54924,1
70870,1
13771,1
50446,1
26600,0
69408,1
115180,0
66479,1
41381,0
116061,0
71108,1
37253,0
64510,1
16145,0
114700,0
52784,1
68403,1
105747,0
81865,1
48396,1
67630,1
41719,0
87853,0
65533,1
54947,1
92524,0
95311,0
106461,0
95157,0
113220,0
98797,0
88285,0
52074,1
66030,1
101346,0
15631,0
28198,0
34714,0
8402,1
23367,0
74131,1
28902,0
15004,1
79867,1
66052,1
50490,1
40430,0
53664,1
68586,1
6689,0
91431,0
34825,0
38456,0
78934,1
9846,1
7391,1
117216,0
45032,0
116699,0
102884,0
91417,0
22767,0
117773,0
89175,0
61781,1
109106,0
110085,0
99990,0
2038,1
59687,1
18528,0
14990,1
119288,0
40999,0
95771,0
84387,0
93464,0
103479,0
23570,0
73840,1
3024,1
20391,0
95386,0
87710,0
63025,1
37346,0
11292,1
20081,0
93846,0
3305,0
32806,0
103969,0
28981,0
3227,1
85927,0
35979,0
74226,1
93706,0
6999,1
92585,0
101634,0
1398,0
29966,0
117835,0
45458,0
44981,0
118004,0
41499,1
57479,1
48934,1
58294,1
115819,0
112535,0
80846,0
10275,1
58257,1
96355,0
52145,1
26174,0
74578,1
48457,0
86994,0
50981,1
107612,0
71450,1
42553,0
10258,1
68884,1
89361,0
43993,1
79148,0
11687,1
53507,1
104868,0
101448,0
37784,0
92075,0
102853,0
75504,1
14026,0
3293,0
26527,0
102204,0
22458,0
2715,0
112344,0
113098,0
115016,0
114842,0
27459,0
32145,0
47852,1
66685,1
78372,1
32589,0
50173,1
88736,0
96938,0
13006,1
19170,0
73129,1
7906,0
85291,0
1203,1
111856,0
25259,0
113581,0
89030,0
94484,0
14213,0
31878,0
25432,0
42169,0
105363,0
43616,0
97197,0
107841,0
45661,0
957,1
54715,1
111006,0
101396,0
106423,0
17420,0
44331,1
106217,0
54112,0
38777,0
65081,1
20593,0
23850,0
108494,0
19521,0
74944,1
74112,1
67596,1
17955,1
42971,0
73913,1
97508,0
11787,1
72937,1
50042,1
15572,0
78666,0
76629,0
67667,1
62358,1
91783,0
82089,1
18183,0
85339,0
93795,0
34490,0
14239,0
22470,0
63146,1
91358,0
60150,1
26433,0
85218,0
110586,0
33629,0
99063,0
44354,0
43680,0
101707,0
17989,0
5868,1
77724,0
43295,0
14870,1
46480,0
81503,0
1177,1
117812,0
86286,0
29318,0
43627,0
78791,0
48390,1
22612,0
27380,0
67878,1
76370,0
113902,0
99122,0
90292,0
39047,0
38013,0
21535,0
111632,0
50874,1
114733,0
87830,0
42214,0
46477,0
61966,1
100903,0
20986,0
89297,0
109466,0
18691,0
92174,0
35036,0
21123,0
90853,0
8360,1
389,0
30471,0
37523,0
101424,0
96010,0
94923,0
13812,0
18418,0
81110,1
41251,0
95442,0
104967,0
105587,0
33692,0
68909,1
63495,1
86417,0
79717,1
91543,0
43292,0
115287,0
16085,0
93460,0
75146,1
45518,1
85779,0
1492,1
80765,1
46777,1
74153,1
79931,0
25166,0
63651,1
69608,1
86373,0
61840,1
24464,0
89002,0
70963,1
38299,0
56513,1
8203,1
15561,0
51404,1
44973,0
59570,1
24811,0
42650,0
78525,0
111165,0
15323,1
88866,0
77896,0
1434,0
109343,0
46440,0
66234,1
53845,1
48980,1
71353,1
5800,0
20657,0
27267,0
41376,0
10347,1
57602,1
104798,0
93929,0
93107,0
39518,0
66951,1
35620,0
23143,0
16160,0
89613,0
60081,1
84365,0
5480,1
105301,0
951,0
36592,0
43291,0
69931,1
113033,0
29271,0
43203,0
4342,1
71238,1
22514,0
71654,1
50978,1
61357,1
34584,0
45959,1
113633,0
85805,0
51638,0
41113,0
15382,0
24093,0
19370,0
75495,1
83899,0
13571,1
15419,0
28386,0
13700,1
3462,0
43686,1
111023,0
62707,1
9223,1
32575,0
98357,0
88913,0
46164,0
61261,1
7768,1
86693,0
41017,0
49618,1
57945,1
72081,1
115635,0
65647,1
30062,0
82245,1
112677,0
5406,1
86339,0
100165,0
4650,1
61318,1
31936,0
7278,1
83952,0
11811,1
8468,1
74902,1
91360,0
52860,1
95735,0
39496,0
54575,1
21193,0
8771,0
96894,0
104968,0
86388,0
58794,1
21673,0
52661,1
52110,1
82217,1
65226,1
94777,0
10297,1
118541,0
4361,1
56477,1
56700,1
72510,1
116091,0
61501,1
33346,0
107849,0
111239,0
28612,0
65135,1
80120,1
33240,0
94196,0
88699,0
34010,0
66753,1
37993,0
93830,0
22783,0
53190,1
7041,1
57274,1
9494,1
38227,0
84916,0
20845,0
9097,1
68695,1
70750,1
95390,0
30485,0
36802,0
10124,1
44019,0
108252,0
3008,0
52786,1
29087,0
7169,1
86482,0
17680,0
103410,0
68030,1
5622,1
8599,1
85859,0
64471,1
89876,0
54595,0
89754,0
64998,1
34570,0
16921,0
24050,0
90780,0
48453,1
81331,0
57882,1
66928,1
48870,1
104058,0
110820,0
67652,1
70637,1
78018,0
15658,1
23857,0
73643,1
9970,1
35393,0
20419,0
6710,1
33303,0
88725,0
10227,1
91868,0
16552,1
118524,0
9063,1
47128,1
6318,1
116084,0
71783,1
68189,1
86744,0
82348,1
100804,0
109534,0
23098,0
105251,0
15868,0
33587,0
34403,0
83038,0
32967,0
110838,0
115379,0
106007,0
57763,1
86757,0
79478,0
95428,0
48222,1
71659,1
81789,1
25979,0
91230,0
23397,0
26806,0
3836,1
31589,0
36351,0
73079,1
28469,0
66815,1
112240,0
4338,1
53191,1
80021,0
61672,1
97171,0
77403,0
58937,1
73090,1
97937,0
43477,0
52695,0
18660,0
84907,0
70310,1
69177,1
50234,1
118459,0
117752,0
16537,0
93912,0
15358,0
82928,1
83606,0
34234,0
116027,0
63667,1
8701,0
35798,0
88402,0
21704,0
77532,0
8041,0
87640,0
26385,0
44204,0
6514,1
92127,0
111655,0
69897,1
51294,1
49697,0
70420,1
97035,0
27874,0
56985,1
59440,1
95224,0
112317,0
86027,0
23441,0
40340,0
79153,0
77602,0
70175,1
53807,1
22769,0
26682,0
99061,0
60714,1
79782,0
17020,0
5175,1
12012,1
28642,0
23830,0
93965,0
50293,1
98147,0
45810,1
11854,1
4239,0
21331,0
71265,1
84951,0
24257,0
9159,1
79385,0
29511,0
54700,1
52448,1
88003,0
18094,0
105948,0
110554,0
19128,0
55209,1
69044,1
35236,0
77495,0
27846,0
86839,0
60066,1
65498,1
62347,1
15814,0
80575,1
39646,0
104161,0
16572,0
15188,1
41051,1
58796,1
77566,0
66936,1
48154,1
63192,1
103241,0
37426,0
102909,0
43760,0
8756,0
47360,1
51624,1
79662,0
25456,0
112818,0
92618,0
35525,0
58346,1
14496,0
76467,1
25787,0
21347,0
100251,0
26791,0
60823,1
16848,0
103831,0
53015,1
88092,0
53522,1
11462,1
104049,0
51609,1
43784,0
102328,0
64732,1
73122,1
84378,0
78556,0
19914,0
41708,0
105532,0
31587,0
55756,1
6981,1
79726,1
55648,1
71506,1
37769,0
16883,0
6704,1
39905,0
80088,1
105889,0
116872,0
67958,1
98398,0
71130,1
84392,0
95438,0
43970,1
43666,1
114124,0
94320,0
15373,0
79758,0
97001,0
1645,0
46022,0
91772,0
35450,0
57177,1
118687,0
55843,1
93007,0
99181,0
35108,0
103594,0
79350,0
43808,0
101756,0
78422,0
118478,0
37757,0
115886,0
114828,0
118931,0
17925,0
48871,1
27675,0
83343,0
26194,0
23679,0
89409,0
18015,0
104817,0
31190,0
4393,1
96117,0
63004,1
24930,0
103574,0
16192,0
26005,0
66510,1
56476,1
34455,0
93940,0
94849,0
27167,0
26310,0
97533,0
58063,1
85473,0
9051,1
109098,0
39932,0
20837,0
76938,1
8320,0
52264,1
80680,0
100170,0
12563,1
24442,0
22403,0
90033,0
47909,0
68247,1
34604,0
2691,0
73195,1
99952,0
87658,0
16463,0
92059,0
67338,1
42187,1
7446,1
14766,1
55628,1
88667,0
31655,0
106815,0
108543,0
24145,0
25494,0
75782,1
85084,0
101046,0
78071,1
20001,0
62147,1
70033,1
25620,0
83822,0
65831,1
45557,1
74986,1
31246,0
63408,1
90582,0
24202,0
28745,0
55960,1
115163,0
65875,1
78914,1
3352,1
18676,0
79789,0
105887,0
98809,1
17244,1
2257,0
80621,0
109224,0
84001,0
84127,0
74650,1
63225,1
90583,0
11485,1
89159,0
57367,1
102379,0
87370,0
2116,1
54029,1
70045,1
113799,0
21292,0
88232,0
88088,0
238,1
115574,0
17498,0
81548,1
109882,0
37643,0
115488,0
5300,1
81449,0
18016,0
104591,0
113574,0
79926,0
33783,0
117111,0
29045,0
115303,0
66453,1
10069,1
66624,1
79209,0
57889,1
83144,0
100304,0
91467,0
50676,1
15582,0
53457,1
93402,0
101045,0
62468,1
97535,0
110156,0
115690,0
32556,0
96207,0
34870,0
3318,0
91929,0
111336,0
61405,1
69527,1
24702,0
117050,0
45227,1
50082,1
35860,0
45804,0
42091,0
1711,1
77247,1
6937,1
83872,0
30188,0
89662,0
32844,0
48758,1
43520,1
68248,1
118731,0
14073,0
49739,1
100831,0
60193,1
42595,0
57106,1
33055,0
36372,0
3957,1
108248,0
111045,0
93533,0
2368,1
23759,0
106965,0
49395,1
21843,0
94236,0
113548,0
104259,0
79977,0
24029,0
24700,0
51861,0
72927,1
110275,0
67662,1
89653,0
11335,1
17221,0
62160,1
105639,0
97370,0
68781,1
78833,0
42694,1
74618,1
21318,0
113970,0
117975,0
50883,1
105615,0
57864,1
108703,0
50047,1
117402,0
21270,0
59190,1
116206,0
25829,0
107764,0
16277,0
68391,1
108837,0
112951,0
69343,1
59364,1
92045,0
1550,0
38204,0
11047,1
92857,0
63473,1
104234,0
75765,1
5029,0
74242,1
96030,0
86208,0
52879,1
56122,1
109478,0
48256,1
8545,1
7907,1
54645,0
82256,0
96170,0
26889,0
103650,0
91710,0
80111,1
82179,1
92044,0
50734,0
114921,0
71061,1
10120,1
22673,0
73763,1
29010,0
43647,0
116782,0
73996,1
106981,0
75313,1
36160,0
62397,1
21122,0
29989,0
55776,1
40422,0
97976,0
111772,0
24865,0
107265,0
53414,1
37541,0
51818,1
75264,1
91272,0
90652,0
89266,0
108972,0
36908,0
116710,0
66829,1
114287,0
810,0
6854,0
69720,1
96602,0
82457,1
74219,1
98172,0
565,0
1117,0
96770,0
13532,1
51128,0
40016,0
66779,1
59312,1
36568,0
62320,1
86554,0
58502,1
55235,1
52019,1
112837,0
43302,0
106462,0
84686,0
91526,0
1504,0
28044,0
92486,0
23577,0
725,1
100344,0
68686,1
60729,1
23969,0
107004,0
3542,0
109071,0
28878,0
9188,1
42531,0
104071,0
420,0
15797,0
91601,0
15359,0
76999,0
91398,0
33410,0
41268,0
66924,1
71163,1
99716,0
78235,1
115431,0
21878,0
60546,1
20146,0
45341,0
44695,1
6803,1
114055,0
44798,1
73503,1
39009,0
49058,1
89690,0
49163,1
43436,0
47328,1
7375,1
71509,1
50090,0
58989,1
11321,1
26672,0
116166,0
21112,0
35661,0
91216,0
89308,0
41059,0
2584,0
20384,0
3347,1
66502,1
115754,0
114449,0
62863,1
117092,0
11172,1
92770,0
55290,1
67564,1
67649,1
117164,0
102635,0
104714,0
57986,1
74485,1
65812,1
50747,1
6960,1
12441,1
9319,1
97290,0
75984,1
56800,1
18963,0
12707,1
108204,0
56537,1
83885,0
525,0
3046,0
47482,1
79581,0
57996,1
35739,0
118648,0
27924,0
107756,0
117870,0
108296,0
81183,0
98412,0
88226,0
30237,0
103427,0
45444,0
70947,1
47937,0
8617,1
95035,0
64887,1
77274,1
82698,0
14907,0
29923,0
44472,0
116768,0
61493,1
99538,0
82355,1
93329,0
119163,0
60191,1
72458,1
36927,0
4439,1
38644,0
102513,0
71531,1
9574,1
60058,1
49954,1
487,0
92809,0
15657,1
85592,1
118828,0
105187,0
116484,0
41796,0
83442,0
101717,0
48968,0
66769,1
105469,0
61706,1
102263,0
21739,0
87905,0
87475,0
45736,0
1555,0
62251,1
19780,0
17654,0
110116,0
2159,0
38892,0
68240,1
4141,1
48624,1
90100,0
37009,0
74366,1
51877,1
37994,0
18451,0
112073,0
55610,1
63840,1
24097,0
9619,1
90231,0
50573,0
33906,0
82466,0
45732,1
112501,0
15312,1
8662,1
31378,0
101990,0
106707,0
97304,0
34665,0
87724,0
1405,0
42448,1
53010,1
76413,1
83894,0
46020,0
118754,0
105620,0
66958,1
54614,1
70746,1
115953,0
32137,0
83389,0
118137,0
102705,0
22130,0
2915,0
67481,1
10690,1
97594,0
91022,0
66906,1
1767,1
69815,1
92220,0
15983,0
67709,1
22801,0
3458,0
64478,1
63320,1
52300,1
13291,1
83478,0
114725,0
94696,0
11382,1
8145,0
96606,0
29754,0
94365,0
50078,1
74205,1
43097,0
114620,0
45765,0
27286,0
34902,0
107650,0
50899,1
81500,0
63676,1
105238,0
69001,1
85774,0
117705,0
33343,0
93106,0
111985,0
26486,0
21893,0
60502,1
117066,0
4475,1
25041,0
80758,1
62969,1
46553,0
34264,0
35387,0
7504,1
68637,1
68669,1
9337,1
21967,0
6123,0
52424,1
41284,1
106944,0
6511,1
14020,0
142,0
6041,1
53462,1
82374,1
72979,1
82134,1
97820,0
18488,0
34706,0
29976,0
68501,1
34084,0
49686,1
61356,1
57517,1
23295,0
47397,1
12623,1
75285,1
67874,1
46898,1
41164,0
2268,0
19245,0
3956,1
90275,0
19564,0
46734,0
95793,0
33311,0
88128,0
100942,0
15952,0
48769,1
10366,1
19453,0
113267,0
43187,0
75432,1
85620,0
2550,0
69840,1
75821,1
46953,1
77527,0
19672,0
8830,1
47488,1
106341,0
176,0
11099,1
43318,0
5158,0
7051,1
53141,1
22046,0
95044,0
41643,0
79881,1
90431,0
7701,1
65313,1
50143,1
20054,0
11153,1
73351,1
90105,0
64231,1
80361,0
60759,1
44118,1
63226,1
94807,0
84992,0
7197,1
24006,0
18586,1
41663,0
47812,1
44175,0
15719,1
35448,0
24844,0
24281,0
78956,0
112425,0
98681,0
87296,0
42536,0
105597,0
95232,0
100791,0
107522,0
85193,0
53785,1
32612,0
91750,0
95288,0
48808,1
35328,0
92010,0
74297,1
36399,0
64026,1
105410,0
78615,0
102961,0
28553,0
45688,0
101084,0
47512,1
81455,0
38582,0
59456,1
34666,0
38910,0
117162,0
96263,0
17343,0
41346,0
65074,1
20380,0
38659,0
44497,0
18874,0
107537,0
52406,1
20888,0
73676,1
8931,1
80102,1
26679,0
64206,1
12483,1
109,0
48867,1
31947,0
67315,1
54800,1
89913,0
34378,0
79178,0
15,0
8541,1
108733,0
58733,1
91437,0
33809,0
43155,1
93462,0
46271,0
109272,0
66895,1
70167,1
7418,1
56715,1
28310,0
57394,1
100441,0
85165,0
118035,0
100063,0
35268,0
80854,0
87423,0
46666,0
39179,0
21415,0
71739,1
55475,1
56573,1
55670,1
90211,0
86499,0
106001,0
41200,0
81742,1
22506,0
66559,1
53826,1
61459,1
72058,1
78784,0
27510,0
56872,1
36998,0
20286,0
56266,1
100010,0
118725,0
51271,1
49241,1
72663,1
46970,1
106157,0
32248,0
107584,0
54038,1
99165,0
45593,1
88901,0
117733,0
107881,0
64903,1
107416,0
103301,0
73703,1
84484,0
82503,0
22787,0
101763,0
52342,1
28880,0
31177,0
105849,0
48620,0
97034,0
4718,1
90245,0
84219,0
102626,0
109775,0
2881,0
110516,0
93699,0
76661,0
94688,0
70878,1
56568,1
92263,0
48010,1
113037,0
49782,1
92481,0
96045,0
49505,1
96085,0
91968,0
29356,0
112406,0
7059,1
107628,0
50475,1
86335,0
110274,0
6004,1
42688,0
29854,0
29545,0
109384,0
113459,0
9521,1
14472,0
62952,1
34039,0
106690,0
24824,0
72282,1
97996,0
17155,0
83449,0
43720,0
60077,1
12796,1
106861,0
8059,0
28954,0
48426,1
37093,0
19135,1
19142,0
100282,0
40742,0
36785,0
70562,1
36061,0
56271,1
84029,0
107028,0
53137,1
92038,0
100279,0
62153,1
14778,1
23873,0
91795,0
40294,0
32230,0
45575,1
111180,0
68704,1
15978,0
74873,1
24177,0
106529,0
42344,1
22328,0
104536,0
37803,0
68458,1
13545,1
19151,0
117814,0
109926,0
11192,1
91995,0
10102,1
34816,0
71599,1
18492,0
20994,0
64643,1
45969,1
104768,0
77095,0
10996,1
77747,0
78387,0
107752,0
108740,0
90926,0
108609,0
15920,1
37401,0
40289,1
46876,0
115080,0
23607,0
37144,0
111675,0
66380,1
27971,0
104030,0
72714,1
17223,0
106557,0
32475,0
73252,1
56080,1
92766,0
4750,0
15244,1
75023,1
118514,0
70465,1
95612,0
62384,1
66452,1
104199,0
76177,1
68494,1
98642,0
87644,0
81620,1
73849,1
68979,1
81181,0
36741,0
106412,0
111422,0
37361,0
34416,0
43577,0
95903,0
84600,0
99910,0
44028,0
90128,0
32901,0
103057,0
33921,0
73236,1
70783,1
80123,1
30210,0
84125,0
72263,1
55307,1
53173,1
20897,0
97122,0
16301,0
76487,1
78656,0
91079,0
3571,0
33391,0
10969,1
53546,1
79918,0
68997,1
65316,1
68480,1
90036,0
1413,0
54775,1
2065,0
43766,0
67300,1
85395,0
3739,0
5544,1
94852,0
16128,0
96586,0
5604,1
40887,1
97147,0
30113,0
75796,1
63660,1
91634,0
118927,0
81754,1
42408,0
36915,0
79824,0
119038,0
23864,0
6440,0
19921,0
59783,1
81456,0
67298,1
108900,0
41555,0
119356,0
44277,0
103815,0
105822,0
70437,1
22726,0
86325,0
118637,0
45696,0
59241,1
24269,0
113419,0
84865,0
66620,1
62209,1
3121,0
11649,1
21914,0
24360,0
85157,0
13313,1
54475,0
93183,0
75777,1
108112,0
19761,0
90968,0
51506,1
48215,1
55108,1
100491,0
84958,0
115859,0
32059,0
83173,0
42823,0
75130,1
107289,0
6260,1
117615,0
51712,1
65836,1
41792,0
82917,1
66214,1
109562,0
113984,0
7274,1
71960,1
10082,1
26985,0
57015,1
28663,0
21871,0
57772,1
94394,0
57071,1
79299,0
93917,0
71326,1
73248,1
111689,0
26850,0
38704,0
6126,0
66605,1
35058,0
49688,1
25764,0
96501,0
59772,1
91061,0
92387,0
98178,0
89161,0
25040,0
92369,0
11849,1
114547,0
64065,1
116779,0
92326,0
53408,1
63031,1
23333,0
47728,0
64314,1
102425,0
37349,0
44414,1
8586,1
83324,0
111751,0
28857,0
87627,0
109980,0
32985,0
87838,0
68765,1
97659,0
16392,0
69680,1
23816,0
43969,1
51716,1
70189,1
68594,1
109677,0
84326,0
210,0
11209,1
42031,0
54721,1
15957,0
51657,1
56516,1
94501,0
83989,0
21902,0
46760,1
55871,1
19576,0
80403,1
97208,0
34756,0
56976,1
38534,0
37638,0
101478,0
107734,0
2211,1
52985,1
49410,0
107137,0
10849,1
6116,1
53909,1
103705,0
1808,0
56925,1
1759,0
36730,0
59105,1
19596,0
686,0
49912,1
59551,1
111952,0
19922,0
26941,0
19666,0
105985,0
48920,1
16660,0
22909,0
26657,0
30130,0
61426,1
40220,0
96974,0
51987,1
72948,1
11573,1
2033,0
21768,0
3937,1
6383,1
92303,0
64178,1
34098,0
95679,0
6524,0
89630,0
118303,0
74637,1
51379,1
108559,0
35804,0
30961,0
98587,0
86752,0
48069,1
30044,0
21905,0
99567,0
38576,0
54364,1
7866,0
112618,0
12569,1
63914,1
80294,1
89344,0
108456,0
93285,0
30454,0
76482,1
30016,0
96700,0
111679,0
16632,0
10110,1
94736,0
71489,1
48455,0
109913,0
113158,0
49470,1
42083,0
47042,0
111119,0
90952,0
45606,1
22285,0
72464,1
25046,0
99468,0
104359,0
110501,0
101156,0
10260,1
9103,1
60658,1
12498,1
21988,0
37843,0
39530,0
59074,1
34003,0
9162,1
78254,1
55544,1
108157,0
45791,0
95095,0
16363,0
89381,0
45832,1
8827,1
101803,0
109826,0
47964,1
76404,0
89681,0
26716,0
60674,1
53002,1
52535,1
64071,1
71087,1
90799,0
66998,1
14726,1
11968,1
63798,1
101324,0
3460,0
70996,1
19856,0
81948,1
87874,0
85123,0
96328,0
77343,1
76646,1
75655,1
34868,0
41170,0
15869,0
53497,1
71936,1
112286,0
70709,1
54718,1
35890,0
103983,0
56124,1
37140,0
75005,1
67410,1
114218,0
40053,0
36248,0
90692,0
24244,0
100980,0
76269,1
52425,1
66277,1
68626,1
59902,1
17023,0
42403,0
67567,1
101684,0
22672,0
65426,1
53915,1
3213,0
47151,1
26563,0
63047,1
43144,0
5853,1
54492,1
39172,0
59629,1
6078,0
70542,1
67428,1
78626,0
54783,1
78146,1
59318,1
72396,1
72441,1
10064,1
38976,0
88277,0
70338,1
71232,1
75699,1
16313,0
34170,0
118898,0
16733,0
29844,0
75376,1
13833,0
78197,1
24619,0
108366,0
2316,1
70693,1
68046,1
10096,1
43685,0
43153,0
44670,1
75811,1
12148,1
58427,1
84902,0
94364,0
3,0
42875,0
87008,0
43034,0
118491,0
24065,0
343,1
53643,1
91208,0
71347,1
43304,0
20314,0
74845,1
16953,0
60947,1
63792,1
92452,0
28076,0
42034,1
105514,0
27131,0
63853,1
23826,0
18208,0
32113,0
50737,1
60652,1
76854,0
95038,0
32474,0
63121,1
116236,0
22239,0
73127,1
49773,1
92665,0
39250,0
85076,0
68270,1
77655,1
20663,0
68440,1
27530,0
117973,0
114556,0
60929,1
63114,1
79296,0
109832,0
117747,0
62349,1
114739,0
119138,0
14694,1
70165,1
106481,0
32003,0
13235,1
61385,1
34659,0
111414,0
9116,0
63842,1
94222,0
52626,1
110826,0
58248,1
6428,1
79198,0
37047,0
51452,1
81395,0
77041,1
39402,0
27358,0
112292,0
56749,1
15130,0
72743,1
439,0
42789,1
47850,1
33518,0
114365,0
98645,0
111340,0
39607,0
53202,1
56885,1
1701,0
76459,1
70080,1
35,1
79193,1
96332,0
104905,0
46828,0
103112,0
89209,0
43015,0
96288,0
25877,0
52320,1
12197,1
75213,1
83290,0
12257,1
25148,0
36613,0
4583,0
94562,0
71472,1
70281,1
40166,0
26950,0
44597,1
98743,0
22804,0
38914,0
50349,1
35709,0
82761,1
109785,0
8443,1
9965,1
23894,0
64097,1
80931,0
5605,1
33845,0
113505,0
72502,1
70589,1
44022,1
8487,1
13326,1
60711,1
18237,0
29200,0
93436,0
90309,0
109192,0
88227,0
71465,1
7403,1
100354,0
52818,1
35675,0
55172,1
114297,0
58085,1
12511,1
23403,0
52677,1
54445,1
104563,0
108683,0
110784,0
67413,1
27936,0
11698,1
29639,0
6513,1
77536,1
53983,1
55578,1
29247,0
84530,0
36198,0
54801,1
14000,0
2587,0
42767,1
93444,0
47623,1
53078,1
52179,1
60184,1
66768,1
119117,0
27015,0
116638,0
107500,0
93042,0
112616,0
67010,1
44154,0
106530,0
38682,0
42732,0
110926,0
19115,0
66441,1
105265,0
107601,0
95025,0
83276,0
103222,0
115115,0
9918,1
30380,0
86918,0
8552,0
74877,1
7909,1
55982,1
52215,0
31166,0
42203,1
70727,1
86159,0
35828,0
81867,1
100662,0
59177,1
90855,0
77935,0
108392,0
61898,1
102194,0
38757,0
62373,1
111753,0
8696,0
102959,0
108673,0
43052,1
44338,0
20071,0
53799,1
57234,1
48801,1
96542,0
107865,0
46423,0
54267,1
53051,1
102873,0
43355,1
53652,1
86511,0
81508,0
88756,0
40722,0
71177,1
23815,0
22753,0
14886,1
42589,0
5162,1
100997,0
75793,1
17037,0
110309,0
59860,1
55612,1
67062,1
10735,1
52739,1
34812,0
2558,0
76259,1
38860,0
71359,1
97150,0
109767,0
70452,1
39869,0
109264,0
39725,0
94526,0
76219,1
10606,1
62432,1
81860,1
27575,0
72254,1
32489,0
44465,1
97485,0
3264,1
43834,0
89349,0
77104,0
27285,0
39857,0
8585,1
97131,0
99242,0
63007,1
108759,0
105340,0
91964,0
103869,0
4608,1
32348,0
5901,1
51700,1
47040,1
42957,1
16878,0
26797,0
16577,0
81082,0
93212,0
30488,0
98577,0
75525,1
5146,1
60900,1
104079,0
77880,0
101776,0
24681,0
10376,1
57151,1
39923,0
56210,1
66990,1
59239,1
42755,0
67374,1
77872,1
4227,1
30964,0
58392,1
60821,1
14556,0
23285,0
114079,0
6345,1
35677,0
63071,1
101072,0
44322,1
106755,0
53264,1
78787,1
57869,1
2908,0
26722,0
14287,0
44648,0
81796,1
42195,1
26378,0
90381,0
46855,1
119379,0
45652,0
74834,1
105174,0
84767,0
100994,0
56135,1
49101,1
4917,0
11403,1
119245,0
29314,0
113383,0
67847,1
27695,0
96474,0
52797,1
26569,0
29426,0
99735,0
19109,0
84790,0
5520,0
92693,0
109085,0
70495,1
99492,0
9626,1
44669,0
37520,0
9198,1
114051,0
5018,1
56178,1
57311,1
38420,0
12538,1
38359,0
49069,1
57169,1
48770,1
84883,0
102851,0
95096,0
105857,0
103546,0
2228,1
109420,0
15655,1
110416,0
75906,1
116130,0
117451,0
19179,0
108830,0
38135,0
65564,1
39481,0
95920,0
60865,1
57897,1
76614,0
107923,0
103943,0
46451,1
59175,1
63062,1
80818,1
104844,0
49104,1
92512,0
29514,0
8155,0
14715,1
98644,0
62005,1
56668,1
53488,1
76463,1
69545,1
14461,0
114735,0
42506,0
70943,1
104014,0
96200,0
105522,0
93430,0
71115,1
58198,1
32412,0
62799,1
116793,0
23622,0
33407,0
76434,1
117123,0
74701,0
53447,1
41966,0
74540,1
10242,1
69101,1
109356,0
51556,1
41505,1
95935,0
111405,0
84407,0
82407,0
90772,0
77097,0
47882,0
58308,1
57442,0
47381,0
25701,0
103467,0
47260,0
16286,0
40013,0
25465,0
101279,0
13375,1
94828,0
62855,1
11055,1
111611,0
77189,1
85632,0
87207,0
82506,0
87785,0
59351,1
5621,1
53683,1
105062,0
58178,1
94422,0
53466,1
39370,0
21597,0
10673,1
21285,0
7219,0
83365,0
86331,0
16995,0
115037,0
90406,0
84609,0
45578,0
87720,0
113481,0
113687,0
50908,1
76464,1
57631,1
9090,1
39730,0
93477,0
67677,1
78844,1
20941,0
118032,0
313,0
95779,0
79068,1
28027,0
9540,1
69155,1
103628,0
91410,0
30450,0
98731,0
47283,1
83029,0
30074,0
37265,0
105528,0
73934,1
86196,0
77141,0
110234,0
77689,1
90576,0
37320,0
91780,0
8849,1
44871,0
58903,1
13611,1
22500,0
23801,0
18675,0
92862,0
43729,0
29380,0
92345,0
105369,0
73645,1
56626,1
16970,0
73844,1
49841,1
22124,0
47966,1
112142,0
55759,1
77395,0
9268,1
88519,0
110511,0
111057,0
20158,0
34070,0
18107,0
5456,1
93016,0
71552,1
33007,0
47432,0
15956,0
72332,1
34182,0
86544,0
118084,0
8693,0
31717,0
97075,0
6675,1
105938,0
2795,1
104951,0
78402,0
99146,0
81571,1
34788,0
39975,0
32653,0
62702,1
58713,1
22042,0
13621,1
23266,0
111605,0
45442,0
90537,0
74380,1
58941,1
12200,1
5412,1
103444,0
80829,0
91493,0
47011,1
59568,1
108303,0
62904,1
36119,0
24524,0
68947,1
95767,0
35959,0
115242,0
89084,0
68636,1
16618,0
30817,0
32197,0
42564,0
51016,1
41998,0
109197,0
18562,0
5459,1
99856,0
58253,1
32911,0
53155,1
12517,1
93389,0
70852,1
6896,1
101740,0
82153,1
112393,0
115608,0
89673,0
59430,1
57841,1
116105,0
3729,0
48469,1
89215,0
4811,1
66002,1
42217,0
18781,0
93575,0
65874,1
1669,0
41931,0
116814,0
11315,1
70180,1
25155,0
35539,0
118848,0
55270,1
75431,1
36940,0
78858,0
118493,0
68976,1
78108,0
110841,0
41906,0
27920,0
75304,1
60683,1
111548,0
84238,0
7552,1
88126,0
115158,0
70880,1
71029,1
64102,1
34893,0
107467,0
94340,0
44934,1
91629,0
10929,1
23252,0
15653,0
45921,1
60136,1
60299,1
6720,1
104521,0
95661,0
10885,1
21421,0
52550,1
66105,1
5073,0
67251,1
26777,0
87538,0
88161,0
65493,1
61693,1
104439,0
63736,1
11935,1
79756,0
76412,0
17500,0
13092,1
32346,0
78163,0
113718,0
59050,1
28853,0
52823,1
43220,0
29044,0
72428,1
109246,0
48775,1
88101,0
90696,0
37170,0
82101,0
24703,0
13742,1
57738,1
46852,0
51249,1
113590,0
114580,0
98278,0
10234,1
95447,0
43114,0
119111,0
27801,0
71477,1
87186,0
101157,0
106609,0
57134,1
111740,0
3520,1
52191,1
56762,1
109036,0
98665,0
106565,0
33066,0
83000,0
16032,0
59245,0
105312,0
97961,0
106278,0
63675,1
69030,1
26392,0
59911,1
60229,1
91886,0
114554,0
86204,0
111136,0
35920,0
6488,0
29964,0
58853,1
92355,0
91159,0
73221,1
8555,0
109321,0
27359,0
8912,1
93925,0
113473,0
57449,1
113020,0
28238,0
105470,0
71641,1
118393,0
71247,1
42486,0
82792,1
25549,0
34138,0
38831,0
84624,0
52194,1
17081,0
118700,0
40618,1
30579,0
65014,1
116427,0
15790,0
16473,0
96177,0
5343,1
48405,1
101009,0
77188,0
73201,1
32389,0
80145,0
69264,1
20573,0
56564,1
82709,1
3473,0
38988,0
38575,0
72768,1
41620,0
57756,1
119053,0
42346,0
35171,0
100658,0
41282,0
58776,1
7347,1
98626,0
107003,0
92781,0
75027,1
2624,0
57518,1
42959,1
82883,1
6950,1
17488,0
74469,1
51027,1
54486,1
85762,0
117217,0
25212,0
60997,1
46531,0
46626,1
80029,1
39621,0
93537,0
109355,0
46031,0
69081,1
114333,0
94897,0
9332,1
64705,1
81806,1
102675,0
107325,0
4379,1
28195,0
91677,0
56627,1
94686,0
31826,0
23625,0
27635,0
23820,0
45259,0
92979,0
53870,1
76582,1
82126,1
102141,0
72568,1
14606,0
33672,0
33046,0
67323,1
62469,1
1537,0
11421,1
35424,0
88104,0
10290,1
21106,0
5213,0
81381,0
98525,0
73548,1
26446,0
91288,0
96821,0
20242,0
29647,0
19948,0
90961,0
31739,0
22805,0
56212,1
42232,0
98926,0
93296,0
91351,0
89865,0
4967,1
82992,0
37285,0
28821,0
92248,0
111889,0
103873,0
15724,1
5651,1
12628,1
52743,1
35376,0
58054,1
103308,0
7833,1
5148,1
87652,0
26100,0
62235,1
33833,0
119024,0
31627,0
76476,1
64578,1
89596,0
64009,1
35953,0
1324,1
24116,0
99422,0
69375,1
92367,0
110667,0
118373,0
10795,1
51031,0
107144,0
3824,1
5440,1
39550,0
20821,0
14658,0
42997,1
91692,1
64319,1
26900,0
16052,0
100557,0
43341,1
34261,0
87912,0
61108,1
57377,1
101402,0
48355,1
67337,1
45021,1
69974,1
31404,0
25167,0
29875,0
36455,0
60769,1
99481,0
22823,0
87092,0
7104,1
60208,1
13211,1
85186,0
60781,1
6902,1
80633,1
69542,1
112641,0
56344,1
56377,1
96191,0
49569,1
32741,0
104494,0
157,0
3392,1
51427,0
8032,1
92488,0
95125,0
93267,0
92398,0
103591,0
108488,0
42355,1
102407,0
108556,0
57197,1
84352,0
101120,0
79012,0
9606,1
36184,0
54838,1
10460,1
83039,0
24848,0
67561,1
112808,0
9251,1
113058,0
74849,1
76070,1
89171,0
101190,0
36342,0
49638,1
102965,0
15467,0
21496,0
68000,1
48973,0
93718,0
25668,0
11683,1
7363,1
68036,1
70949,1
59669,1
81416,0
108090,0
72917,1
54587,1
99477,0
3567,0
76658,1
100671,0
21479,0
4533,0
115665,0
77844,0
5417,1
73130,1
3769,1
81091,0
77111,0
92302,0
49203,1
85872,0
903,0
108111,0
41735,1
76730,0
114804,0
103174,0
61579,1
7927,0
46280,0
35224,0
25722,0
21047,0
50376,1
26317,0
74697,0
20019,0
37041,0
78845,0
78903,0
83850,0
66803,1
115612,0
6263,1
48460,1
450,1
46630,1
35257,0
60465,1
85773,0
37280,0
33774,0
96317,0
61121,1
21444,0
3494,1
45781,1
111770,0
84304,0
57056,1
52395,1
102766,0
63262,1
36857,0
38257,0
29126,0
16685,0
54641,1
66579,1
113425,0
320,1
25439,0
47192,1
3577,0
119118,0
98830,0
43176,1
98093,0
104039,0
106964,0
101060,0
70146,1
19618,0
73638,1
77273,0
62239,1
16584,0
35124,0
53272,1
21598,0
65392,1
55253,1
46442,0
85354,0
60009,1
100120,0
36497,0
57974,1
58193,1
41960,0
48882,1
57832,1
117724,0
116789,0
35982,0
105244,0
69730,1
104038,0
98281,0
86599,0
4268,1
15195,1
1016,0
115092,0
70179,1
34685,0
102482,0
20367,0
116818,0
27177,0
57032,1
29080,0
68624,1
74707,0
57249,1
49299,0
39651,0
109666,0
94413,0
10838,1
17463,0
9708,1
24160,0
29815,0
117938,0
4364,1
55956,1
32249,0
108735,0
12496,1
60427,1
54279,1
42327,0
40198,1
59854,1
1615,1
11704,1
21508,0
103539,0
72867,1
106960,0
37433,0
71622,1
31048,0
52149,1
51754,1
96837,0
50424,0
88775,0
110861,0
67390,1
4136,1
38115,0
30106,0
51250,1
105939,0
55532,1
118771,0
65474,1
15836,0
4596,0
64843,1
18570,0
114441,0
115173,0
38064,0
105169,0
72161,1
60433,1
64140,1
74912,1
93620,0
40612,0
46299,0
21089,0
14345,1
76935,1
106820,0
107806,0
103002,0
90729,0
14678,0
61888,1
29447,0
30079,0
83861,0
42128,0
47052,1
18213,0
77551,0
15150,1
40915,0
3139,0
78267,1
10326,1
91913,0
73777,1
46158,0
9000,1
10591,1
8464,1
12331,1
94791,0
49363,1
76903,1
106349,0
115701,0
103331,0
52828,1
52117,1
101130,0
86630,0
105548,0
75298,1
11269,1
11985,1
48186,1
21344,0
27771,0
14407,0
67274,1
42838,0
114428,0
62731,1
30804,0
110662,0
86406,0
113603,0
86111,0
102703,0
38348,0
63441,1
16730,0
59657,1
91818,0
108586,0
19537,0
49944,1
6789,1
10907,1
92067,0
54125,1
94210,0
24347,0
40500,0
98250,0
89962,0
98540,0
39887,0
88376,0
23507,0
112816,0
64207,1
115508,0
81770,1
35291,0
69702,1
38814,0
28217,0
114465,0
61852,1
102860,0
63852,1
65479,1
82749,1
14826,1
28510,0
1136,0
21998,0
102768,0
64309,1
86398,0
42966,0
26536,0
85605,0
5244,1
28300,0
101367,0
45196,0
58670,1
82938,1
116819,0
35532,0
57791,1
99161,0
45281,0
30014,0
20523,0
91319,0
91115,0
28549,0
52227,1
5693,1
79088,0
54794,1
118165,0
85225,0
52428,1
81575,1
108311,0
45840,0
30063,0
18913,0
25496,0
16429,0
111576,0
25959,0
79224,1
49881,1
111810,0
28716,0
10848,1
108411,0
82973,0
14783,1
47602,1
101561,0
112452,0
80124,1
10268,1
24505,0
108375,0
112205,0
82790,1
79051,0
116246,0
90882,0
66338,1
57275,1
77303,0
104694,0
83019,0
116676,0
4067,1
114928,0
119210,0
61962,1
44932,1
92331,0
53476,1
95188,0
102663,0
18436,0
64883,1
56037,1
25345,0
29578,0
73562,1
15861,0
205,1
108432,0
3147,1
65662,1
84636,0
10980,1
6407,1
113480,0
115369,0
10270,1
67106,1
51688,1
32793,0
95135,0
17144,0
34871,0
45911,0
89317,0
704,1
112613,0
3151,0
80288,1
116278,0
69910,1
81529,0
3915,1
625,1
77459,0
61806,1
71978,1
86810,0
2631,1
25138,0
74842,1
1232,0
89195,0
20978,0
100405,0
46935,1
20675,0
73969,1
18888,0
91148,0
89057,0
49454,1
51707,1
35722,0
35971,0
58465,1
75270,1
86307,0
29178,0
92734,0
12,0
51048,1
86762,0
74358,1
19654,0
6990,1
15793,0
18995,0
93275,0
15522,0
80565,0
69576,1
27702,0
106245,0
57214,1
90690,0
60762,1
51317,0
93982,0
88435,0
109185,0
119204,0
46507,0
79779,0
52443,1
92388,0
8989,1
83551,0
87767,0
47506,1
10619,1
97794,0
16689,0
114912,0
51743,1
21135,0
74268,1
18851,0
85003,0
10707,1
5063,0
17076,0
18362,1
4107,1
221,1
44543,0
61235,1
117478,0
32668,0
63022,1
53304,1
100240,0
8452,0
77666,0
38232,0
15755,1
41715,1
57781,1
18306,0
99171,0
97469,0
24817,0
46867,0
31144,0
98469,0
96478,0
49554,1
62086,1
5809,0
21279,0
20169,0
20263,0
116120,0
20743,0
32433,0
45404,0
61931,1
61238,1
101850,0
26494,0
68812,1
32910,0
45914,0
73315,1
69501,1
32611,0
59199,1
98307,0
95873,0
109819,0
20269,0
45894,0
778,0
76973,1
2530,0
54160,1
88924,0
77664,0
22427,0
12058,1
1058,1
112037,0
659,1
64017,1
62661,1
19602,0
79279,0
44684,0
91854,0
69377,1
118187,0
53866,1
103668,0
112911,0
10002,1
54938,1
71318,1
46227,0
10954,1
5757,1
71421,1
46960,0
89968,0
27692,0
69689,1
99358,0
65971,1
104866,0
44217,0
33194,0
17981,1
57611,1
103298,0
67819,1
34798,0
48734,1
65255,1
50087,1
30885,0
82852,1
10982,1
2115,1
2218,0
82122,1
53473,1
88,0
78419,1
61925,1
741,0
32983,0
74954,1
108505,0
49939,1
18853,1
24332,0
20343,0
41867,0
85851,0
20339,0
56006,1
11320,1
110985,0
82446,0
105943,0
31027,0
52061,1
23037,0
23996,0
88792,0
68549,1
19068,0
54190,1
85729,0
33365,0
110811,0
79621,0
4201,1
102032,0
2263,0
40888,0
5353,1
31693,0
14302,0
61967,1
73542,1
30947,0
82163,1
74295,1
1996,1
24548,0
44438,1
39951,0
86189,0
18355,1
351,0
12235,1
66269,1
54290,1
116496,0
17773,0
77076,0
68573,1
26295,0
78206,0
6334,0
83733,0
112840,0
74005,1
35738,0
41146,0
36208,0
22820,0
7249,1
19431,0
109792,0
112341,0
50399,0
70064,1
9033,1
41527,1
98284,0
35772,0
26017,0
45185,0
65558,1
48827,1
16873,0
9419,1
2595,0
34173,0
29546,0
118680,0
60786,1
101344,0
42370,1
64287,1
48052,0
10651,1
10209,1
116224,0
33265,0
107311,0
83970,0
110290,0
47879,1
100729,0
78734,0
34038,0
79987,0
19284,1
15461,0
56105,1
47453,1
4882,0
62957,1
13980,0
38247,0
42255,0
114295,0
110728,0
99446,0
26087,0
18947,0
87566,0
111760,0
67334,1
44828,0
82789,1
2482,0
22632,0
17080,0
69905,1
75957,1
8502,1
77690,1
26185,0
60382,1
103886,0
30558,0
116077,0
117364,0
8556,0
91289,0
55166,1
58690,1
17038,0
36453,0
85277,0
8096,1
110332,0
30616,0
12880,1
104519,0
5233,0
13552,1
5469,1
68483,1
24762,0
118104,0
85788,0
58186,1
56038,1
70292,1
103397,0
117031,0
52891,1
79590,0
59543,1
100307,0
98008,0
40126,1
43370,1
66675,1
101551,0
19116,0
47544,1
16853,0
107239,0
30252,0
33328,0
37257,0
95790,0
76299,0
100136,0
117798,0
14210,0
4038,1
79110,0
2892,0
80975,0
105103,0
33124,0
12009,1
109908,0
91434,0
110632,0
89284,0
104390,0
81832,1
110614,0
105307,0
62245,1
47350,1
102462,0
26671,0
57779,1
9746,1
4057,1
48762,1
111132,0
55903,1
22554,0
24390,0
21381,0
6942,1
68209,1
84620,0
63582,1
118540,0
16350,0
84617,0
22917,0
47689,1
33589,0
110181,0
16435,0
61610,1
89421,0
87004,0
48266,1
89538,0
30498,0
59975,1
80880,0
69326,1
102332,0
89993,0
109474,0
58811,1
112564,0
369,1
6164,1
68980,1
48443,1
71717,1
51182,1
77302,0
119351,0
34079,0
61309,1
108241,0
92998,0
42010,0
61783,1
97507,0
86923,0
6061,1
68984,1
105813,0
73110,1
96531,0
38668,0
25204,0
72389,1
17763,0
68932,1
45269,0
18109,0
1542,0
115480,0
28060,0
9733,1
13972,0
15067,0
22870,0
109607,0
42129,0
103583,0
45586,0
51021,1
14127,0
94418,0
97879,0
6666,1
72710,1
74301,1
113580,0
116468,0
89730,0
61522,1
25714,0
33090,0
116097,0
105744,0
27617,0
63886,1
113252,0
78535,0
23379,0
62817,1
42652,0
36358,0
105496,0
44675,0
63255,1
116539,0
16882,0
23717,0
94798,0
60441,1
62479,1
24507,0
82618,0
113840,0
63098,1
65932,1
43234,0
88066,0
71294,1
111130,0
20311,0
52216,1
578,0
22162,0
53322,0
84876,0
42852,1
28988,0
16082,0
11206,1
34374,0
113593,0
87941,0
104902,0
86622,0
79683,0
113641,0
64684,1
98985,0
45651,0
65008,1
15750,0
31548,0
106416,0
30668,0
11064,1
60220,1
19587,0
88250,0
39943,0
112165,0
98910,0
48761,1
79221,1
32332,0
45194,0
91089,0
36418,0
9585,1
119226,0
80925,0
24781,0
23484,0
76010,1
94586,0
82208,0
51285,1
105378,0
105326,0
37649,0
86051,0
105600,0
109461,0
76359,0
66331,1
51498,1
1340,1
11949,1
37943,0
62623,1
54278,1
71747,1
106950,0
14545,0
19909,0
73438,1
110276,0
62523,1
92240,0
67449,1
70785,1
16620,0
1442,1
98141,0
92116,0
91220,1
30972,0
5056,0
13882,0
77783,1
104680,0
79269,0
18578,0
21953,0
33848,0
69430,1
106974,0
116741,0
12700,1
72583,1
60292,1
47686,1
49337,0
16525,0
108819,0
117202,0
67482,1
161,0
114008,0
36524,0
53373,1
114456,0
75944,1
101464,0
82856,1
113437,0
28796,0
27879,0
116392,0
100672,0
70029,1
26739,0
68849,1
111785,0
47012,1
97853,0
116551,0
32838,0
117588,0
103833,0
6855,1
19715,0
110202,0
87260,0
9491,1
44875,0
64605,1
81599,0
81542,1
12540,1
86636,0
100036,0
1743,0
119241,0
73212,1
89138,0
88047,0
95285,0
21708,0
2308,0
49179,1
102627,0
78689,0
54744,1
42012,0
50227,1
56653,1
5553,1
25901,0
55519,1
2236,1
48237,1
39426,0
48252,1
67618,1
109563,0
85880,0
79535,1
65980,1
57989,1
3727,1
36781,0
72765,1
83454,0
68421,1
42098,0
102952,0
1855,0
96796,0
41196,1
74329,1
23196,0
1917,1
37991,0
55041,1
22117,0
109592,0
91461,0
27515,0
50093,1
18261,1
96312,0
100188,0
97667,0
66272,1
71516,1
55262,1
96199,0
104447,0
86537,0
28409,0
112736,0
6587,1
105556,0
45394,0
2416,0
69209,1
32794,0
98783,0
101696,0
40919,0
91737,0
14190,0
87555,0
106526,0
69176,1
29456,0
95104,0
37022,0
28836,0
110520,0
100879,0
115906,0
48578,1
84905,0
70025,1
71109,1
78472,0
4965,0
35808,0
98881,0
107386,0
56624,1
68304,1
70251,1
106606,0
41825,0
6512,1
74217,1
117507,0
24427,0
108584,0
85294,0
55285,1
35745,0
54604,1
19769,0
86948,0
72437,1
44516,1
90054,0
19092,0
28464,0
98287,0
12424,1
55115,1
102265,0
87056,0
51172,1
70815,1
116154,0
34772,0
66072,1
28428,0
46826,1
89191,0
103839,0
21461,0
22056,0
74467,1
61626,1
95691,0
41586,1
45560,0
18732,0
108388,0
50641,1
27875,0
70282,1
5121,0
7086,1
23288,0
52279,1
71780,1
53882,1
44921,1
3369,1
115698,0
41053,0
101784,0
4722,0
97315,0
84324,0
103171,0
766,0
41237,1
75022,1
